d,n0,sh0,add,rem,nt,si,se,tt,ta,ta_cov,tt_usd,ta_usd,si_usd
2019-02-08,27,665018.0,0,0,0.0,0.0,0.0,0.0,,,0.0,,0.0
2019-02-11,27,665018.0,0,0,0.0,0.0,0.0,0.0,,,0.0,,0.0
2019-02-12,27,665018.0,1,0,0.03704,0.10368,0.06714,0.10368,,,2875755.0,,2875755.0
2019-02-13,28,699450.0,0,0,0.0,0.02424,0.02424,0.02424,,,1059847.0,,1059847.0
2019-02-14,28,715023.0,0,0,0.0,0.0,0.0,0.0,,,0.0,,0.0
2019-02-15,28,715023.0,0,0,0.0,0.0,0.0,0.0,,,0.0,,0.0
2019-02-19,28,715023.0,0,0,0.0,0.04655,0.04655,0.04655,,,2062461.0,,2062461.0
2019-02-20,28,748309.0,1,0,0.03571,0.01063,0.00506,0.01063,,,896575.0,,896575.0
2019-02-21,29,748686.0,0,0,0.0,0.0,0.0,0.0,,,0.0,,0.0
2019-02-22,29,748686.0,0,0,0.0,0.0,0.0,0.0,,,0.0,,0.0
2019-02-25,29,748686.0,0,0,0.0,0.0,0.0,0.0,,,0.0,,0.0
2019-02-26,29,748686.0,0,0,0.0,0.0,0.0,0.0,,,0.0,,0.0
2019-02-27,29,748686.0,0,0,0.0,0.04448,0.04448,0.04448,,,2111295.0,,2111295.0
2019-02-28,29,781987.0,0,0,0.0,0.0,0.0,0.0,,,0.0,,0.0
2019-03-01,29,781987.0,0,0,0.0,0.0,0.0,0.0,,,0.0,,0.0
2019-03-04,29,781987.0,0,0,0.0,0.02129,0.02129,0.02129,,,1043148.0,,1043148.0
2019-03-05,29,798638.0,0,0,0.0,0.0,0.0,0.0,,,0.0,,0.0
2019-03-06,29,798638.0,0,0,0.0,0.0,0.0,0.0,,,0.0,,0.0
2019-03-07,29,798638.0,0,0,0.0,0.0,0.0,0.0,,,0.0,,0.0
2019-03-08,29,798638.0,0,0,0.0,0.0,0.0,0.0,,,0.0,,0.0
2019-03-11,29,798638.0,1,0,0.03448,0.06891,0.04205,0.06891,,,2641822.0,,2641822.0
2019-03-12,30,849738.0,0,0,0.0,0.0,0.0,0.0,,,0.0,,0.0
2019-03-13,30,849738.0,0,0,0.0,0.0,0.0,0.0,,,0.0,,0.0
2019-03-14,30,849738.0,0,0,0.0,0.0,0.0,0.0,,,0.0,,0.0
2019-03-15,30,849738.0,0,0,0.0,0.0,0.0,0.0,,,0.0,,0.0
2019-03-18,30,849738.0,0,0,0.0,0.0,0.0,0.0,,,0.0,,0.0
2019-03-19,30,849738.0,0,0,0.0,0.0,0.0,0.0,,,0.0,,0.0
2019-03-20,30,849738.0,1,0,0.03333,0.01886,0.00629,0.01886,,,535709.0,,535709.0
2019-03-21,31,855076.0,0,0,0.0,0.0,0.0,0.0,,,0.0,,0.0
2019-03-22,31,855076.0,0,0,0.0,0.0,0.0,0.0,,,0.0,,0.0
2019-03-25,31,855076.0,0,0,0.0,0.0,0.0,0.0,,,0.0,,0.0
2019-03-26,31,855076.0,0,0,0.0,0.06103,0.06103,0.06103,,,3221230.0,,3221230.0
2019-03-27,31,906629.0,0,0,0.0,0.0,0.0,0.0,,,0.0,,0.0
2019-03-28,31,906629.0,0,0,0.0,0.0,0.0,0.0,,,0.0,,0.0
2019-03-29,31,906629.0,0,0,0.0,0.0,0.0,0.0,,,0.0,,0.0
2019-04-01,31,906629.0,0,0,0.0,0.0,0.0,0.0,,,0.0,,0.0
2019-04-02,31,906629.0,0,0,0.0,0.02684,0.02684,0.02684,,,600668.0,,600668.0
2019-04-03,31,906617.0,0,0,0.0,0.00931,0.00931,0.00931,,,291312.0,,291312.0
2019-04-04,31,912111.0,0,0,0.0,0.01889,0.01889,0.01889,,,1089681.0,,1089681.0
2019-04-05,31,929338.0,0,0,0.0,0.0,0.0,0.0,,,0.0,,0.0
2019-04-08,31,929338.0,0,0,0.0,0.0,0.0,0.0,,,0.0,,0.0
2019-04-09,31,929338.0,0,0,0.0,0.01855,0.01855,0.01855,,,1100996.0,,1100996.0
2019-04-10,31,946573.0,0,0,0.0,0.00638,0.00638,0.00638,,,369693.0,,369693.0
2019-04-11,31,951218.0,0,0,0.0,0.00037,0.00037,0.00037,,,85103.0,,85103.0
2019-04-12,31,951566.0,0,0,0.0,0.0,0.0,0.0,,,0.0,,0.0
2019-04-15,31,951566.0,0,0,0.0,0.0,0.0,0.0,,,0.0,,0.0
2019-04-16,31,951566.0,0,0,0.0,0.0,0.0,0.0,,,0.0,,0.0
2019-04-17,31,951566.0,0,0,0.0,0.01818,0.01818,0.01818,,,1110433.0,,1110433.0
2019-04-18,31,968864.0,0,0,0.0,0.01785,0.01785,0.01785,,,1105414.0,,1105414.0
2019-04-22,31,986161.0,0,0,0.0,0.0,0.0,0.0,,,0.0,,0.0
2019-04-23,31,986161.0,0,0,0.0,0.0,0.0,0.0,,,0.0,,0.0
2019-04-24,31,986161.0,0,0,0.0,0.0,0.0,0.0,,,0.0,,0.0
2019-04-25,31,986161.0,0,0,0.0,0.0,0.0,0.0,,,0.0,,0.0
2019-04-26,31,986161.0,0,0,0.0,0.0,0.0,0.0,,,0.0,,0.0
2019-04-29,31,986161.0,0,0,0.0,0.0,0.0,0.0,,,0.0,,0.0
2019-04-30,31,986161.0,0,0,0.0,0.03859,0.03859,0.03859,,,1819874.0,,1819874.0
2019-05-01,31,1007282.0,0,0,0.0,0.0,0.0,0.0,,,0.0,,0.0
2019-05-02,31,1007282.0,0,0,0.0,0.0,0.0,0.0,,,0.0,,0.0
2019-05-03,31,1007282.0,0,0,0.0,0.02273,0.02273,0.02273,,,909552.0,,909552.0
2019-05-06,31,1008953.0,0,0,0.0,0.0,0.0,0.0,,,0.0,,0.0
2019-05-07,31,1008953.0,0,0,0.0,0.0,0.0,0.0,,,0.0,,0.0
2019-05-08,31,1008953.0,0,0,0.0,0.05174,0.05174,0.05174,,,3339407.0,,3339407.0
2019-05-09,31,1061157.0,0,0,0.0,0.0,0.0,0.0,,,0.0,,0.0
2019-05-10,31,1061157.0,0,0,0.0,0.0,0.0,0.0,,,0.0,,0.0
2019-05-13,31,1061157.0,0,0,0.0,0.0,0.0,0.0,,,0.0,,0.0
2019-05-14,31,1061157.0,0,0,0.0,0.03515,0.03515,0.03515,,,2235652.0,,2235652.0
2019-05-15,31,1071215.0,0,0,0.0,0.00433,0.00433,0.00433,,,582935.0,,582935.0
2019-05-16,31,1068509.0,0,0,0.0,0.00682,0.00682,0.00682,,,537740.0,,537740.0
2019-05-17,31,1074382.0,0,0,0.0,0.0,0.0,0.0,,,0.0,,0.0
2019-05-20,31,1074382.0,0,0,0.0,0.0,0.0,0.0,,,0.0,,0.0
2019-05-21,31,1074382.0,0,0,0.0,0.01573,0.01573,0.01573,,,406514.0,,406514.0
2019-05-22,31,1076423.0,0,0,0.0,0.0,0.0,0.0,,,0.0,,0.0
2019-05-23,31,1076423.0,0,0,0.0,0.03278,0.03278,0.03278,,,2114604.0,,2114604.0
2019-05-24,31,1111707.0,1,0,0.03226,0.04578,0.01726,0.04578,,,2384244.0,,2384244.0
2019-05-28,32,1159178.0,0,0,0.0,0.0,0.0,0.0,,,0.0,,0.0
2019-05-29,32,1159178.0,0,0,0.0,0.0,0.0,0.0,,,0.0,,0.0
2019-05-30,32,1159178.0,0,0,0.0,0.00672,0.00672,0.00672,,,356144.0,,356144.0
2019-05-31,32,1166059.0,0,0,0.0,0.0,0.0,0.0,,,0.0,,0.0
2019-06-03,32,1166059.0,0,0,0.0,0.0,0.0,0.0,,,0.0,,0.0
2019-06-04,32,1166059.0,0,0,0.0,0.0,0.0,0.0,,,0.0,,0.0
2019-06-05,32,1166059.0,0,0,0.0,0.01622,0.01622,0.01622,,,1337746.0,,1337746.0
2019-06-06,32,1147141.0,0,0,0.0,0.0,0.0,0.0,,,0.0,,0.0
2019-06-07,32,1147141.0,0,0,0.0,0.0,0.0,0.0,,,0.0,,0.0
2019-06-10,32,1147141.0,0,0,0.0,0.00072,0.00072,0.00072,,,374693.0,,374693.0
2019-06-11,32,1147062.0,1,0,0.03125,0.01742,0.01398,0.01742,,,2420158.0,,2420158.0
2019-06-12,33,1141613.0,0,0,0.0,0.0,0.0,0.0,,,0.0,,0.0
2019-06-13,33,1141613.0,0,0,0.0,0.0,0.0,0.0,,,0.0,,0.0
2019-06-14,33,1141613.0,0,0,0.0,0.0,0.0,0.0,,,0.0,,0.0
2019-06-17,33,1141613.0,0,0,0.0,0.0,0.0,0.0,,,0.0,,0.0
2019-06-18,33,1141613.0,0,0,0.0,0.0,0.0,0.0,,,0.0,,0.0
2019-06-19,33,1141613.0,0,0,0.0,0.0,0.0,0.0,,,0.0,,0.0
2019-06-20,33,1141613.0,0,0,0.0,0.0,0.0,0.0,,,0.0,,0.0
2019-06-21,33,1141613.0,0,0,0.0,0.0,0.0,0.0,,,0.0,,0.0
2019-06-24,33,1141613.0,0,0,0.0,0.0,0.0,0.0,,,0.0,,0.0
2019-06-25,33,1141613.0,0,0,0.0,0.0,0.0,0.0,,,0.0,,0.0
2019-06-26,33,1141613.0,0,1,0.0303,0.05026,0.03611,0.05026,,,2896889.0,,2896889.0
2019-06-27,32,1165471.0,0,0,0.0,0.00017,0.00017,0.00017,,,53471.0,,53471.0
2019-06-28,32,1165667.0,0,0,0.0,0.0,0.0,0.0,,,0.0,,0.0
2019-07-01,32,1165667.0,0,0,0.0,0.0,0.0,0.0,,,0.0,,0.0
2019-07-02,32,1165667.0,0,0,0.0,0.00841,0.00841,0.00841,,,1781309.0,,1781309.0
2019-07-03,32,1166695.0,0,0,0.0,0.0,0.0,0.0,,,0.0,,0.0
2019-07-05,32,1166695.0,0,0,0.0,0.0,0.0,0.0,,,0.0,,0.0
2019-07-08,32,1166695.0,0,0,0.0,0.0,0.0,0.0,,,0.0,,0.0
2019-07-09,32,1166695.0,0,0,0.0,0.0,0.0,0.0,,,6.0,,6.0
2019-07-10,32,1166694.0,0,0,0.0,0.01582,0.01582,0.01582,,,1147174.0,,1147174.0
2019-07-11,32,1185149.0,0,0,0.0,0.00105,0.00105,0.00105,,,99224.0,,99224.0
2019-07-12,32,1183900.0,0,0,0.0,0.0,0.0,0.0,,,0.0,,0.0
2019-07-15,32,1183900.0,0,0,0.0,0.0,0.0,0.0,,,0.0,,0.0
2019-07-16,32,1183900.0,0,0,0.0,0.0,0.0,0.0,,,0.0,,0.0
2019-07-17,32,1183900.0,0,0,0.0,0.0,0.0,0.0,,,0.0,,0.0
2019-07-18,32,1183900.0,0,0,0.0,0.0,0.0,0.0,,,0.0,,0.0
2019-07-19,32,1183900.0,0,0,0.0,0.0,0.0,0.0,,,0.0,,0.0
2019-07-22,32,1183900.0,0,0,0.0,0.0,0.0,0.0,,,0.0,,0.0
2019-07-23,32,1183900.0,0,0,0.0,0.0,0.0,0.0,,,0.0,,0.0
2019-07-24,32,1183900.0,0,0,0.0,0.00517,0.00517,0.00517,,,739347.0,,739347.0
2019-07-25,32,1185957.0,0,0,0.0,0.0,0.0,0.0,,,0.0,,0.0
2019-07-26,32,1185957.0,0,0,0.0,0.0,0.0,0.0,,,0.0,,0.0
2019-07-29,32,1185957.0,0,0,0.0,0.0,0.0,0.0,,,0.0,,0.0
2019-07-30,32,1185957.0,0,0,0.0,0.01701,0.01701,0.01701,,,1508089.0,,1508089.0
2019-07-31,32,1202778.0,0,0,0.0,0.0,0.0,0.0,,,0.0,,0.0
2019-08-01,32,1202778.0,0,0,0.0,0.0,0.0,0.0,,,0.0,,0.0
2019-08-02,32,1202778.0,0,0,0.0,0.0,0.0,0.0,,,0.0,,0.0
2019-08-05,32,1202778.0,0,0,0.0,0.00951,0.00951,0.00951,,,909453.0,,909453.0
2019-08-06,32,1205135.0,0,0,0.0,0.01917,0.01917,0.01917,,,579803.0,,579803.0
2019-08-07,32,1186874.0,0,0,0.0,0.0,0.0,0.0,,,0.0,,0.0
2019-08-08,32,1186874.0,0,0,0.0,0.0,0.0,0.0,,,0.0,,0.0
2019-08-09,32,1186874.0,0,0,0.0,0.02421,0.02421,0.02421,,,1635028.0,,1635028.0
2019-08-12,32,1211614.0,0,0,0.0,0.0,0.0,0.0,,,0.0,,0.0
2019-08-13,32,1211614.0,2,0,0.0625,0.05554,0.01298,0.05554,,,2121038.0,,2121038.0
2019-08-14,34,1247459.0,0,0,0.0,0.0,0.0,0.0,,,0.0,,0.0
2019-08-15,34,1247459.0,0,0,0.0,0.0,0.0,0.0,,,0.0,,0.0
2019-08-16,34,1247459.0,0,0,0.0,0.0,0.0,0.0,,,0.0,,0.0
2019-08-19,34,1247459.0,0,0,0.0,0.0,0.0,0.0,,,0.0,,0.0
2019-08-20,34,1247459.0,0,0,0.0,0.00385,0.00385,0.00385,,,355082.0,,355082.0
2019-08-21,34,1243859.0,0,0,0.0,0.0,0.0,0.0,,,0.0,,0.0
2019-08-22,34,1243859.0,0,0,0.0,0.0,0.0,0.0,,,0.0,,0.0
2019-08-23,34,1243859.0,0,0,0.0,0.00587,0.00587,0.00587,,,352206.0,,352206.0
2019-08-26,34,1239627.0,0,0,0.0,0.0,0.0,0.0,,,0.0,,0.0
2019-08-27,34,1239627.0,0,0,0.0,0.00217,0.00217,0.00217,,,558400.0,,558400.0
2019-08-28,34,1238744.0,0,0,0.0,0.0,0.0,0.0,,,0.0,,0.0
2019-08-29,34,1238744.0,0,0,0.0,0.01631,0.01631,0.01631,,,1308165.0,,1308165.0
2019-08-30,34,1255912.0,0,0,0.0,0.0,0.0,0.0,,,0.0,,0.0
2019-09-03,34,1255912.0,0,0,0.0,0.0,0.0,0.0,,,0.0,,0.0
2019-09-04,34,1255912.0,1,0,0.02941,0.03803,0.03475,0.03803,,,1453205.0,,1453205.0
2019-09-05,35,1216399.0,0,0,0.0,0.0,0.0,0.0,,,0.0,,0.0
2019-09-06,35,1216399.0,0,0,0.0,0.0,0.0,0.0,,,0.0,,0.0
2019-09-09,35,1216399.0,0,0,0.0,0.0,0.0,0.0,,,0.0,,0.0
2019-09-10,35,1216399.0,0,1,0.02857,0.03799,0.02227,0.03799,,,1274596.0,,1274596.0
2019-09-11,34,1202770.0,0,0,0.0,0.0,0.0,0.0,,,0.0,,0.0
2019-09-12,34,1202770.0,0,0,0.0,0.0,0.0,0.0,,,0.0,,0.0
2019-09-13,34,1202770.0,0,0,0.0,0.0,0.0,0.0,,,0.0,,0.0
2019-09-16,34,1202770.0,0,0,0.0,0.0,0.0,0.0,,,0.0,,0.0
2019-09-17,34,1202770.0,0,0,0.0,0.0,0.0,0.0,,,0.0,,0.0
2019-09-18,34,1202770.0,0,0,0.0,0.0,0.0,0.0,,,0.0,,0.0
2019-09-19,34,1202770.0,0,0,0.0,0.0,0.0,0.0,,,0.0,,0.0
2019-09-20,34,1202770.0,0,0,0.0,0.0,0.0,0.0,,,0.0,,0.0
2019-09-23,34,1202770.0,0,0,0.0,0.0,0.0,0.0,,,0.0,,0.0
2019-09-24,34,1202770.0,0,0,0.0,0.008,0.008,0.008,,,1070796.0,,1070796.0
2019-09-25,34,1211783.0,0,0,0.0,0.0,0.0,0.0,,,0.0,,0.0
2019-09-26,34,1211783.0,0,0,0.0,0.0,0.0,0.0,,,0.0,,0.0
2019-09-27,34,1211783.0,0,0,0.0,0.0,0.0,0.0,,,0.0,,0.0
2019-09-30,34,1211783.0,0,0,0.0,0.0,0.0,0.0,,,0.0,,0.0
2019-10-01,34,1211783.0,1,0,0.02941,0.03373,0.02889,0.03373,,,2261452.0,,2261452.0
2019-10-02,35,1211623.0,0,0,0.0,0.02046,0.02046,0.02046,,,1636553.0,,1636553.0
2019-10-03,35,1227465.0,0,0,0.0,0.0,0.0,0.0,,,0.0,,0.0
2019-10-04,35,1227465.0,0,0,0.0,0.0,0.0,0.0,,,0.0,,0.0
2019-10-07,35,1227465.0,0,0,0.0,0.01492,0.01492,0.01492,,,1069426.0,,1069426.0
2019-10-08,35,1209145.0,0,0,0.0,0.0,0.0,0.0,,,0.0,,0.0
2019-10-09,35,1209145.0,0,0,0.0,0.0,0.0,0.0,,,0.0,,0.0
2019-10-10,35,1209145.0,0,0,0.0,0.0,0.0,0.0,,,0.0,,0.0
2019-10-11,35,1209145.0,0,0,0.0,0.0,0.0,0.0,,,0.0,,0.0
2019-10-14,35,1209145.0,0,0,0.0,0.0,0.0,0.0,,,0.0,,0.0
2019-10-15,35,1209145.0,0,0,0.0,0.06341,0.06341,0.06341,,,1942158.0,,1942158.0
2019-10-16,35,1198427.0,0,0,0.0,0.00043,0.00043,0.00043,,,150963.0,,150963.0
2019-10-17,35,1197918.0,0,0,0.0,0.0,0.0,0.0,,,0.0,,0.0
2019-10-18,35,1197918.0,0,0,0.0,0.0,0.0,0.0,,,0.0,,0.0
2019-10-21,35,1197918.0,0,0,0.0,0.0,0.0,0.0,,,0.0,,0.0
2019-10-22,35,1197918.0,0,0,0.0,0.0,0.0,0.0,,,0.0,,0.0
2019-10-23,35,1197918.0,0,0,0.0,0.00401,0.00401,0.00401,,,286283.0,,286283.0
2019-10-24,35,1198005.0,0,0,0.0,0.0,0.0,0.0,,,0.0,,0.0
2019-10-25,35,1198005.0,0,0,0.0,0.0,0.0,0.0,,,0.0,,0.0
2019-10-28,35,1198005.0,0,0,0.0,0.0,0.0,0.0,,,0.0,,0.0
2019-10-29,35,1198005.0,0,0,0.0,0.009,0.009,0.009,,,720524.0,,720524.0
2019-10-30,35,1191379.0,0,0,0.0,0.0,0.0,0.0,,,0.0,,0.0
2019-10-31,35,1191379.0,0,0,0.0,0.0,0.0,0.0,,,0.0,,0.0
2019-11-01,35,1191379.0,0,0,0.0,0.0,0.0,0.0,,,0.0,,0.0
2019-11-04,35,1191379.0,0,1,0.02857,0.03413,0.01901,0.03413,,,1621236.0,,1621236.0
2019-11-05,34,1193156.0,0,0,0.0,0.00397,0.00397,0.00397,,,375395.0,,375395.0
2019-11-06,34,1189183.0,0,0,0.0,0.0,0.0,0.0,,,0.0,,0.0
2019-11-07,34,1189183.0,0,0,0.0,0.0,0.0,0.0,,,0.0,,0.0
2019-11-08,34,1189183.0,0,0,0.0,0.0,0.0,0.0,,,0.0,,0.0
2019-11-11,34,1189183.0,0,0,0.0,0.0,0.0,0.0,,,0.0,,0.0
2019-11-12,34,1189183.0,0,0,0.0,0.01052,0.01052,0.01052,,,936820.0,,936820.0
2019-11-13,34,1177430.0,0,0,0.0,0.00533,0.00533,0.00533,,,1799520.0,,1799520.0
2019-11-14,34,1183707.0,0,0,0.0,0.0,0.0,0.0,,,0.0,,0.0
2019-11-15,34,1183707.0,0,0,0.0,0.0,0.0,0.0,,,0.0,,0.0
2019-11-18,34,1183707.0,0,0,0.0,0.0,0.0,0.0,,,0.0,,0.0
2019-11-19,34,1183707.0,0,0,0.0,0.0,0.0,0.0,,,0.0,,0.0
2019-11-20,34,1183707.0,0,0,0.0,0.0,0.0,0.0,,,0.0,,0.0
2019-11-21,34,1183707.0,1,0,0.02941,0.00275,0.00014,0.00275,,,97079.0,,97079.0
2019-11-22,35,1186642.0,0,0,0.0,0.02154,0.02154,0.02154,,,1286932.0,,1286932.0
2019-11-25,35,1212205.0,0,0,0.0,0.00137,0.00137,0.00137,,,25573.0,,25573.0
2019-11-26,35,1213871.0,0,0,0.0,0.0,0.0,0.0,,,0.0,,0.0
2019-11-27,35,1213871.0,0,0,0.0,0.0,0.0,0.0,,,0.0,,0.0
2019-11-29,35,1213871.0,0,0,0.0,0.0,0.0,0.0,,,0.0,,0.0
2019-12-02,35,1213871.0,0,0,0.0,0.03755,0.03755,0.03755,,,2386174.0,,2386174.0
2019-12-03,35,1257885.0,0,0,0.0,0.00438,0.00438,0.00438,,,474856.0,,474856.0
2019-12-04,35,1259396.0,0,0,0.0,0.0,0.0,0.0,,,0.0,,0.0
2019-12-05,35,1259396.0,0,0,0.0,0.01491,0.01491,0.01491,,,1173751.0,,1173751.0
2019-12-06,35,1278171.0,0,0,0.0,0.0,0.0,0.0,,,0.0,,0.0
2019-12-09,35,1278171.0,0,0,0.0,0.0,0.0,0.0,,,0.0,,0.0
2019-12-10,35,1278171.0,0,0,0.0,0.00329,0.00329,0.00329,,,350134.0,,350134.0
2019-12-11,35,1278725.0,0,0,0.0,0.00235,0.00235,0.00235,,,321997.0,,321997.0
2019-12-12,35,1280563.0,0,0,0.0,0.01141,0.01141,0.01141,,,2672058.0,,2672058.0
2019-12-13,35,1289211.0,0,0,0.0,0.0,0.0,0.0,,,0.0,,0.0
2019-12-16,35,1289211.0,0,0,0.0,0.0,0.0,0.0,,,0.0,,0.0
2019-12-17,35,1289211.0,0,0,0.0,0.0,0.0,0.0,,,0.0,,0.0
2019-12-18,35,1289211.0,0,0,0.0,0.0,0.0,0.0,,,0.0,,0.0
2019-12-19,35,1289211.0,0,0,0.0,0.0,0.0,0.0,,,0.0,,0.0
2019-12-20,35,1289211.0,0,0,0.0,0.0,0.0,0.0,,,0.0,,0.0
2019-12-23,35,1289211.0,0,0,0.0,0.0,0.0,0.0,,,0.0,,0.0
2019-12-24,35,1289211.0,0,0,0.0,0.02413,0.02413,0.02413,,,1798099.0,,1798099.0
2019-12-26,35,1268848.0,0,0,0.0,0.01212,0.01212,0.01212,,,885950.0,,885950.0
2019-12-27,35,1253468.0,0,0,0.0,0.02144,0.02144,0.02144,,,1593253.0,,1593253.0
2019-12-30,35,1260900.0,0,0,0.0,0.00111,0.00111,0.00111,,,307757.0,,307757.0
2019-12-31,35,1262296.0,0,0,0.0,0.00588,0.00588,0.00588,,,501841.0,,501841.0
2020-01-02,35,1262841.0,0,0,0.0,0.0,0.0,0.0,,,0.0,,0.0
2020-01-03,35,1262841.0,0,0,0.0,0.0,0.0,0.0,,,0.0,,0.0
2020-01-06,35,1262841.0,0,0,0.0,0.01445,0.01445,0.01445,,,1211705.0,,1211705.0
2020-01-07,35,1281090.0,0,0,0.0,0.0,0.0,0.0,,,0.0,,0.0
2020-01-08,35,1281090.0,0,0,0.0,0.0,0.0,0.0,,,0.0,,0.0
2020-01-09,35,1281090.0,0,0,0.0,0.01424,0.01424,0.01424,,,1245221.0,,1245221.0
2020-01-10,35,1299337.0,0,0,0.0,0.0,0.0,0.0,,,0.0,,0.0
2020-01-13,35,1299337.0,0,0,0.0,0.0,0.0,0.0,,,0.0,,0.0
2020-01-14,35,1299337.0,1,1,0.05714,0.06459,0.04439,0.06459,,,3333393.0,,3333393.0
2020-01-15,35,1292488.0,0,0,0.0,0.0,0.0,0.0,,,0.0,,0.0
2020-01-16,35,1292488.0,0,0,0.0,0.00663,0.00663,0.00663,,,1816521.0,,1816521.0
2020-01-17,35,1301058.0,0,0,0.0,0.0,0.0,0.0,,,0.0,,0.0
2020-01-21,35,1301058.0,0,0,0.0,0.01405,0.01405,0.01405,,,1266887.0,,1266887.0
2020-01-22,35,1319340.0,0,0,0.0,0.01386,0.01386,0.01386,,,1271853.0,,1271853.0
2020-01-23,35,1337623.0,0,0,0.0,0.01284,0.01284,0.01284,,,1620989.0,,1620989.0
2020-01-24,35,1330998.0,0,0,0.0,0.00741,0.00741,0.00741,,,933300.0,,933300.0
2020-01-27,35,1329056.0,0,0,0.0,0.0,0.0,0.0,,,0.0,,0.0
2020-01-28,35,1329056.0,0,0,0.0,0.0,0.0,0.0,,,0.0,,0.0
2020-01-29,35,1329056.0,0,0,0.0,0.0,0.0,0.0,,,0.0,,0.0
2020-01-30,35,1329056.0,0,0,0.0,0.02214,0.02214,0.02214,,,1332313.0,,1332313.0
2020-01-31,35,1352810.0,0,0,0.0,0.01982,0.01982,0.01982,,,1592988.0,,1592988.0
2020-02-03,35,1375715.0,0,0,0.0,0.0,0.0,0.0,,,0.0,,0.0
2020-02-04,35,1375715.0,0,0,0.0,0.02822,0.02822,0.02822,,,2065115.0,,2065115.0
2020-02-05,35,1392125.0,0,0,0.0,0.01407,0.01407,0.01407,,,1306843.0,,1306843.0
2020-02-06,35,1411708.0,0,0,0.0,0.00146,0.00146,0.00146,,,33221.0,,33221.0
2020-02-07,35,1413765.0,0,0,0.0,0.03173,0.03173,0.03173,,,4185408.0,,4185408.0
2020-02-10,35,1428939.0,0,0,0.0,0.02669,0.02669,0.02669,,,2622917.0,,2622917.0
2020-02-11,35,1467076.0,0,0,0.0,0.01227,0.01227,0.01227,,,956242.0,,956242.0
2020-02-12,35,1470453.0,0,0,0.0,0.00024,0.00024,0.00024,,,244937.0,,244937.0
2020-02-13,35,1470803.0,0,0,0.0,0.02598,0.02598,0.02598,,,2685494.0,,2685494.0
2020-02-14,35,1509016.0,0,0,0.0,0.01267,0.01267,0.01267,,,1348873.0,,1348873.0
2020-02-18,35,1528131.0,0,0,0.0,0.02502,0.02502,0.02502,,,2692510.0,,2692510.0
2020-02-19,35,1566362.0,0,0,0.0,0.0,0.0,0.0,,,0.0,,0.0
2020-02-20,35,1566362.0,0,0,0.0,0.0,0.0,0.0,,,0.0,,0.0
2020-02-21,35,1566362.0,0,0,0.0,0.0,0.0,0.0,,,0.0,,0.0
2020-02-24,35,1566362.0,0,0,0.0,0.0244,0.0244,0.0244,,,2583398.0,,2583398.0
2020-02-25,35,1604589.0,0,0,0.0,0.0,0.0,0.0,,,0.0,,0.0
2020-02-26,35,1604589.0,0,0,0.0,0.01493,0.01493,0.01493,,,2043005.0,,2043005.0
2020-02-27,35,1621302.0,0,0,0.0,0.0,0.0,0.0,,,0.0,,0.0
2020-02-28,35,1621302.0,0,0,0.0,0.0,0.0,0.0,,,0.0,,0.0
2020-03-02,35,1621302.0,0,0,0.0,0.01938,0.01938,0.01938,,,2135225.0,,2135225.0
2020-03-03,35,1622437.0,0,0,0.0,0.04137,0.04137,0.04137,,,3457832.0,,3457832.0
2020-03-04,35,1579258.0,0,0,0.0,0.00691,0.00691,0.00691,,,2256080.0,,2256080.0
2020-03-05,35,1590170.0,0,0,0.0,0.00148,0.00148,0.00148,,,585914.0,,585914.0
2020-03-06,35,1590870.0,0,0,0.0,0.0,0.0,0.0,,,0.0,,0.0
2020-03-09,35,1590870.0,0,0,0.0,0.00312,0.00312,0.00312,,,617067.0,,617067.0
2020-03-10,35,1589688.0,0,2,0.05714,0.03251,0.01148,0.03251,,,4564332.0,,4564332.0
2020-03-11,33,1573719.0,0,0,0.0,0.02381,0.02381,0.02381,,,2183989.0,,2183989.0
2020-03-12,33,1611185.0,0,0,0.0,0.0,0.0,0.0,,,0.0,,0.0
2020-03-13,33,1611185.0,0,0,0.0,0.0,0.0,0.0,,,0.0,,0.0
2020-03-16,33,1611185.0,0,0,0.0,0.0,0.0,0.0,,,0.0,,0.0
2020-03-17,33,1611185.0,0,1,0.0303,0.10719,0.05055,0.10719,,,3721422.0,,3721422.0
2020-03-18,32,1566863.0,0,0,0.0,0.0,0.0,0.0,,,0.0,,0.0
2020-03-19,32,1566863.0,0,0,0.0,0.0,0.0,0.0,,,0.0,,0.0
2020-03-20,32,1566863.0,0,0,0.0,0.0,0.0,0.0,,,0.0,,0.0
2020-03-23,32,1566863.0,0,0,0.0,0.0,0.0,0.0,,,0.0,,0.0
2020-03-24,32,1566863.0,0,0,0.0,0.02367,0.02367,0.02367,,,2261728.0,,2261728.0
2020-03-25,32,1586158.0,0,0,0.0,0.0,0.0,0.0,,,0.0,,0.0
2020-03-26,32,1586158.0,0,0,0.0,0.0,0.0,0.0,,,0.0,,0.0
2020-03-27,32,1586158.0,0,0,0.0,0.0,0.0,0.0,,,0.0,,0.0
2020-03-30,32,1586158.0,0,0,0.0,0.0,0.0,0.0,,,0.0,,0.0
2020-03-31,32,1586158.0,0,0,0.0,0.01472,0.01472,0.01472,,,452393.0,,452393.0
2020-04-01,32,1592663.0,0,0,0.0,0.0,0.0,0.0,,,0.0,,0.0
2020-04-02,32,1592663.0,0,0,0.0,0.0,0.0,0.0,,,0.0,,0.0
2020-04-03,32,1592663.0,0,0,0.0,0.0,0.0,0.0,,,0.0,,0.0
2020-04-06,32,1592663.0,0,0,0.0,0.0,0.0,0.0,,,0.0,,0.0
2020-04-07,32,1592663.0,0,0,0.0,0.0,0.0,0.0,,,0.0,,0.0
2020-04-08,32,1592663.0,0,0,0.0,0.0,0.0,0.0,,,0.0,,0.0
2020-04-09,32,1592663.0,0,0,0.0,0.0,0.0,0.0,,,0.0,,0.0
2020-04-13,32,1592663.0,0,0,0.0,0.0,0.0,0.0,,,0.0,,0.0
2020-04-14,32,1592663.0,1,0,0.03125,0.01696,0.00496,0.01696,,,782700.0,,782700.0
2020-04-15,33,1603860.0,0,0,0.0,0.00742,0.00742,0.00742,,,173100.0,,173100.0
2020-04-16,33,1615760.0,0,0,0.0,0.0,0.0,0.0,,,0.0,,0.0
2020-04-17,33,1615760.0,0,0,0.0,0.0,0.0,0.0,,,0.0,,0.0
2020-04-20,33,1615760.0,0,0,0.0,0.0,0.0,0.0,,,0.0,,0.0
2020-04-21,33,1615760.0,0,0,0.0,0.01163,0.01163,0.01163,,,944473.0,,944473.0
2020-04-22,33,1631586.0,1,0,0.0303,0.01338,0.00442,0.01338,,,1955449.0,,1955449.0
2020-04-23,34,1639002.0,0,0,0.0,0.0,0.0,0.0,,,0.0,,0.0
2020-04-24,34,1639002.0,0,0,0.0,0.0,0.0,0.0,,,0.0,,0.0
2020-04-27,34,1639002.0,0,0,0.0,0.0,0.0,0.0,,,0.0,,0.0
2020-04-28,34,1639002.0,0,0,0.0,0.04609,0.04609,0.04609,,,2005424.0,,2005424.0
2020-04-29,34,1692572.0,0,0,0.0,0.03564,0.03564,0.03564,,,996203.0,,996203.0
2020-04-30,34,1736601.0,0,0,0.0,0.02396,0.02396,0.02396,,,2437572.0,,2437572.0
2020-05-01,34,1778204.0,0,0,0.0,0.0,0.0,0.0,,,0.0,,0.0
2020-05-04,34,1778204.0,0,0,0.0,0.00923,0.00923,0.00923,,,487168.0,,487168.0
2020-05-05,34,1793771.0,0,0,0.0,0.00652,0.00652,0.00652,,,1282921.0,,1282921.0
2020-05-06,34,1793738.0,0,0,0.0,0.0,0.0,0.0,,,0.0,,0.0
2020-05-07,34,1793738.0,0,0,0.0,0.0,0.0,0.0,,,0.0,,0.0
2020-05-08,34,1793738.0,0,0,0.0,0.02267,0.02267,0.02267,,,2619738.0,,2619738.0
2020-05-11,34,1834407.0,0,0,0.0,0.0,0.0,0.0,,,0.0,,0.0
2020-05-12,34,1834407.0,0,0,0.0,0.00944,0.00944,0.00944,,,1407126.0,,1407126.0
2020-05-13,34,1842982.0,0,0,0.0,0.07765,0.07765,0.07765,,,9004048.0,,9004048.0
2020-05-14,34,1986083.0,0,0,0.0,0.0,0.0,0.0,,,0.0,,0.0
2020-05-15,34,1986083.0,0,0,0.0,0.0,0.0,0.0,,,0.0,,0.0
2020-05-18,34,1986083.0,0,0,0.0,0.0,0.0,0.0,,,0.0,,0.0
2020-05-19,34,1986083.0,0,0,0.0,0.0,0.0,0.0,,,0.0,,0.0
2020-05-20,34,1986083.0,0,0,0.0,0.04407,0.04407,0.04407,,,5478981.0,,5478981.0
2020-05-21,34,2023089.0,0,0,0.0,0.00589,0.00589,0.00589,,,2511733.0,,2511733.0
2020-05-22,34,2021884.0,0,0,0.0,0.0,0.0,0.0,,,0.0,,0.0
2020-05-26,34,2021884.0,0,0,0.0,0.0,0.0,0.0,,,0.0,,0.0
2020-05-27,34,2021884.0,0,0,0.0,0.03979,0.03979,0.03979,,,5501825.0,,5501825.0
2020-05-28,34,2102338.0,0,0,0.0,0.02979,0.02979,0.02979,,,705443.0,,705443.0
2020-05-29,34,2158374.0,0,0,0.0,0.08557,0.08557,0.08557,,,8501782.0,,8501782.0
2020-06-01,34,2343060.0,0,0,0.0,0.00905,0.00905,0.00905,,,1425194.0,,1425194.0
2020-06-02,34,2364262.0,0,0,0.0,0.04095,0.04095,0.04095,,,5028896.0,,5028896.0
2020-06-03,34,2448711.0,0,0,0.0,0.0,0.0,0.0,,,1220.0,,1220.0
2020-06-04,34,2448706.0,0,0,0.0,0.03524,0.03524,0.03524,,,5831251.0,,5831251.0
2020-06-05,34,2534996.0,0,0,0.0,0.0,0.0,0.0,,,0.0,,0.0
2020-06-08,34,2534996.0,0,0,0.0,0.0171,0.0171,0.0171,,,2977143.0,,2977143.0
2020-06-09,34,2578334.0,0,0,0.0,0.0,0.0,0.0,,,0.0,,0.0
2020-06-10,34,2578334.0,0,0,0.0,0.02521,0.02521,0.02521,,,4527644.0,,4527644.0
2020-06-11,34,2643323.0,0,0,0.0,0.00237,0.00237,0.00237,,,786380.0,,786380.0
2020-06-12,34,2647409.0,0,0,0.0,0.0,0.0,0.0,,,0.0,,0.0
2020-06-15,34,2647409.0,0,0,0.0,0.01639,0.01639,0.01639,,,2976821.0,,2976821.0
2020-06-16,34,2690793.0,1,0,0.02941,0.03669,0.02558,0.03669,,,3403487.0,,3403487.0
2020-06-17,35,2757356.0,0,0,0.0,0.00673,0.00673,0.00673,,,649836.0,,649836.0
2020-06-18,35,2773788.0,0,0,0.0,0.0,0.0,0.0,,,0.0,,0.0
2020-06-19,35,2773788.0,0,0,0.0,0.04795,0.04795,0.04795,,,8991486.0,,8991486.0
2020-06-22,35,2906785.0,0,0,0.0,0.0317,0.0317,0.0317,,,1327034.0,,1327034.0
2020-06-23,35,2998930.0,0,0,0.0,0.00402,0.00402,0.00402,,,1859431.0,,1859431.0
2020-06-24,35,2993484.0,0,0,0.0,0.05377,0.05377,0.05377,,,10879318.0,,10879318.0
2020-06-25,35,3154436.0,0,0,0.0,0.02736,0.02736,0.02736,,,5859164.0,,5859164.0
2020-06-29,35,3217623.0,0,0,0.0,0.01494,0.01494,0.01494,,,2879467.0,,2879467.0
2020-06-30,35,3242836.0,0,0,0.0,0.0,0.0,0.0,,,0.0,,0.0
2020-07-01,35,3242836.0,0,0,0.0,0.0,0.0,0.0,,,0.0,,0.0
2020-07-02,35,3242836.0,0,0,0.0,0.0,0.0,0.0,,,0.0,,0.0
2020-07-06,35,3242836.0,0,0,0.0,0.03556,0.03556,0.03556,,,8362855.0,,8362855.0
2020-07-07,35,3358160.0,0,0,0.0,0.03828,0.03828,0.03828,,,7764415.0,,7764415.0
2020-07-08,35,3411491.0,0,0,0.0,0.06991,0.06991,0.06991,,,18434534.0,,18434534.0
2020-07-09,35,3649996.0,0,0,0.0,0.0,0.0,0.0,,,0.0,,0.0
2020-07-10,35,3649996.0,0,0,0.0,0.09641,0.09641,0.09641,,,25819853.0,,25819853.0
2020-07-13,35,4001907.0,0,0,0.0,0.01759,0.01759,0.01759,,,4999898.0,,4999898.0
2020-07-14,35,4072298.0,0,0,0.0,0.0,0.0,0.0,,,0.0,,0.0
2020-07-15,35,4072298.0,0,0,0.0,0.03864,0.03864,0.03864,,,11758070.0,,11758070.0
2020-07-16,35,4009387.0,0,0,0.0,0.0,0.0,0.0,,,0.0,,0.0
2020-07-17,35,4009387.0,0,0,0.0,0.0,0.0,0.0,,,0.0,,0.0
2020-07-20,35,4009387.0,0,0,0.0,0.0,0.0,0.0,,,0.0,,0.0
2020-07-21,35,4009387.0,0,0,0.0,0.0,0.0,0.0,,,0.0,,0.0
2020-07-22,35,4009387.0,0,0,0.0,0.03466,0.03466,0.03466,,,10399626.0,,10399626.0
2020-07-23,35,4148342.0,0,0,0.0,0.05133,0.05133,0.05133,,,13311759.0,,13311759.0
2020-07-24,35,4353538.0,0,0,0.0,0.0,0.0,0.0,,,0.0,,0.0
2020-07-27,35,4353538.0,0,0,0.0,0.0,0.0,0.0,,,0.0,,0.0
2020-07-28,35,4353538.0,0,0,0.0,0.0,0.0,0.0,,,0.0,,0.0
2020-07-29,35,4353538.0,0,0,0.0,0.0,0.0,0.0,,,0.0,,0.0
2020-07-30,35,4353538.0,0,0,0.0,0.00528,0.00528,0.00528,,,4902442.0,,4902442.0
2020-07-31,35,4355014.0,0,0,0.0,0.03251,0.03251,0.03251,,,11028244.0,,11028244.0
2020-08-03,35,4496617.0,0,0,0.0,0.00018,0.00018,0.00018,,,225017.0,,225017.0
2020-08-04,35,4495801.0,0,0,0.0,0.05041,0.05041,0.05041,,,8991370.0,,8991370.0
2020-08-05,35,4689709.0,0,0,0.0,0.05143,0.05143,0.05143,,,19083833.0,,19083833.0
2020-08-06,35,4930887.0,0,0,0.0,0.02925,0.02925,0.02925,,,11385083.0,,11385083.0
2020-08-07,35,5075104.0,0,0,0.0,0.04736,0.04736,0.04736,,,18667918.0,,18667918.0
2020-08-10,35,5315466.0,0,0,0.0,0.01483,0.01483,0.01483,,,7393732.0,,7393732.0
2020-08-11,35,5385308.0,0,0,0.0,0.01762,0.01762,0.01762,,,8128779.0,,8128779.0
2020-08-12,35,5374515.0,0,0,0.0,0.02231,0.02231,0.02231,,,9098642.0,,9098642.0
2020-08-13,35,5494441.0,0,0,0.0,0.0,0.0,0.0,,,0.0,,0.0
2020-08-14,35,5494441.0,0,0,0.0,0.00873,0.00873,0.00873,,,3668161.0,,3668161.0
2020-08-17,35,5542403.0,0,0,0.0,0.04761,0.04761,0.04761,,,20615411.0,,20615411.0
2020-08-18,35,5806272.0,0,0,0.0,0.0475,0.0475,0.0475,,,18487852.0,,18487852.0
2020-08-19,35,5944517.0,0,0,0.0,0.00127,0.00127,0.00127,,,2172462.0,,2172462.0
2020-08-20,35,5952085.0,0,0,0.0,0.03305,0.03305,0.03305,,,15288719.0,,15288719.0
2020-08-21,35,6148799.0,0,0,0.0,0.008,0.008,0.008,,,3820896.0,,3820896.0
2020-08-24,35,6197973.0,0,0,0.0,0.0238,0.0238,0.0238,,,11540065.0,,11540065.0
2020-08-25,35,6345508.0,0,0,0.0,0.0155,0.0155,0.0155,,,7765593.0,,7765593.0
2020-08-26,35,6443856.0,1,0,0.02857,0.01548,0.01043,0.01548,,,8839966.0,,8839966.0
2020-08-27,36,6505007.0,0,0,0.0,0.01971,0.01971,0.01971,,,9576232.0,,9576232.0
2020-08-28,36,6633244.0,0,0,0.0,0.02985,0.02985,0.02985,,,15947754.0,,15947754.0
2020-08-31,36,6831229.0,0,0,0.0,0.01087,0.01087,0.01087,,,5982700.0,,5982700.0
2020-09-01,36,6905467.0,0,0,0.0,0.03582,0.03582,0.03582,,,20492650.0,,20492650.0
2020-09-02,36,7152801.0,0,0,0.0,0.01367,0.01367,0.01367,,,7851231.0,,7851231.0
2020-09-03,36,7250575.0,0,0,0.0,0.02388,0.02388,0.02388,,,13686638.0,,13686638.0
2020-09-04,36,7423731.0,0,0,0.0,0.02666,0.02666,0.02666,,,15249760.0,,15249760.0
2020-09-08,36,7621649.0,0,0,0.0,0.0,0.0,0.0,,,702.0,,702.0
2020-09-09,36,7621647.0,0,0,0.0,0.01624,0.01624,0.01624,,,9350612.0,,9350612.0
2020-09-10,36,7497883.0,0,0,0.0,0.08498,0.08498,0.08498,,,29344831.0,,29344831.0
2020-09-11,36,7009851.0,0,0,0.0,0.00219,0.00219,0.00219,,,4232469.0,,4232469.0
2020-09-14,36,7025180.0,0,1,0.02778,0.0104,0.0,0.0104,,,19837308.0,,19837308.0
2020-09-15,35,6952144.0,1,0,0.02857,0.01051,0.0,0.01051,,,20301087.0,,20301087.0
2020-09-16,36,7025180.0,0,0,0.0,0.0,0.0,0.0,,,0.0,,0.0
2020-09-17,36,7025180.0,0,0,0.0,0.01007,0.01007,0.01007,,,5618521.0,,5618521.0
2020-09-18,36,7095919.0,0,0,0.0,0.0,0.0,0.0,,,0.0,,0.0
2020-09-21,36,7095919.0,0,0,0.0,0.0,0.0,0.0,,,0.0,,0.0
2020-09-22,36,7095919.0,0,0,0.0,0.02817,0.02817,0.02817,,,6529860.0,,6529860.0
2020-09-23,36,7089021.0,0,0,0.0,0.05598,0.05598,0.05598,,,30824154.0,,30824154.0
2020-09-24,36,7485897.0,0,0,0.0,0.02208,0.02208,0.02208,,,12998794.0,,12998794.0
2020-09-25,36,7651185.0,0,0,0.0,0.01233,0.01233,0.01233,,,7637755.0,,7637755.0
2020-09-28,36,7745487.0,0,0,0.0,0.0,0.0,0.0,,,0.0,,0.0
2020-09-29,36,7745487.0,0,0,0.0,0.00599,0.00599,0.00599,,,3682719.0,,3682719.0
2020-09-30,36,7791885.0,0,0,0.0,0.03035,0.03035,0.03035,,,19775754.0,,19775754.0
2020-10-01,36,8028344.0,0,0,0.0,0.0,0.0,0.0,,,0.0,,0.0
2020-10-02,36,8028344.0,0,0,0.0,0.01174,0.01174,0.01174,,,7958832.0,,7958832.0
2020-10-05,36,8122635.0,0,0,0.0,0.04353,0.04353,0.04353,,,30445924.0,,30445924.0
2020-10-06,36,8476240.0,1,0,0.02778,0.01675,0.01587,0.01675,,,18120777.0,,18120777.0
2020-10-07,37,8495987.0,0,0,0.0,0.01998,0.01998,0.01998,,,10946953.0,,10946953.0
2020-10-08,37,8656780.0,1,0,0.02703,0.02309,0.00757,0.02309,,,8565849.0,,8565849.0
2020-10-09,38,8817402.0,0,0,0.0,0.0257,0.0257,0.0257,,,19165725.0,,19165725.0
2020-10-12,38,9044039.0,0,0,0.0,0.00496,0.00496,0.00496,,,1626268.0,,1626268.0
2020-10-13,38,9073806.0,0,0,0.0,0.04046,0.04046,0.04046,,,39007017.0,,39007017.0
2020-10-14,38,9408022.0,0,0,0.0,0.03094,0.03094,0.03094,,,34598065.0,,34598065.0
2020-10-15,38,9655299.0,0,0,0.0,0.02059,0.02059,0.02059,,,21539142.0,,21539142.0
2020-10-16,38,9838675.0,0,0,0.0,0.0,0.0,0.0,,,0.0,,0.0
2020-10-19,38,9838675.0,0,0,0.0,0.0,0.0,0.0,,,0.0,,0.0
2020-10-20,38,9838675.0,0,0,0.0,0.00676,0.00676,0.00676,,,8653547.0,,8653547.0
2020-10-21,38,9823583.0,0,0,0.0,0.01614,0.01614,0.01614,,,21066091.0,,21066091.0
2020-10-22,38,9980380.0,0,0,0.0,0.01604,0.01604,0.01604,,,17961027.0,,17961027.0
2020-10-23,38,10140489.0,0,0,0.0,0.00036,0.00036,0.00036,,,1019876.0,,1019876.0
2020-10-26,38,10144105.0,0,0,0.0,0.00404,0.00404,0.00404,,,4671222.0,,4671222.0
2020-10-27,38,10185047.0,0,0,0.0,0.00765,0.00765,0.00765,,,8337065.0,,8337065.0
2020-10-28,38,10262938.0,1,0,0.02632,0.00997,0.00584,0.00997,,,11940473.0,,11940473.0
2020-10-29,39,10317747.0,0,0,0.0,0.0,0.0,0.0,,,0.0,,0.0
2020-10-30,39,10317747.0,0,0,0.0,0.01135,0.01135,0.01135,,,12002751.0,,12002751.0
2020-11-02,39,10434842.0,0,0,0.0,0.0,0.0,0.0,,,0.0,,0.0
2020-11-03,39,10434842.0,0,0,0.0,0.02431,0.02431,0.02431,,,9144943.0,,9144943.0
2020-11-04,39,10517036.0,0,0,0.0,0.02473,0.02473,0.02473,,,19569390.0,,19569390.0
2020-11-05,39,10577953.0,0,1,0.02564,0.00844,0.00844,0.00844,,,8252052.0,,8252052.0
2020-11-06,38,10620626.0,0,0,0.0,0.02329,0.02329,0.02329,,,28712108.0,,28712108.0
2020-11-09,38,10866619.0,0,0,0.0,0.03306,0.03306,0.03306,,,38365533.0,,38365533.0
2020-11-10,38,11225841.0,0,0,0.0,0.03683,0.03683,0.03683,,,42559250.0,,42559250.0
2020-11-11,38,11323856.0,0,0,0.0,0.01925,0.01925,0.01925,,,23201600.0,,23201600.0
2020-11-12,38,11541796.0,0,0,0.0,0.0,0.0,0.0,,,0.0,,0.0
2020-11-13,38,11541796.0,0,0,0.0,0.00343,0.00343,0.00343,,,4274624.0,,4274624.0
2020-11-16,38,11581429.0,0,0,0.0,0.00342,0.00342,0.00342,,,4287145.0,,4287145.0
2020-11-17,38,11621065.0,0,0,0.0,0.0097,0.0097,0.0097,,,10548850.0,,10548850.0
2020-11-18,38,11674861.0,1,0,0.02632,0.01836,0.01581,0.01836,,,28898594.0,,28898594.0
2020-11-19,39,11802974.0,0,0,0.0,0.01211,0.01211,0.01211,,,14750003.0,,14750003.0
2020-11-20,39,11944396.0,1,0,0.02564,0.02411,0.01212,0.02411,,,23824485.0,,23824485.0
2020-11-23,40,12137848.0,0,0,0.0,0.00501,0.00501,0.00501,,,6698607.0,,6698607.0
2020-11-24,40,12198668.0,0,0,0.0,0.00327,0.00327,0.00327,,,4268065.0,,4268065.0
2020-11-25,40,12238580.0,0,0,0.0,0.02311,0.02311,0.02311,,,31634886.0,,31634886.0
2020-11-27,40,12521358.0,0,0,0.0,0.00322,0.00322,0.00322,,,4570820.0,,4570820.0
2020-11-30,40,12561649.0,0,0,0.0,0.0,0.0,0.0,,,0.0,,0.0
2020-12-01,40,12561649.0,0,0,0.0,0.01123,0.01123,0.01123,,,15841510.0,,15841510.0
2020-12-02,40,12702733.0,0,0,0.0,0.01301,0.01301,0.01301,,,19271140.0,,19271140.0
2020-12-03,40,12867970.0,0,0,0.0,0.0235,0.0235,0.0235,,,34257302.0,,34257302.0
2020-12-04,40,13170373.0,0,0,0.0,0.01695,0.01695,0.01695,,,18133694.0,,18133694.0
2020-12-07,40,13134049.0,0,1,0.025,0.0685,0.01507,0.0685,,,38323337.0,,38323337.0
2020-12-08,39,12608764.0,1,0,0.02564,0.06702,0.00891,0.06702,,,32288170.0,,32288170.0
2020-12-09,40,13453826.0,0,0,0.0,0.00743,0.00743,0.00743,,,11498359.0,,11498359.0
2020-12-10,40,13553749.0,0,0,0.0,0.06568,0.06568,0.06568,,,77724297.0,,77724297.0
2020-12-11,40,13554637.0,0,0,0.0,0.00129,0.00129,0.00129,,,5185762.0,,5185762.0
2020-12-14,40,13572157.0,0,0,0.0,0.0114,0.0114,0.0114,,,18832617.0,,18832617.0
2020-12-15,40,13726942.0,0,0,0.0,0.01551,0.01551,0.01551,,,26155890.0,,26155890.0
2020-12-16,40,13939916.0,0,0,0.0,0.02499,0.02499,0.02499,,,43305559.0,,43305559.0
2020-12-17,40,14288212.0,1,0,0.025,0.01741,0.01696,0.01741,,,28833707.0,,28833707.0
2020-12-18,41,14330598.0,0,0,0.0,0.0175,0.0175,0.0175,,,31292225.0,,31292225.0
2020-12-21,41,14581321.0,0,0,0.0,0.03669,0.03669,0.03669,,,67101619.0,,67101619.0
2020-12-22,41,15116369.0,0,0,0.0,0.02171,0.02171,0.02171,,,38938669.0,,38938669.0
2020-12-23,41,15124251.0,0,0,0.0,0.05947,0.05947,0.05947,,,100513764.0,,100513764.0
2020-12-24,41,15567083.0,0,0,0.0,0.05648,0.05648,0.05648,,,85618307.0,,85618307.0
2020-12-28,41,15724434.0,0,1,0.02439,0.03857,0.03856,0.03857,,,69569552.0,,69569552.0
2020-12-29,40,16018472.0,0,2,0.05,0.02774,0.02762,0.02774,,,23211633.0,,23211633.0
2020-12-30,38,15871177.0,0,0,0.0,0.04441,0.04441,0.04441,,,48665149.0,,48665149.0
2020-12-31,38,15927168.0,0,0,0.0,0.00011,0.00011,0.00011,,,119505.0,,119505.0
2021-01-04,38,15928949.0,0,0,0.0,0.00016,0.00016,0.00016,,,165750.0,,165750.0
2021-01-05,38,15931468.0,0,0,0.0,0.00661,0.00661,0.00661,,,14316976.0,,14316976.0
2021-01-06,38,16036839.0,0,0,0.0,0.02738,0.02738,0.02738,,,58646531.0,,58646531.0
2021-01-07,38,16475883.0,0,0,0.0,0.01173,0.01173,0.01173,,,26587500.0,,26587500.0
2021-01-08,38,16669074.0,0,0,0.0,0.00344,0.00344,0.00344,,,7457515.0,,7457515.0
2021-01-11,38,16716979.0,0,0,0.0,0.03053,0.03053,0.03053,,,65023493.0,,65023493.0
2021-01-12,38,17227309.0,0,0,0.0,0.02133,0.02133,0.02133,,,50623087.0,,50623087.0
2021-01-13,38,17594784.0,0,0,0.0,0.00021,0.00021,0.00021,,,1114101.0,,1114101.0
2021-01-14,38,17598544.0,0,0,0.0,0.0231,0.0231,0.0231,,,57032681.0,,57032681.0
2021-01-15,38,18005109.0,0,0,0.0,0.01297,0.01297,0.01297,,,34277453.0,,34277453.0
2021-01-19,38,18238625.0,0,0,0.0,0.01359,0.01359,0.01359,,,35281293.0,,35281293.0
2021-01-20,38,18486464.0,0,0,0.0,0.01434,0.01434,0.01434,,,17983308.0,,17983308.0
2021-01-21,38,18704875.0,0,0,0.0,0.01713,0.01713,0.01713,,,22818994.0,,22818994.0
2021-01-22,38,18981638.0,0,0,0.0,0.04759,0.04759,0.04759,,,135904868.0,,135904868.0
2021-01-25,38,19884938.0,0,0,0.0,0.00023,0.00023,0.00023,,,1636395.0,,1636395.0
2021-01-26,38,19889610.0,0,0,0.0,0.01639,0.01639,0.01639,,,53813743.0,,53813743.0
2021-01-27,38,20200169.0,0,0,0.0,0.02473,0.02473,0.02473,,,75903138.0,,75903138.0
2021-01-28,38,20699643.0,0,0,0.0,0.01145,0.01145,0.01145,,,32514390.0,,32514390.0
2021-01-29,38,20936734.0,0,0,0.0,0.00871,0.00871,0.00871,,,24794511.0,,24794511.0
2021-02-01,38,21119088.0,0,1,0.02632,0.0,0.0,0.0,,,367.0,,367.0
2021-02-02,37,21119064.0,1,0,0.02703,0.0,0.0,0.0,,,410.0,,410.0
2021-02-03,38,21119088.0,0,0,0.0,0.01912,0.01912,0.01912,,,51171516.0,,51171516.0
2021-02-04,38,21477491.0,0,0,0.0,0.02644,0.02644,0.02644,,,84005473.0,,84005473.0
2021-02-05,38,22045343.0,1,0,0.02632,0.0471,0.04261,0.0471,,,141820114.0,,141820114.0
2021-02-08,39,22388075.0,0,0,0.0,0.04322,0.04322,0.04322,,,89833286.0,,89833286.0
2021-02-09,39,23154975.0,1,0,0.02564,0.05539,0.0436,0.05539,,,171398030.0,,171398030.0
2021-02-10,40,23753596.0,0,0,0.0,0.03849,0.03849,0.03849,,,143932727.0,,143932727.0
2021-02-11,40,24618148.0,0,0,0.0,0.08033,0.08033,0.08033,,,318325909.0,,318325909.0
2021-02-12,40,26595711.0,0,0,0.0,0.03946,0.03946,0.03946,,,184102661.0,,184102661.0
2021-02-16,40,27531392.0,0,0,0.0,0.03108,0.03108,0.03108,,,140587930.0,,140587930.0
2021-02-17,40,28387140.0,0,0,0.0,0.0295,0.0295,0.0295,,,136431429.0,,136431429.0
2021-02-18,40,29224455.0,0,0,0.0,0.06235,0.06235,0.06235,,,291266197.0,,291266197.0
2021-02-19,40,31046628.0,0,0,0.0,0.01737,0.01737,0.01737,,,87037621.0,,87037621.0
2021-02-22,40,31585841.0,0,0,0.0,0.01009,0.01009,0.01009,,,59432688.0,,59432688.0
2021-02-23,40,31904670.0,0,0,0.0,0.03876,0.03876,0.03876,,,157485882.0,,157485882.0
2021-02-24,40,32659363.0,0,0,0.0,0.02162,0.02162,0.02162,,,75436545.0,,75436545.0
2021-02-25,40,33007633.0,0,0,0.0,0.02947,0.02947,0.02947,,,127561464.0,,127561464.0
2021-02-26,40,32279698.0,0,0,0.0,0.03367,0.03367,0.03367,,,126146129.0,,126146129.0
2021-03-01,40,32261498.0,0,0,0.0,0.00742,0.00742,0.00742,,,34533315.0,,34533315.0
2021-03-02,40,32259677.0,0,1,0.025,0.00928,0.00926,0.00928,,,39734354.0,,39734354.0
2021-03-03,39,32305409.0,0,0,0.0,0.00319,0.00319,0.00319,,,13831853.0,,13831853.0
2021-03-04,39,32408375.0,0,0,0.0,0.00361,0.00361,0.00361,,,15194014.0,,15194014.0
2021-03-05,39,32525392.0,0,0,0.0,0.00903,0.00903,0.00903,,,40160594.0,,40160594.0
2021-03-08,39,32366224.0,0,0,0.0,0.02872,0.02872,0.02872,,,105455462.0,,105455462.0
2021-03-09,39,31622564.0,0,0,0.0,0.04333,0.04333,0.04333,,,165388818.0,,165388818.0
2021-03-10,39,30627325.0,0,0,0.0,0.01468,0.01468,0.01468,,,55989119.0,,55989119.0
2021-03-11,39,30188192.0,0,0,0.0,0.00528,0.00528,0.00528,,,21610841.0,,21610841.0
2021-03-12,39,30347531.0,0,0,0.0,0.0202,0.0202,0.0202,,,68621808.0,,68621808.0
2021-03-15,39,30776323.0,0,0,0.0,0.0275,0.0275,0.0275,,,117307835.0,,117307835.0
2021-03-16,39,31622708.0,0,0,0.0,0.00989,0.00989,0.00989,,,43479837.0,,43479837.0
2021-03-17,39,31851172.0,0,0,0.0,0.02527,0.02527,0.02527,,,68210797.0,,68210797.0
2021-03-18,39,32246584.0,0,0,0.0,0.00203,0.00203,0.00203,,,10136802.0,,10136802.0
2021-03-19,39,32312044.0,0,0,0.0,0.00235,0.00235,0.00235,,,10250189.0,,10250189.0
2021-03-22,39,32388085.0,0,0,0.0,0.0,0.0,0.0,,,0.0,,0.0
2021-03-23,39,32388085.0,0,0,0.0,0.0,0.0,0.0,,,0.0,,0.0
2021-03-24,39,32388085.0,0,0,0.0,0.0047,0.0047,0.0047,,,19187575.0,,19187575.0
2021-03-25,39,32540165.0,0,0,0.0,0.00266,0.00266,0.00266,,,33494500.0,,33494500.0
2021-03-26,39,32611228.0,0,0,0.0,0.01893,0.01893,0.01893,,,41613074.0,,41613074.0
2021-03-29,39,32925674.0,0,0,0.0,0.006,0.006,0.006,,,28622466.0,,28622466.0
2021-03-30,39,32882876.0,0,0,0.0,0.01007,0.01007,0.01007,,,32010565.0,,32010565.0
2021-03-31,39,32907289.0,0,0,0.0,0.00614,0.00614,0.00614,,,23021352.0,,23021352.0
2021-04-01,39,32813507.0,0,0,0.0,0.01835,0.01835,0.01835,,,92305304.0,,92305304.0
2021-04-06,39,33010575.0,0,0,0.0,0.00295,0.00295,0.00295,,,12917372.0,,12917372.0
2021-04-07,39,33107930.0,0,0,0.0,0.01293,0.01293,0.01293,,,32343307.0,,32343307.0
2021-04-08,39,33183966.0,0,0,0.0,0.01872,0.01872,0.01872,,,68400515.0,,68400515.0
2021-04-09,39,33773511.0,0,0,0.0,0.00072,0.00072,0.00072,,,6556887.0,,6556887.0
2021-04-12,39,33797663.0,0,0,0.0,0.00862,0.00862,0.00862,,,39391531.0,,39391531.0
2021-04-13,39,34089142.0,0,0,0.0,0.0205,0.0205,0.0205,,,23927995.0,,23927995.0
2021-04-14,39,34657193.0,0,4,0.10256,0.00218,0.00165,0.00218,,,4575677.0,,4575677.0
2021-04-15,35,34674535.0,1,0,0.02857,0.00639,0.00381,0.00639,,,62366148.0,,62366148.0
2021-04-16,36,34632088.0,0,0,0.0,0.00418,0.00418,0.00418,,,30009653.0,,30009653.0
2021-04-19,36,34702429.0,0,0,0.0,0.00128,0.00128,0.00128,,,12655546.0,,12655546.0
2021-04-20,36,34697045.0,0,0,0.0,0.03418,0.03418,0.03418,,,67549887.0,,67549887.0
2021-04-21,36,34799011.0,0,0,0.0,0.01587,0.01587,0.01587,,,44595749.0,,44595749.0
2021-04-22,36,34708462.0,1,0,0.02778,0.01418,0.00731,0.01418,,,53196341.0,,53196341.0
2021-04-23,37,34707696.0,0,0,0.0,0.00129,0.00129,0.00129,,,5509083.0,,5509083.0
2021-04-26,37,34663005.0,0,0,0.0,0.00193,0.00193,0.00193,,,10836520.0,,10836520.0
2021-04-27,37,34596163.0,0,0,0.0,0.00082,0.00082,0.00082,,,2142769.0,,2142769.0
2021-04-28,37,34624593.0,0,0,0.0,0.01587,0.01587,0.01587,,,77781180.0,,77781180.0
2021-04-29,37,34678434.0,0,0,0.0,0.0,0.0,0.0,,,0.0,,0.0
2021-04-30,37,34678434.0,0,0,0.0,0.00376,0.00376,0.00376,,,15327308.0,,15327308.0
2021-05-03,37,34548053.0,0,0,0.0,0.0,0.0,0.0,,,0.0,,0.0
2021-05-04,37,34548053.0,0,0,0.0,0.01118,0.01118,0.01118,,,45776557.0,,45776557.0
2021-05-05,37,34418858.0,0,0,0.0,0.0051,0.0051,0.0051,,,19451069.0,,19451069.0
2021-05-06,37,34243201.0,1,0,0.02703,0.04961,0.0107,0.04961,,,120203083.0,,120203083.0
2021-05-07,38,35208999.0,0,0,0.0,0.03843,0.03843,0.03843,,,163930889.0,,163930889.0
2021-05-10,38,35009107.0,0,0,0.0,0.02565,0.02565,0.02565,,,91104832.0,,91104832.0
2021-05-11,38,34866620.0,0,0,0.0,0.01187,0.01187,0.01187,,,58873439.0,,58873439.0
2021-05-12,38,34589194.0,0,0,0.0,0.02055,0.02055,0.02055,,,86539398.0,,86539398.0
2021-05-13,38,33988052.0,0,0,0.0,0.01584,0.01584,0.01584,,,64648313.0,,64648313.0
2021-05-14,38,33536458.0,0,0,0.0,0.01996,0.01996,0.01996,,,90751619.0,,90751619.0
2021-05-17,38,33256076.0,0,0,0.0,0.01165,0.01165,0.01165,,,43137684.0,,43137684.0
2021-05-18,38,32975833.0,0,2,0.05263,0.01624,0.01622,0.01624,,,77609047.0,,77609047.0
2021-05-19,36,32693221.0,0,0,0.0,0.01003,0.01003,0.01003,,,33914933.0,,33914933.0
2021-05-20,36,32389042.0,0,0,0.0,0.00013,0.00013,0.00013,,,340240.0,,340240.0
2021-05-21,36,32393295.0,0,2,0.05556,0.00655,0.00654,0.00655,,,29354138.0,,29354138.0
2021-05-24,34,32260888.0,0,0,0.0,0.00035,0.00035,0.00035,,,2709532.0,,2709532.0
2021-05-25,34,32253459.0,0,0,0.0,0.0063,0.0063,0.0063,,,13233899.0,,13233899.0
2021-05-26,34,32319858.0,0,0,0.0,0.00746,0.00746,0.00746,,,15420670.0,,15420670.0
2021-05-27,34,32331646.0,0,1,0.02941,0.00026,0.00025,0.00026,,,1576732.0,,1576732.0
2021-05-28,33,32330556.0,0,0,0.0,0.00477,0.00477,0.00477,,,20648311.0,,20648311.0
2021-06-01,33,32434522.0,0,0,0.0,0.00227,0.00227,0.00227,,,19250924.0,,19250924.0
2021-06-02,33,32508130.0,0,0,0.0,0.00154,0.00154,0.00154,,,5810366.0,,5810366.0
2021-06-03,33,32558067.0,0,0,0.0,0.00263,0.00263,0.00263,,,6291063.0,,6291063.0
2021-06-04,33,32481971.0,1,0,0.0303,0.00253,0.0024,0.00253,,,16411445.0,,16411445.0
2021-06-07,34,32418377.0,0,0,0.0,0.00304,0.00304,0.00304,,,14070402.0,,14070402.0
2021-06-08,34,32327422.0,0,0,0.0,4e-05,4e-05,4e-05,,,117813.0,,117813.0
2021-06-09,34,32328678.0,0,0,0.0,8e-05,8e-05,8e-05,,,244118.0,,244118.0
2021-06-10,34,32331275.0,0,0,0.0,0.00989,0.00989,0.00989,,,29175816.0,,29175816.0
2021-06-11,34,32528096.0,0,0,0.0,0.0003,0.0003,0.0003,,,914085.0,,914085.0
2021-06-14,34,32537978.0,0,0,0.0,7e-05,7e-05,7e-05,,,223339.0,,223339.0
2021-06-15,34,32540324.0,0,0,0.0,0.0162,0.0162,0.0162,,,40996128.0,,40996128.0
2021-06-16,34,32694017.0,0,0,0.0,0.00453,0.00453,0.00453,,,12932923.0,,12932923.0
2021-06-17,34,32743685.0,0,0,0.0,0.00222,0.00222,0.00222,,,5359767.0,,5359767.0
2021-06-18,34,32745531.0,0,0,0.0,0.00172,0.00172,0.00172,,,4231725.0,,4231725.0
2021-06-21,34,32689108.0,0,0,0.0,0.00523,0.00523,0.00523,,,15678306.0,,15678306.0
2021-06-22,34,32814091.0,0,0,0.0,0.02691,0.02691,0.02691,,,62430784.0,,62430784.0
2021-06-23,34,32333600.0,0,0,0.0,0.00461,0.00461,0.00461,,,12789504.0,,12789504.0
2021-06-24,34,32482609.0,0,0,0.0,0.0012,0.0012,0.0012,,,10851871.0,,10851871.0
2021-06-25,34,32521557.0,0,0,0.0,0.00054,0.00054,0.00054,,,5053365.0,,5053365.0
2021-06-28,34,32539271.0,0,0,0.0,0.0,0.0,0.0,,,0.0,,0.0
2021-06-29,34,32539271.0,0,0,0.0,0.00495,0.00495,0.00495,,,40256816.0,,40256816.0
2021-06-30,34,32542930.0,0,0,0.0,0.00502,0.00502,0.00502,,,21620787.0,,21620787.0
2021-07-01,34,32706455.0,0,0,0.0,0.0,0.0,0.0,,,0.0,,0.0
2021-07-02,34,32706455.0,0,0,0.0,0.0,0.0,0.0,,,0.0,,0.0
2021-07-06,34,32706455.0,0,0,0.0,0.0,0.0,0.0,,,0.0,,0.0
2021-07-07,34,32706455.0,0,0,0.0,0.0118,0.0118,0.0118,,,45209222.0,,45209222.0
2021-07-08,34,32488649.0,0,0,0.0,0.01028,0.01028,0.01028,,,33269246.0,,33269246.0
2021-07-09,34,32713180.0,0,0,0.0,0.0,0.0,0.0,,,0.0,,0.0
2021-07-12,34,32713180.0,0,0,0.0,0.0,0.0,0.0,,,0.0,,0.0
2021-07-13,34,32713180.0,1,0,0.02941,0.00435,0.00204,0.00435,,,8542378.0,,8542378.0
2021-07-14,35,32722188.0,0,0,0.0,0.0199,0.0199,0.0199,,,30960268.0,,30960268.0
2021-07-15,35,32557498.0,0,0,0.0,0.00372,0.00372,0.00372,,,8845853.0,,8845853.0
2021-07-16,35,32591267.0,0,0,0.0,0.0,0.0,0.0,,,0.0,,0.0
2021-07-19,35,32591267.0,0,0,0.0,0.00813,0.00813,0.00813,,,30545326.0,,30545326.0
2021-07-20,35,32326262.0,0,0,0.0,0.00498,0.00498,0.00498,,,14264211.0,,14264211.0
2021-07-21,35,32211006.0,0,0,0.0,0.00978,0.00978,0.00978,,,26549687.0,,26549687.0
2021-07-22,35,32176340.0,0,0,0.0,0.00479,0.00479,0.00479,,,18430317.0,,18430317.0
2021-07-23,35,32022174.0,0,0,0.0,0.0,0.0,0.0,,,0.0,,0.0
2021-07-26,35,32022174.0,0,0,0.0,0.0,0.0,0.0,,,0.0,,0.0
2021-07-27,35,32022174.0,0,0,0.0,0.12173,0.12173,0.12173,,,230375253.0,,230375253.0
2021-07-28,35,31027183.0,0,0,0.0,0.08685,0.08685,0.08685,,,181339282.0,,181339282.0
2021-07-29,35,32293794.0,0,0,0.0,0.015,0.015,0.015,,,74417866.0,,74417866.0
2021-07-30,35,31899645.0,1,0,0.02857,0.01967,0.00764,0.01967,,,37904517.0,,37904517.0
2021-08-02,36,32044404.0,0,1,0.02778,0.02287,0.02286,0.02287,,,60001287.0,,60001287.0
2021-08-03,35,32011856.0,1,0,0.02857,0.01177,0.00977,0.01177,,,39709741.0,,39709741.0
2021-08-04,36,31763393.0,0,1,0.02778,0.01595,0.01595,0.01595,,,43318884.0,,43318884.0
2021-08-05,35,31617616.0,0,0,0.0,0.00282,0.00282,0.00282,,,10442399.0,,10442399.0
2021-08-06,35,31528492.0,0,0,0.0,0.0,0.0,0.0,,,0.0,,0.0
2021-08-09,35,31528492.0,0,0,0.0,0.0,0.0,0.0,,,0.0,,0.0
2021-08-10,35,31528492.0,0,0,0.0,0.0021,0.0021,0.0021,,,7809933.0,,7809933.0
2021-08-11,35,31462251.0,0,0,0.0,0.00216,0.00216,0.00216,,,9859020.0,,9859020.0
2021-08-12,35,31483565.0,0,0,0.0,0.00752,0.00752,0.00752,,,24561225.0,,24561225.0
2021-08-13,35,31633791.0,1,0,0.02857,0.03388,0.02216,0.03388,,,43240055.0,,43240055.0
2021-08-16,36,31463418.0,0,0,0.0,0.00093,0.00093,0.00093,,,5400307.0,,5400307.0
2021-08-17,36,31456046.0,0,0,0.0,0.03009,0.03009,0.03009,,,100650230.0,,100650230.0
2021-08-18,36,31687467.0,0,0,0.0,0.01837,0.01837,0.01837,,,32517646.0,,32517646.0
2021-08-19,36,31926748.0,0,0,0.0,0.00872,0.00872,0.00872,,,22421636.0,,22421636.0
2021-08-20,36,32012588.0,0,0,0.0,0.00916,0.00916,0.00916,,,14173522.0,,14173522.0
2021-08-23,36,32219805.0,0,0,0.0,0.01853,0.01853,0.01853,,,43329947.0,,43329947.0
2021-08-24,36,32493756.0,0,0,0.0,0.00715,0.00715,0.00715,,,25905603.0,,25905603.0
2021-08-25,36,32282648.0,0,0,0.0,0.0078,0.0078,0.0078,,,34905447.0,,34905447.0
2021-08-26,36,32386559.0,0,0,0.0,0.01893,0.01893,0.01893,,,85372789.0,,85372789.0
2021-08-27,36,32757844.0,0,1,0.02778,0.00515,0.00515,0.00515,,,25130256.0,,25130256.0
2021-08-30,35,32716449.0,0,0,0.0,0.0083,0.0083,0.0083,,,44219030.0,,44219030.0
2021-08-31,35,32643343.0,0,0,0.0,0.00379,0.00379,0.00379,,,21770185.0,,21770185.0
2021-09-01,35,32664635.0,0,0,0.0,0.01177,0.01177,0.01177,,,50342904.0,,50342904.0
2021-09-02,35,32901181.0,0,0,0.0,0.00285,0.00285,0.00285,,,27328025.0,,27328025.0
2021-09-03,35,32845065.0,0,0,0.0,0.01245,0.01245,0.01245,,,50829227.0,,50829227.0
2021-09-07,35,32878118.0,0,1,0.02857,0.00673,0.00673,0.00673,,,26448058.0,,26448058.0
2021-09-08,34,32860191.0,0,0,0.0,0.00463,0.00463,0.00463,,,22378495.0,,22378495.0
2021-09-09,34,32889983.0,0,0,0.0,0.01265,0.01265,0.01265,,,78170548.0,,78170548.0
2021-09-10,34,33068844.0,0,1,0.02941,0.0034,0.00339,0.0034,,,23768466.0,,23768466.0
2021-09-13,33,32956264.0,0,0,0.0,0.00134,0.00134,0.00134,,,17911011.0,,17911011.0
2021-09-14,33,32912243.0,0,0,0.0,0.01373,0.01373,0.01373,,,81149864.0,,81149864.0
2021-09-15,33,32660829.0,0,0,0.0,0.00653,0.00653,0.00653,,,22424555.0,,22424555.0
2021-09-16,33,32455479.0,0,0,0.0,0.00599,0.00599,0.00599,,,24215247.0,,24215247.0
2021-09-17,33,32461958.0,0,0,0.0,0.01046,0.01046,0.01046,,,19513217.0,,19513217.0
2021-09-20,33,32772991.0,0,0,0.0,0.00654,0.00654,0.00654,,,29817592.0,,29817592.0
2021-09-21,33,32558743.0,0,0,0.0,0.00702,0.00702,0.00702,,,36436623.0,,36436623.0
2021-09-22,33,32710264.0,0,0,0.0,0.00909,0.00909,0.00909,,,29912124.0,,29912124.0
2021-09-23,33,32531922.0,1,0,0.0303,0.00196,0.0015,0.00196,,,6142659.0,,6142659.0
2021-09-24,34,32498254.0,0,0,0.0,0.00225,0.00225,0.00225,,,7882537.0,,7882537.0
2021-09-27,34,32425225.0,0,0,0.0,0.00451,0.00451,0.00451,,,15571420.0,,15571420.0
2021-09-28,34,32279137.0,0,0,0.0,0.01335,0.01335,0.01335,,,62770027.0,,62770027.0
2021-09-29,34,32281002.0,0,0,0.0,0.0,0.0,0.0,,,0.0,,0.0
2021-09-30,34,32281002.0,0,0,0.0,0.00304,0.00304,0.00304,,,9753117.0,,9753117.0
2021-10-01,34,32182976.0,0,0,0.0,0.00533,0.00533,0.00533,,,17237276.0,,17237276.0
2021-10-04,34,32011423.0,0,2,0.05882,0.05752,0.02886,0.05752,,,736589941.0,,736589941.0
2021-10-05,32,30170050.0,2,0,0.0625,0.0779,0.04677,0.0779,,,418599001.0,,418599001.0
2021-10-06,34,31635768.0,0,0,0.0,0.03036,0.03036,0.03036,,,108096256.0,,108096256.0
2021-10-07,34,31451451.0,0,0,0.0,0.00283,0.00283,0.00283,,,9999870.0,,9999870.0
2021-10-08,34,31444157.0,0,0,0.0,0.00156,0.00156,0.00156,,,5093326.0,,5093326.0
2021-10-11,34,31395014.0,0,0,0.0,0.00391,0.00391,0.00391,,,12633613.0,,12633613.0
2021-10-12,34,31272117.0,0,0,0.0,0.00795,0.00795,0.00795,,,9517591.0,,9517591.0
2021-10-13,34,31098892.0,0,0,0.0,0.00108,0.00108,0.00108,,,1256877.0,,1256877.0
2021-10-14,34,31073873.0,0,0,0.0,0.0,0.0,0.0,,,0.0,,0.0
2021-10-15,34,31073873.0,0,0,0.0,0.0,0.0,0.0,,,0.0,,0.0
2021-10-18,34,31073873.0,0,0,0.0,0.0,0.0,0.0,,,0.0,,0.0
2021-10-19,34,31073873.0,0,0,0.0,0.0,0.0,0.0,,,0.0,,0.0
2021-10-20,34,31073873.0,0,0,0.0,0.0,0.0,0.0,,,0.0,,0.0
2021-10-21,34,31073873.0,0,0,0.0,0.0,0.0,0.0,,,0.0,,0.0
2021-10-22,34,31073873.0,0,0,0.0,0.0055,0.0055,0.0055,,,19018357.0,,19018357.0
2021-10-25,34,31244767.0,0,0,0.0,0.0,0.0,0.0,,,0.0,,0.0
2021-10-26,34,31244767.0,1,0,0.02941,0.04623,0.04369,0.04623,,,119837074.0,,119837074.0
2021-10-27,35,31669763.0,0,0,0.0,0.0213,0.0213,0.0213,,,63429689.0,,63429689.0
2021-10-28,35,31894947.0,0,0,0.0,0.00812,0.00812,0.00812,,,15707259.0,,15707259.0
2021-11-12,35,32115172.0,0,0,0.0,0.1522,0.1522,0.1522,,,268052427.0,,268052427.0
2021-11-15,35,30014947.0,0,0,0.0,0.00158,0.00158,0.00158,,,5278878.0,,5278878.0
2021-11-16,35,29967658.0,0,0,0.0,0.04638,0.04638,0.04638,,,61982030.0,,61982030.0
2021-11-17,35,29902740.0,0,0,0.0,0.02117,0.02117,0.02117,,,31649245.0,,31649245.0
2021-11-18,35,29819961.0,0,0,0.0,0.01149,0.01149,0.01149,,,47756976.0,,47756976.0
2021-11-19,35,29615171.0,0,0,0.0,0.00835,0.00835,0.00835,,,29356801.0,,29356801.0
2021-11-22,35,29463435.0,0,0,0.0,0.00616,0.00616,0.00616,,,19382165.0,,19382165.0
2021-11-23,35,29281881.0,0,0,0.0,0.0434,0.0434,0.0434,,,175396322.0,,175396322.0
2021-11-24,35,28989375.0,0,0,0.0,0.06005,0.06005,0.06005,,,83057112.0,,83057112.0
2021-11-26,35,28670706.0,0,0,0.0,0.015,0.015,0.015,,,32917935.0,,32917935.0
2021-11-29,35,28648847.0,0,0,0.0,0.00171,0.00171,0.00171,,,5634638.0,,5634638.0
2021-11-30,35,28606556.0,0,0,0.0,0.02901,0.02901,0.02901,,,56648248.0,,56648248.0
2021-12-01,35,28494942.0,1,0,0.02857,0.01465,0.00317,0.01465,,,36305333.0,,36305333.0
2021-12-02,36,28814461.0,0,0,0.0,0.02538,0.02538,0.02538,,,42668107.0,,42668107.0
2021-12-03,36,28618276.0,0,0,0.0,0.0252,0.0252,0.0252,,,64147748.0,,64147748.0
2021-12-06,36,28289158.0,0,0,0.0,0.0121,0.0121,0.0121,,,47854814.0,,47854814.0
2021-12-07,36,28156675.0,0,0,0.0,0.02112,0.02112,0.02112,,,58048477.0,,58048477.0
2021-12-08,36,28035960.0,0,0,0.0,0.0067,0.0067,0.0067,,,16680899.0,,16680899.0
2021-12-09,36,27848238.0,0,0,0.0,0.0,0.0,0.0,,,0.0,,0.0
2021-12-10,36,27848238.0,1,0,0.02778,0.04637,0.00227,0.04637,,,22966309.0,,22966309.0
2021-12-13,37,29012975.0,0,0,0.0,0.0,0.0,0.0,,,0.0,,0.0
2021-12-14,37,29012975.0,0,0,0.0,0.04718,0.04718,0.04718,,,85321785.0,,85321785.0
2021-12-15,37,30031723.0,0,2,0.05405,0.00622,0.00622,0.00622,,,14074473.0,,14074473.0
2021-12-16,35,29987565.0,0,0,0.0,0.00175,0.00175,0.00175,,,4180653.0,,4180653.0
2021-12-17,35,29934957.0,0,0,0.0,0.01372,0.01372,0.01372,,,31950529.0,,31950529.0
2021-12-20,35,29524378.0,0,0,0.0,0.02173,0.02173,0.02173,,,50485992.0,,50485992.0
2021-12-21,35,28882872.0,0,0,0.0,0.03551,0.03551,0.03551,,,50651747.0,,50651747.0
2021-12-22,35,29272793.0,0,0,0.0,0.00945,0.00945,0.00945,,,28164375.0,,28164375.0
2021-12-23,35,29412920.0,0,0,0.0,0.0,0.0,0.0,,,0.0,,0.0
2021-12-27,35,29412920.0,0,0,0.0,0.00163,0.00163,0.00163,,,1413120.0,,1413120.0
2021-12-28,35,29460920.0,0,2,0.05714,1e-05,0.0,1e-05,,,20018.0,,20018.0
2021-12-29,33,29460725.0,0,0,0.0,0.00789,0.00789,0.00789,,,13035149.0,,13035149.0
2021-12-30,33,29544321.0,0,0,0.0,0.02299,0.02299,0.02299,,,51611537.0,,51611537.0
2021-12-31,33,28865228.0,0,0,0.0,0.00551,0.00551,0.00551,,,12434110.0,,12434110.0
2022-01-03,33,28706177.0,0,0,0.0,0.0,0.0,0.0,,,0.0,,0.0
2022-01-04,33,28706177.0,0,0,0.0,0.02237,0.02237,0.02237,,,25391825.0,,25391825.0
2022-01-05,33,28847246.0,0,0,0.0,0.03796,0.03796,0.03796,,,60748035.0,,60748035.0
2022-01-06,33,28626073.0,0,0,0.0,0.00449,0.00449,0.00449,,,14610928.0,,14610928.0
2022-01-07,33,28552084.0,0,0,0.0,0.02168,0.02168,0.02168,,,42417655.0,,42417655.0
2022-01-10,33,27933026.0,0,0,0.0,0.00482,0.00482,0.00482,,,9116911.0,,9116911.0
2022-01-11,33,27798464.0,0,0,0.0,0.05331,0.05331,0.05331,,,120729381.0,,120729381.0
2022-01-12,33,27719133.0,0,0,0.0,0.01016,0.01016,0.01016,,,22184920.0,,22184920.0
2022-01-13,33,27530708.0,0,0,0.0,0.0,0.0,0.0,,,0.0,,0.0
2022-01-14,33,27530708.0,1,0,0.0303,0.00995,0.00743,0.00995,,,12056145.0,,12056145.0
2022-01-18,34,27398553.0,0,0,0.0,0.00262,0.00262,0.00262,,,3686682.0,,3686682.0
2022-01-19,34,27372571.0,0,0,0.0,0.02839,0.02839,0.02839,,,44502378.0,,44502378.0
2022-01-20,34,27010005.0,0,0,0.0,0.00499,0.00499,0.00499,,,8260693.0,,8260693.0
2022-01-21,34,26875268.0,0,0,0.0,0.0,0.0,0.0,,,0.0,,0.0
2022-01-24,34,26875268.0,0,0,0.0,0.00201,0.00201,0.00201,,,3099322.0,,3099322.0
2022-01-25,34,26821353.0,0,0,0.0,0.0,0.0,0.0,,,0.0,,0.0
2022-01-26,34,26821353.0,0,0,0.0,0.01462,0.01462,0.01462,,,20911139.0,,20911139.0
2022-01-27,34,26429325.0,0,0,0.0,0.00353,0.00353,0.00353,,,6388177.0,,6388177.0
2022-01-28,34,26336060.0,0,0,0.0,0.01126,0.01126,0.01126,,,15806106.0,,15806106.0
2022-01-31,34,26632581.0,0,0,0.0,0.01083,0.01083,0.01083,,,6323786.0,,6323786.0
2022-02-01,34,26870141.0,1,1,0.05882,0.06586,0.04706,0.06586,,,83390412.0,,83390412.0
2022-02-02,34,25771491.0,0,1,0.02941,0.01641,0.0164,0.01641,,,29887528.0,,29887528.0
2022-02-03,33,26177553.0,0,0,0.0,0.04848,0.04848,0.04848,,,90888493.0,,90888493.0
2022-02-04,33,27137761.0,0,0,0.0,0.00469,0.00469,0.00469,,,7668407.0,,7668407.0
2022-02-07,33,27063812.0,0,0,0.0,0.00294,0.00294,0.00294,,,4699041.0,,4699041.0
2022-02-08,33,26984274.0,0,0,0.0,0.0152,0.0152,0.0152,,,9501930.0,,9501930.0
2022-02-09,33,27167013.0,0,0,0.0,0.00389,0.00389,0.00389,,,3256452.0,,3256452.0
2022-02-10,33,27204126.0,0,0,0.0,0.00197,0.00197,0.00197,,,3344267.0,,3344267.0
2022-02-11,33,27150465.0,0,1,0.0303,4e-05,4e-05,4e-05,,,136060.0,,136060.0
2022-02-14,32,27149257.0,0,0,0.0,0.00198,0.00198,0.00198,,,3185637.0,,3185637.0
2022-02-15,32,27095592.0,0,0,0.0,0.00866,0.00866,0.00866,,,35044429.0,,35044429.0
2022-02-16,32,27130326.0,0,0,0.0,0.01025,0.01025,0.01025,,,2883416.0,,2883416.0
2022-02-17,32,27408326.0,0,0,0.0,0.0,0.0,0.0,,,0.0,,0.0
2022-02-18,32,27408326.0,0,1,0.03125,0.00432,0.00432,0.00432,,,6176879.0,,6176879.0
2022-02-22,31,27505823.0,0,0,0.0,0.00074,0.00074,0.00074,,,773421.0,,773421.0
2022-02-23,31,27526203.0,0,0,0.0,0.03389,0.03389,0.03389,,,49612622.0,,49612622.0
2022-02-24,31,27519574.0,0,0,0.0,0.00576,0.00576,0.00576,,,4390508.0,,4390508.0
2022-02-25,31,27395563.0,0,0,0.0,0.00443,0.00443,0.00443,,,5872296.0,,5872296.0
2022-02-28,31,27487364.0,0,2,0.06452,0.00636,0.00635,0.00636,,,11227243.0,,11227243.0
2022-03-01,29,27658765.0,0,0,0.0,0.07141,0.07141,0.07141,,,35542763.0,,35542763.0
2022-03-02,29,26593646.0,0,0,0.0,0.00897,0.00897,0.00897,,,12147806.0,,12147806.0
2022-03-03,29,26756936.0,0,1,0.03448,0.00015,0.00015,0.00015,,,35674.0,,35674.0
2022-03-04,28,26752800.0,0,0,0.0,0.0,0.0,0.0,,,0.0,,0.0
2022-03-07,28,26752800.0,0,0,0.0,0.00187,0.00187,0.00187,,,2608147.0,,2608147.0
2022-03-08,28,26702649.0,0,0,0.0,0.0104,0.0104,0.0104,,,9821244.0,,9821244.0
2022-03-09,28,26561344.0,0,1,0.03571,0.00706,0.00706,0.00706,,,5328668.0,,5328668.0
2022-03-10,27,26514943.0,0,0,0.0,0.00279,0.00279,0.00279,,,3974133.0,,3974133.0
2022-03-11,27,26588963.0,0,0,0.0,0.0,0.0,0.0,,,0.0,,0.0
2022-03-14,27,26588963.0,0,0,0.0,0.01707,0.01707,0.01707,,,23684453.0,,23684453.0
2022-03-15,27,26725749.0,0,0,0.0,0.03399,0.03399,0.03399,,,13510676.0,,13510676.0
2022-03-16,27,26815160.0,0,0,0.0,0.00467,0.00467,0.00467,,,6010453.0,,6010453.0
2022-03-17,27,26689987.0,0,0,0.0,0.0,0.0,0.0,,,0.0,,0.0
2022-03-18,27,26689987.0,0,0,0.0,0.0,0.0,0.0,,,0.0,,0.0
2022-03-21,27,26689987.0,0,0,0.0,7e-05,7e-05,7e-05,,,181660.0,,181660.0
2022-03-22,27,26688085.0,0,1,0.03704,0.02643,0.02643,0.02643,,,75598815.0,,75598815.0
2022-03-23,26,26829303.0,0,0,0.0,0.0,0.0,0.0,,,0.0,,0.0
2022-03-24,26,26829303.0,0,0,0.0,0.0,0.0,0.0,,,0.0,,0.0
2022-03-25,26,26829303.0,0,0,0.0,0.0,0.0,0.0,,,0.0,,0.0
2022-03-28,26,26829303.0,0,0,0.0,0.00272,0.00272,0.00272,,,4133490.0,,4133490.0
2022-03-29,26,26902252.0,0,0,0.0,0.00281,0.00281,0.00281,,,4436056.0,,4436056.0
2022-03-30,26,26826759.0,0,0,0.0,0.0,0.0,0.0,,,0.0,,0.0
2022-03-31,26,26826759.0,0,0,0.0,0.00181,0.00181,0.00181,,,2906884.0,,2906884.0
2022-04-01,26,26875384.0,0,0,0.0,0.01272,0.01272,0.01272,,,11300721.0,,11300721.0
2022-04-04,26,27013162.0,0,0,0.0,0.00181,0.00181,0.00181,,,2793932.0,,2793932.0
2022-04-05,26,27062057.0,0,0,0.0,0.0,0.0,0.0,,,0.0,,0.0
2022-04-06,26,27062057.0,0,0,0.0,0.00271,0.00271,0.00271,,,4171733.0,,4171733.0
2022-04-07,26,27135397.0,0,0,0.0,0.0,0.0,0.0,,,0.0,,0.0
2022-04-08,26,27135397.0,0,0,0.0,0.0,0.0,0.0,,,0.0,,0.0
2022-04-11,26,27135397.0,0,0,0.0,0.0,0.0,0.0,,,0.0,,0.0
2022-04-12,26,27135397.0,0,0,0.0,0.02197,0.02197,0.02197,,,16994813.0,,16994813.0
2022-04-13,26,26900447.0,0,0,0.0,0.00707,0.00707,0.00707,,,3022352.0,,3022352.0
2022-04-14,26,26844967.0,0,0,0.0,0.01237,0.01237,0.01237,,,16316250.0,,16316250.0
2022-04-18,26,26512860.0,0,0,0.0,0.0,0.0,0.0,,,0.0,,0.0
2022-04-19,26,26512860.0,0,0,0.0,0.0,0.0,0.0,,,0.0,,0.0
2022-04-20,26,26512860.0,0,0,0.0,0.02583,0.02583,0.02583,,,12265046.0,,12265046.0
2022-04-21,26,26601838.0,0,0,0.0,0.00626,0.00626,0.00626,,,2064108.0,,2064108.0
2022-04-22,26,26768446.0,0,0,0.0,0.00381,0.00381,0.00381,,,4690252.0,,4690252.0
2022-04-25,26,26666543.0,0,0,0.0,0.0,0.0,0.0,,,0.0,,0.0
2022-04-26,26,26666543.0,0,0,0.0,0.01241,0.01241,0.01241,,,7147432.0,,7147432.0
2022-04-27,26,26434975.0,0,0,0.0,0.00019,0.00019,0.00019,,,289717.0,,289717.0
2022-04-28,26,26439990.0,0,0,0.0,0.00029,0.00029,0.00029,,,103744.0,,103744.0
2022-04-29,26,26432445.0,0,0,0.0,0.00153,0.00153,0.00153,,,2236895.0,,2236895.0
2022-05-02,26,26451661.0,0,1,0.03846,0.00306,0.00305,0.00306,,,7762578.0,,7762578.0
2022-05-03,25,26370753.0,0,0,0.0,0.01745,0.01745,0.01745,,,5677802.0,,5677802.0
2022-05-04,25,26830999.0,0,0,0.0,0.0,0.0,0.0,,,0.0,,0.0
2022-05-05,25,26830999.0,0,0,0.0,0.0,0.0,0.0,,,0.0,,0.0
2022-05-06,25,26830999.0,0,0,0.0,0.03845,0.03845,0.03845,,,44041566.0,,44041566.0
2022-05-09,25,27052107.0,0,0,0.0,0.00285,0.00285,0.00285,,,2864760.0,,2864760.0
2022-05-10,25,26974938.0,0,0,0.0,0.01561,0.01561,0.01561,,,14083738.0,,14083738.0
2022-05-11,25,27012388.0,0,0,0.0,0.0,0.0,0.0,,,0.0,,0.0
2022-05-12,25,27012388.0,0,0,0.0,0.00757,0.00757,0.00757,,,11259213.0,,11259213.0
2022-05-13,25,27054174.0,0,0,0.0,0.01208,0.01208,0.01208,,,15350927.0,,15350927.0
2022-05-16,25,26745053.0,0,0,0.0,0.01262,0.01262,0.01262,,,11993782.0,,11993782.0
2022-05-17,25,26407410.0,0,0,0.0,0.0,0.0,0.0,,,0.0,,0.0
2022-05-18,25,26407410.0,0,0,0.0,0.00395,0.00395,0.00395,,,4968727.0,,4968727.0
2022-05-19,25,26496625.0,0,0,0.0,0.0,0.0,0.0,,,0.0,,0.0
2022-05-20,25,26496625.0,0,0,0.0,0.00393,0.00393,0.00393,,,3661478.0,,3661478.0
2022-05-23,25,26392412.0,0,0,0.0,0.01241,0.01241,0.01241,,,11334028.0,,11334028.0
2022-05-24,25,26719863.0,0,0,0.0,0.00501,0.00501,0.00501,,,6739862.0,,6739862.0
2022-05-25,25,26803243.0,0,0,0.0,0.00222,0.00222,0.00222,,,1026297.0,,1026297.0
2022-05-26,25,26862773.0,0,0,0.0,3e-05,3e-05,3e-05,,,62234.0,,62234.0
2022-05-27,25,26861951.0,1,0,0.04,0.01366,0.00603,0.01366,,,14277748.0,,14277748.0
2022-05-31,26,27003646.0,0,0,0.0,0.01978,0.01978,0.01978,,,14010142.0,,14010142.0
2022-06-01,26,27537799.0,0,0,0.0,0.01117,0.01117,0.01117,,,10885680.0,,10885680.0
2022-06-02,26,27845498.0,0,0,0.0,0.0,0.0,0.0,,,0.0,,0.0
2022-06-03,26,27845498.0,0,0,0.0,0.0,0.0,0.0,,,0.0,,0.0
2022-06-06,26,27845498.0,0,0,0.0,0.0,0.0,0.0,,,0.0,,0.0
2022-06-07,26,27845498.0,0,0,0.0,0.0049,0.0049,0.0049,,,5920562.0,,5920562.0
2022-06-08,26,27926291.0,0,0,0.0,0.00415,0.00415,0.00415,,,5051942.0,,5051942.0
2022-06-09,26,27996243.0,0,0,0.0,0.00028,0.00028,0.00028,,,840022.0,,840022.0
2022-06-10,26,28003993.0,0,0,0.0,0.01291,0.01291,0.01291,,,12345321.0,,12345321.0
2022-06-13,26,28365510.0,0,0,0.0,0.00358,0.00358,0.00358,,,2620195.0,,2620195.0
2022-06-14,26,28360998.0,0,0,0.0,0.00057,0.00057,0.00057,,,2463954.0,,2463954.0
2022-06-15,26,28344912.0,0,0,0.0,0.00743,0.00743,0.00743,,,10843154.0,,10843154.0
2022-06-16,26,28190665.0,0,0,0.0,0.0,0.0,0.0,,,0.0,,0.0
2022-06-17,26,28190665.0,0,0,0.0,0.0,0.0,0.0,,,0.0,,0.0
2022-06-21,26,28190665.0,0,0,0.0,0.00754,0.00754,0.00754,,,6115294.0,,6115294.0
2022-06-22,26,27978116.0,0,0,0.0,0.01199,0.01199,0.01199,,,15135501.0,,15135501.0
2022-06-23,26,28241327.0,0,0,0.0,0.00078,0.00078,0.00078,,,1631980.0,,1631980.0
2022-06-28,26,28219300.0,0,1,0.03846,0.00851,0.00847,0.00851,,,7928414.0,,7928414.0
2022-06-29,25,28457063.0,0,0,0.0,0.0,0.0,0.0,,,0.0,,0.0
2022-06-30,25,28457063.0,0,0,0.0,0.00069,0.00069,0.00069,,,866267.0,,866267.0
2022-07-01,25,28476568.0,0,0,0.0,0.0,0.0,0.0,,,0.0,,0.0
2022-07-05,25,28476568.0,0,0,0.0,0.0,0.0,0.0,,,0.0,,0.0
2022-07-06,25,28476568.0,0,0,0.0,0.0,0.0,0.0,,,0.0,,0.0
2022-07-07,25,28476568.0,0,0,0.0,0.0,0.0,0.0,,,0.0,,0.0
2022-07-08,25,28476568.0,0,0,0.0,0.0,0.0,0.0,,,0.0,,0.0
2022-07-11,25,28476568.0,0,0,0.0,0.0,0.0,0.0,,,0.0,,0.0
2022-07-12,25,28476568.0,0,0,0.0,0.0,0.0,0.0,,,0.0,,0.0
2022-07-13,25,28476568.0,0,0,0.0,0.0,0.0,0.0,,,0.0,,0.0
2022-07-14,25,28476568.0,0,0,0.0,0.0,0.0,0.0,,,0.0,,0.0
2022-07-15,25,28476568.0,0,0,0.0,0.0028,0.0028,0.0028,,,2355970.0,,2355970.0
2022-07-18,25,28396881.0,0,0,0.0,0.0,0.0,0.0,,,0.0,,0.0
2022-07-19,25,28396881.0,0,0,0.0,0.0,0.0,0.0,,,0.0,,0.0
2022-07-20,25,28396881.0,0,0,0.0,0.0,0.0,0.0,,,0.0,,0.0
2022-07-21,25,28396881.0,0,0,0.0,0.0,0.0,0.0,,,0.0,,0.0
2022-07-22,25,28396881.0,0,0,0.0,0.0,0.0,0.0,,,0.0,,0.0
2022-07-25,25,28396881.0,0,0,0.0,0.0,0.0,0.0,,,0.0,,0.0
2022-07-26,25,28396881.0,0,0,0.0,0.01424,0.01424,0.01424,,,20524967.0,,20524967.0
2022-07-27,25,28449674.0,1,0,0.04,0.02256,0.01885,0.02256,,,28428409.0,,28428409.0
2022-07-28,26,28720729.0,0,0,0.0,0.0,0.0,0.0,,,0.0,,0.0
2022-07-29,26,28720729.0,0,0,0.0,0.00068,0.00068,0.00068,,,698721.0,,698721.0
2022-08-01,26,28740356.0,0,0,0.0,0.01014,0.01014,0.01014,,,4777928.0,,4777928.0
2022-08-02,26,28524177.0,0,0,0.0,0.00282,0.00282,0.00282,,,2723429.0,,2723429.0
2022-08-03,26,28443712.0,0,0,0.0,0.00013,0.00013,0.00013,,,138598.0,,138598.0
2022-08-04,26,28447466.0,0,0,0.0,0.00189,0.00189,0.00189,,,2007107.0,,2007107.0
2022-08-05,26,28393825.0,0,0,0.0,0.00846,0.00846,0.00846,,,9209753.0,,9209753.0
2022-08-08,26,28634162.0,0,0,0.0,0.00205,0.00205,0.00205,,,3733136.0,,3733136.0
2022-08-09,26,28692899.0,0,0,0.0,0.01619,0.01619,0.01619,,,17380165.0,,17380165.0
2022-08-10,26,28918508.0,0,0,0.0,0.00395,0.00395,0.00395,,,4142969.0,,4142969.0
2022-08-11,26,29032826.0,1,0,0.03846,0.00735,0.00666,0.00735,,,9977180.0,,9977180.0
2022-08-12,27,28859533.0,0,0,0.0,0.00022,0.00022,0.00022,,,247397.0,,247397.0
2022-08-15,27,28863220.0,0,0,0.0,0.00467,0.00467,0.00467,,,5248025.0,,5248025.0
2022-08-16,27,28728324.0,0,0,0.0,0.0,0.0,0.0,,,0.0,,0.0
2022-08-17,27,28728324.0,0,0,0.0,0.0,0.0,0.0,,,0.0,,0.0
2022-08-18,27,28728324.0,0,0,0.0,0.00055,0.00055,0.00055,,,565794.0,,565794.0
2022-08-19,27,28743840.0,0,0,0.0,0.00376,0.00376,0.00376,,,3952279.0,,3952279.0
2022-08-22,27,28635830.0,0,0,0.0,0.00566,0.00566,0.00566,,,5548182.0,,5548182.0
2022-08-23,27,28473876.0,0,0,0.0,0.01422,0.01422,0.01422,,,13487376.0,,13487376.0
2022-08-24,27,28069100.0,0,0,0.0,0.00096,0.00096,0.00096,,,897878.0,,897878.0
2022-08-25,27,28042110.0,0,0,0.0,0.0,0.0,0.0,,,0.0,,0.0
2022-08-26,27,28042110.0,0,0,0.0,0.0,0.0,0.0,,,0.0,,0.0
2022-08-29,27,28042110.0,0,0,0.0,0.00866,0.00866,0.00866,,,8056059.0,,8056059.0
2022-08-30,27,27799199.0,0,0,0.0,0.0,0.0,0.0,,,0.0,,0.0
2022-08-31,27,27799199.0,0,0,0.0,0.0,0.0,0.0,,,0.0,,0.0
2022-09-01,27,27799199.0,0,0,0.0,0.0,0.0,0.0,,,0.0,,0.0
2022-09-02,27,27799199.0,0,0,0.0,0.01262,0.01262,0.01262,,,11174693.0,,11174693.0
2022-09-06,27,27448327.0,0,0,0.0,0.0,0.0,0.0,,,0.0,,0.0
2022-09-07,27,27448327.0,0,0,0.0,0.0,0.0,0.0,,,0.0,,0.0
2022-09-08,27,27448327.0,0,0,0.0,0.01425,0.01425,0.01425,,,8654977.0,,8654977.0
2022-09-09,27,27695141.0,0,0,0.0,0.01418,0.01418,0.01418,,,11033984.0,,11033984.0
2022-09-12,27,28016970.0,0,1,0.03704,0.00018,0.00017,0.00018,,,73565.0,,73565.0
2022-09-13,26,28021802.0,0,0,0.0,0.0,0.0,0.0,,,0.0,,0.0
2022-09-14,26,28021802.0,0,0,0.0,0.00046,0.00046,0.00046,,,183854.0,,183854.0
2022-09-15,26,28034641.0,0,0,0.0,0.0,0.0,0.0,,,0.0,,0.0
2022-09-16,26,28034641.0,0,0,0.0,0.0,0.0,0.0,,,0.0,,0.0
2022-09-19,26,28034641.0,0,0,0.0,0.00195,0.00195,0.00195,,,1732276.0,,1732276.0
2022-09-20,26,27979921.0,0,0,0.0,0.0,0.0,0.0,,,0.0,,0.0
2022-09-21,26,27979921.0,0,0,0.0,0.00098,0.00098,0.00098,,,842411.0,,842411.0
2022-09-22,26,27952562.0,0,0,0.0,0.01077,0.01077,0.01077,,,9105711.0,,9105711.0
2022-09-23,26,27651589.0,0,0,0.0,0.0,0.0,0.0,,,0.0,,0.0
2022-09-26,26,27651589.0,0,0,0.0,0.00594,0.00594,0.00594,,,4654103.0,,4654103.0
2022-09-27,26,27487427.0,0,0,0.0,0.0,0.0,0.0,,,0.0,,0.0
2022-09-28,26,27487427.0,0,0,0.0,0.0,0.0,0.0,,,0.0,,0.0
2022-09-29,26,27487427.0,0,0,0.0,0.0,0.0,0.0,,,0.0,,0.0
2022-09-30,26,27487427.0,0,0,0.0,0.00184,0.00184,0.00184,,,1529730.0,,1529730.0
2022-10-03,26,27494451.0,0,0,0.0,0.00581,0.00581,0.00581,,,4561915.0,,4561915.0
2022-10-04,26,27369281.0,0,0,0.0,0.00391,0.00391,0.00391,,,3124723.0,,3124723.0
2022-10-05,26,27262141.0,0,0,0.0,0.0,0.0,0.0,,,0.0,,0.0
2022-10-06,26,27262141.0,0,0,0.0,1e-05,1e-05,1e-05,,,2218.0,,2218.0
2022-10-07,26,27262304.0,0,0,0.0,0.00584,0.00584,0.00584,,,4910051.0,,4910051.0
2022-10-10,26,27421418.0,0,0,0.0,0.00092,0.00092,0.00092,,,325244.0,,325244.0
2022-10-11,26,27446514.0,0,0,0.0,0.0,0.0,0.0,,,0.0,,0.0
2022-10-12,26,27446514.0,0,0,0.0,0.007,0.007,0.007,,,5299342.0,,5299342.0
2022-10-13,26,27254517.0,0,0,0.0,0.0,0.0,0.0,,,0.0,,0.0
2022-10-14,26,27254517.0,0,0,0.0,0.00779,0.00779,0.00779,,,5917988.0,,5917988.0
2022-10-17,26,27466878.0,0,0,0.0,0.0,0.0,0.0,,,0.0,,0.0
2022-10-18,26,27466878.0,0,0,0.0,0.00052,0.00052,0.00052,,,761821.0,,761821.0
2022-10-19,26,27452485.0,0,0,0.0,0.0,0.0,0.0,,,0.0,,0.0
2022-10-20,26,27452485.0,0,0,0.0,0.0,0.0,0.0,,,0.0,,0.0
2022-10-21,26,27452485.0,0,0,0.0,0.0,0.0,0.0,,,0.0,,0.0
2022-10-24,26,27452485.0,0,0,0.0,0.0,0.0,0.0,,,0.0,,0.0
2022-10-25,26,27452485.0,0,0,0.0,0.00976,0.00976,0.00976,,,4204754.0,,4204754.0
2022-10-26,26,27240241.0,0,0,0.0,0.00809,0.00809,0.00809,,,3414302.0,,3414302.0
2022-10-27,26,27041012.0,0,0,0.0,0.0005,0.0005,0.0005,,,715833.0,,715833.0
2022-10-28,26,27054621.0,0,0,0.0,0.00028,0.00028,0.00028,,,399291.0,,399291.0
2022-10-31,26,27062260.0,0,0,0.0,0.00095,0.00095,0.00095,,,581959.0,,581959.0
2022-11-01,26,27087853.0,0,0,0.0,0.0004,0.0004,0.0004,,,619584.0,,619584.0
2022-11-02,26,27098593.0,0,0,0.0,0.00057,0.00057,0.00057,,,693255.0,,693255.0
2022-11-03,26,27113941.0,0,0,0.0,0.00168,0.00168,0.00168,,,735350.0,,735350.0
2022-11-04,26,27159474.0,0,0,0.0,0.00155,0.00155,0.00155,,,1990905.0,,1990905.0
2022-11-07,26,27136565.0,0,0,0.0,0.01541,0.01541,0.01541,,,6661270.0,,6661270.0
2022-11-08,26,26999810.0,0,0,0.0,0.002,0.002,0.002,,,1537188.0,,1537188.0
2022-11-09,26,26945910.0,0,0,0.0,0.00455,0.00455,0.00455,,,2673995.0,,2673995.0
2022-11-10,26,26895382.0,0,0,0.0,0.00136,0.00136,0.00136,,,1449973.0,,1449973.0
2022-11-11,26,26911792.0,0,0,0.0,0.00547,0.00547,0.00547,,,4540555.0,,4540555.0
2022-11-14,26,26764696.0,0,0,0.0,4e-05,4e-05,4e-05,,,46711.0,,46711.0
2022-11-15,26,26763751.0,0,0,0.0,2e-05,2e-05,2e-05,,,26839.0,,26839.0
2022-11-16,26,26763165.0,0,1,0.03846,0.00603,0.00603,0.00603,,,5123903.0,,5123903.0
2022-11-17,25,26924388.0,0,0,0.0,0.0092,0.0092,0.0092,,,16281471.0,,16281471.0
2022-11-18,25,27122213.0,0,0,0.0,0.0,0.0,0.0,,,0.0,,0.0
2022-11-21,25,27122213.0,0,0,0.0,0.01097,0.01097,0.01097,,,8051995.0,,8051995.0
2022-11-22,25,27014718.0,0,0,0.0,0.0,0.0,0.0,,,0.0,,0.0
2022-11-23,25,27014718.0,0,0,0.0,0.01306,0.01306,0.01306,,,10718703.0,,10718703.0
2022-11-25,25,26662007.0,0,0,0.0,0.0,0.0,0.0,,,0.0,,0.0
2022-11-28,25,26662007.0,0,0,0.0,0.0,0.0,0.0,,,0.0,,0.0
2022-11-29,25,26662007.0,0,0,0.0,0.00305,0.00305,0.00305,,,2299976.0,,2299976.0
2022-11-30,25,26580796.0,0,0,0.0,0.0,0.0,0.0,,,0.0,,0.0
2022-12-01,25,26580796.0,0,0,0.0,0.0,0.0,0.0,,,0.0,,0.0
2022-12-02,25,26580796.0,0,0,0.0,0.0,0.0,0.0,,,0.0,,0.0
2022-12-05,25,26580796.0,0,0,0.0,0.00204,0.00204,0.00204,,,1654868.0,,1654868.0
2022-12-06,25,26526672.0,0,0,0.0,0.0,0.0,0.0,,,0.0,,0.0
2022-12-07,25,26526672.0,0,0,0.0,0.0,0.0,0.0,,,0.0,,0.0
2022-12-08,25,26526672.0,0,0,0.0,0.0,0.0,0.0,,,0.0,,0.0
2022-12-09,25,26526672.0,0,0,0.0,0.0102,0.0102,0.0102,,,7722114.0,,7722114.0
2022-12-12,25,26256061.0,0,0,0.0,0.0,0.0,0.0,,,0.0,,0.0
2022-12-13,25,26256061.0,0,0,0.0,0.0,0.0,0.0,,,0.0,,0.0
2022-12-14,25,26256061.0,0,0,0.0,0.0,0.0,0.0,,,0.0,,0.0
2022-12-15,25,26256061.0,0,0,0.0,0.01083,0.01083,0.01083,,,7317984.0,,7317984.0
2022-12-16,25,26158071.0,0,0,0.0,0.00515,0.00515,0.00515,,,3706214.0,,3706214.0
2022-12-19,25,26023255.0,0,0,0.0,0.00311,0.00311,0.00311,,,2188910.0,,2188910.0
2022-12-20,25,25942378.0,0,0,0.0,0.00677,0.00677,0.00677,,,6296852.0,,6296852.0
2022-12-21,25,25944723.0,0,0,0.0,0.00291,0.00291,0.00291,,,2686291.0,,2686291.0
2022-12-22,25,25900996.0,0,0,0.0,0.00145,0.00145,0.00145,,,1217180.0,,1217180.0
2022-12-23,25,25910922.0,0,0,0.0,0.0156,0.0156,0.0156,,,11872625.0,,11872625.0
2022-12-27,25,25853925.0,0,0,0.0,0.00201,0.00201,0.00201,,,1500437.0,,1500437.0
2022-12-28,25,25885928.0,0,0,0.0,0.0004,0.0004,0.0004,,,338732.0,,338732.0
2022-12-29,25,25887892.0,0,0,0.0,0.01564,0.01564,0.01564,,,10232780.0,,10232780.0
2022-12-30,25,25482980.0,0,0,0.0,0.02805,0.02805,0.02805,,,20489290.0,,20489290.0
2023-01-03,25,25558635.0,0,0,0.0,0.00212,0.00212,0.00212,,,1430853.0,,1430853.0
2023-01-04,25,25504491.0,0,0,0.0,0.00849,0.00849,0.00849,,,5680128.0,,5680128.0
2023-01-05,25,25287946.0,0,0,0.0,0.00214,0.00214,0.00214,,,1478902.0,,1478902.0
2023-01-06,25,25233807.0,0,0,0.0,0.02173,0.02173,0.02173,,,9921999.0,,9921999.0
2023-01-09,25,24974280.0,0,0,0.0,0.0,0.0,0.0,,,0.0,,0.0
2023-01-10,25,24974280.0,0,0,0.0,0.00514,0.00514,0.00514,,,3693265.0,,3693265.0
2023-01-11,25,24982619.0,0,0,0.0,0.00491,0.00491,0.00491,,,5533601.0,,5533601.0
2023-01-12,25,25061987.0,0,0,0.0,0.0097,0.0097,0.0097,,,11488798.0,,11488798.0
2023-01-13,25,25138487.0,0,0,0.0,0.00272,0.00272,0.00272,,,3753151.0,,3753151.0
2023-01-17,25,25145503.0,0,0,0.0,0.00395,0.00395,0.00395,,,4670750.0,,4670750.0
2023-01-18,25,25237647.0,0,0,0.0,0.0,0.0,0.0,,,0.0,,0.0
2023-01-19,25,25237647.0,0,0,0.0,0.01177,0.01177,0.01177,,,9017327.0,,9017327.0
2023-01-20,25,25534573.0,0,0,0.0,0.00026,0.00026,0.00026,,,394846.0,,394846.0
2023-01-23,25,25527928.0,0,0,0.0,0.0,0.0,0.0,,,0.0,,0.0
2023-01-24,25,25527928.0,0,1,0.04,0.00317,0.00317,0.00317,,,2632827.0,,2632827.0
2023-01-25,24,25608820.0,0,0,0.0,0.00422,0.00422,0.00422,,,3464180.0,,3464180.0
2023-01-26,24,25500879.0,1,0,0.04167,0.01591,0.00763,0.01591,,,13522096.0,,13522096.0
2023-01-27,25,25517257.0,0,0,0.0,0.00606,0.00606,0.00606,,,5319365.0,,5319365.0
2023-01-30,25,25558708.0,0,0,0.0,0.00425,0.00425,0.00425,,,3736682.0,,3736682.0
2023-01-31,25,25667257.0,0,0,0.0,0.02017,0.02017,0.02017,,,28933594.0,,28933594.0
2023-02-01,25,26023789.0,0,0,0.0,0.00335,0.00335,0.00335,,,1718482.0,,1718482.0
2023-02-02,25,25940416.0,0,0,0.0,0.01045,0.01045,0.01045,,,9658323.0,,9658323.0
2023-02-03,25,26211429.0,0,0,0.0,0.0,0.0,0.0,,,0.0,,0.0
2023-02-06,25,26211429.0,0,0,0.0,0.00758,0.00758,0.00758,,,11222998.0,,11222998.0
2023-02-07,25,26261341.0,0,0,0.0,0.00907,0.00907,0.00907,,,8465153.0,,8465153.0
2023-02-08,25,26499621.0,0,0,0.0,0.00204,0.00204,0.00204,,,1949728.0,,1949728.0
2023-02-09,25,26445495.0,0,0,0.0,0.00512,0.00512,0.00512,,,4752595.0,,4752595.0
2023-02-10,25,26580816.0,0,0,0.0,0.00407,0.00407,0.00407,,,3655575.0,,3655575.0
2023-02-13,25,26689066.0,0,0,0.0,0.01439,0.01439,0.01439,,,5190927.0,,5190927.0
2023-02-14,25,26832130.0,0,0,0.0,0.00203,0.00203,0.00203,,,1804054.0,,1804054.0
2023-02-15,25,26777715.0,0,0,0.0,0.0,0.0,0.0,,,0.0,,0.0
2023-02-16,25,26777715.0,0,0,0.0,0.0,0.0,0.0,,,0.0,,0.0
2023-02-17,25,26777715.0,0,0,0.0,0.00866,0.00866,0.00866,,,6675886.0,,6675886.0
2023-02-21,25,26683286.0,0,0,0.0,0.00192,0.00192,0.00192,,,1722259.0,,1722259.0
2023-02-22,25,26634408.0,0,0,0.0,0.00089,0.00089,0.00089,,,639010.0,,639010.0
2023-02-23,25,26650623.0,0,0,0.0,0.00297,0.00297,0.00297,,,3231301.0,,3231301.0
2023-02-24,25,26592320.0,0,0,0.0,0.0102,0.0102,0.0102,,,9016127.0,,9016127.0
2023-02-27,25,26321023.0,0,0,0.0,0.0,0.0,0.0,,,0.0,,0.0
2023-02-28,25,26321023.0,0,0,0.0,0.01443,0.01443,0.01443,,,12348250.0,,12348250.0
2023-03-01,25,25941193.0,0,0,0.0,0.0,0.0,0.0,,,0.0,,0.0
2023-03-02,25,25941193.0,0,0,0.0,0.0,0.0,0.0,,,0.0,,0.0
2023-03-03,25,25941193.0,0,0,0.0,0.0,0.0,0.0,,,0.0,,0.0
2023-03-06,25,25941193.0,0,0,0.0,0.00628,0.00628,0.00628,,,5540500.0,,5540500.0
2023-03-07,25,25778408.0,0,0,0.0,0.0,0.0,0.0,,,0.0,,0.0
2023-03-08,25,25778408.0,0,0,0.0,0.0,0.0,0.0,,,0.0,,0.0
2023-03-09,25,25778408.0,0,0,0.0,0.0,0.0,0.0,,,0.0,,0.0
2023-03-10,25,25778408.0,0,0,0.0,0.0,0.0,0.0,,,0.0,,0.0
2023-03-13,25,25778408.0,0,0,0.0,0.00105,0.00105,0.00105,,,842002.0,,842002.0
2023-03-14,25,25751278.0,0,0,0.0,0.02754,0.02754,0.02754,,,17193283.0,,17193283.0
2023-03-15,25,25413365.0,0,0,0.0,0.01044,0.01044,0.01044,,,8897077.0,,8897077.0
2023-03-16,25,25197054.0,0,0,0.0,0.01465,0.01465,0.01465,,,12685005.0,,12685005.0
2023-03-17,25,24835414.0,0,0,0.0,0.0,0.0,0.0,,,0.0,,0.0
2023-03-20,25,24835414.0,0,0,0.0,0.0,0.0,0.0,,,0.0,,0.0
2023-03-21,25,24835414.0,0,0,0.0,0.009,0.009,0.009,,,7785630.0,,7785630.0
2023-03-22,25,24623934.0,0,0,0.0,0.01323,0.01323,0.01323,,,31376012.0,,31376012.0
2023-03-23,25,24361990.0,0,0,0.0,0.00067,0.00067,0.00067,,,625710.0,,625710.0
2023-03-24,25,24376028.0,0,0,0.0,0.00147,0.00147,0.00147,,,2646988.0,,2646988.0
2023-03-27,25,24409937.0,0,0,0.0,0.00094,0.00094,0.00094,,,2432294.0,,2432294.0
2023-03-28,25,24431100.0,0,0,0.0,0.01281,0.01281,0.01281,,,2514974.0,,2514974.0
2023-03-29,25,24159761.0,0,0,0.0,0.009,0.009,0.009,,,1953198.0,,1953198.0
2023-03-30,25,23976704.0,0,0,0.0,0.00484,0.00484,0.00484,,,592294.0,,592294.0
2023-03-31,25,23862698.0,0,0,0.0,0.00099,0.00099,0.00099,,,594670.0,,594670.0
2023-04-03,25,23854211.0,0,0,0.0,8e-05,8e-05,8e-05,,,9329.0,,9329.0
2023-04-04,25,23852311.0,0,0,0.0,0.0,0.0,0.0,,,0.0,,0.0
2023-04-05,25,23852311.0,0,1,0.04,0.0015,0.00149,0.0015,,,1317875.0,,1317875.0
2023-04-06,24,23816634.0,0,0,0.0,0.00141,0.00141,0.00141,,,1630944.0,,1630944.0
2023-04-10,24,23809206.0,0,0,0.0,0.0,0.0,0.0,,,0.0,,0.0
2023-04-11,24,23809206.0,0,0,0.0,0.0,0.0,0.0,,,0.0,,0.0
2023-04-12,24,23809206.0,0,0,0.0,0.0,0.0,0.0,,,0.0,,0.0
2023-04-13,24,23809206.0,0,0,0.0,0.0,0.0,0.0,,,0.0,,0.0
2023-04-14,24,23809206.0,0,0,0.0,0.0022,0.0022,0.0022,,,1846927.0,,1846927.0
2023-04-17,24,23756943.0,0,0,0.0,0.0,0.0,0.0,,,0.0,,0.0
2023-04-18,24,23756943.0,0,0,0.0,0.00175,0.00175,0.00175,,,3234156.0,,3234156.0
2023-04-19,24,23796096.0,0,0,0.0,0.00091,0.00091,0.00091,,,1679071.0,,1679071.0
2023-04-20,24,23816510.0,0,0,0.0,0.0,0.0,0.0,,,0.0,,0.0
2023-04-21,24,23816510.0,0,0,0.0,0.0,0.0,0.0,,,0.0,,0.0
2023-04-24,24,23816510.0,0,0,0.0,0.0,0.0,0.0,,,0.0,,0.0
2023-04-25,24,23816510.0,0,0,0.0,0.00218,0.00218,0.00218,,,3181934.0,,3181934.0
2023-04-26,24,23836283.0,0,0,0.0,0.00663,0.00663,0.00663,,,5272425.0,,5272425.0
2023-04-27,24,23678283.0,0,0,0.0,0.00332,0.00332,0.00332,,,2594991.0,,2594991.0
2023-04-28,24,23599603.0,0,0,0.0,0.00267,0.00267,0.00267,,,2321661.0,,2321661.0
2023-05-01,24,23544425.0,0,0,0.0,0.00057,0.00057,0.00057,,,1158044.0,,1158044.0
2023-05-02,24,23556598.0,0,0,0.0,0.00117,0.00117,0.00117,,,1908024.0,,1908024.0
2023-05-03,24,23582968.0,0,0,0.0,0.00817,0.00817,0.00817,,,6884618.0,,6884618.0
2023-05-04,24,23394460.0,0,0,0.0,0.00556,0.00556,0.00556,,,4180706.0,,4180706.0
2023-05-05,24,23264366.0,0,0,0.0,0.00028,0.00028,0.00028,,,369241.0,,369241.0
2023-05-08,24,23257922.0,0,0,0.0,0.00445,0.00445,0.00445,,,6275928.0,,6275928.0
2023-05-09,24,23253391.0,0,0,0.0,0.00012,0.00012,0.00012,,,159818.0,,159818.0
2023-05-10,24,23256109.0,0,0,0.0,0.0,0.0,0.0,,,0.0,,0.0
2023-05-11,24,23256109.0,0,0,0.0,0.00773,0.00773,0.00773,,,7151675.0,,7151675.0
2023-05-12,24,23404686.0,0,0,0.0,0.0,0.0,0.0,,,0.0,,0.0
2023-05-15,24,23404686.0,0,0,0.0,0.0,0.0,0.0,,,0.0,,0.0
2023-05-16,24,23404686.0,0,0,0.0,0.0154,0.0154,0.0154,,,8318341.0,,8318341.0
2023-05-17,24,23571302.0,0,0,0.0,2e-05,2e-05,2e-05,,,22117.0,,22117.0
2023-05-18,24,23571769.0,1,0,0.04167,0.01086,0.0023,0.01086,,,5329733.0,,5329733.0
2023-05-19,25,23724212.0,0,0,0.0,0.00249,0.00249,0.00249,,,1409454.0,,1409454.0
2023-05-22,25,23754130.0,0,0,0.0,0.0,0.0,0.0,,,0.0,,0.0
2023-05-23,25,23754130.0,0,0,0.0,0.00903,0.00903,0.00903,,,6467946.0,,6467946.0
2023-05-24,25,23968576.0,0,0,0.0,0.0,0.0,0.0,,,0.0,,0.0
2023-05-25,25,23968576.0,0,0,0.0,0.00782,0.00782,0.00782,,,6651233.0,,6651233.0
2023-05-26,25,24155934.0,0,0,0.0,0.01661,0.01661,0.01661,,,8378531.0,,8378531.0
2023-05-30,25,24339383.0,0,0,0.0,0.00021,0.00021,0.00021,,,78412.0,,78412.0
2023-05-31,25,24344403.0,0,0,0.0,0.0,0.0,0.0,,,0.0,,0.0
2023-06-01,25,24344403.0,0,0,0.0,0.01219,0.01219,0.01219,,,10672058.0,,10672058.0
2023-06-02,25,24641178.0,1,0,0.04,0.01706,0.01326,0.01706,,,8087625.0,,8087625.0
2023-06-05,26,24408161.0,0,0,0.0,0.00529,0.00529,0.00529,,,4813196.0,,4813196.0
2023-06-06,26,24537210.0,0,0,0.0,0.0,0.0,0.0,,,0.0,,0.0
2023-06-07,26,24537210.0,0,0,0.0,0.00432,0.00432,0.00432,,,3669377.0,,3669377.0
2023-06-08,26,24502489.0,0,0,0.0,0.002,0.002,0.002,,,2952303.0,,2952303.0
2023-06-09,26,24493439.0,0,0,0.0,0.00061,0.00061,0.00061,,,631874.0,,631874.0
2023-06-12,26,24491281.0,0,0,0.0,0.00269,0.00269,0.00269,,,1779077.0,,1779077.0
2023-06-13,26,24528043.0,0,0,0.0,0.0,0.0,0.0,,,0.0,,0.0
2023-06-14,26,24528043.0,0,0,0.0,0.0,0.0,0.0,,,0.0,,0.0
2023-06-15,26,24528043.0,0,0,0.0,0.0,0.0,0.0,,,0.0,,0.0
2023-06-16,26,24528043.0,0,0,0.0,0.0,0.0,0.0,,,0.0,,0.0
2023-06-20,26,24528043.0,0,0,0.0,0.00133,0.00133,0.00133,,,1752730.0,,1752730.0
2023-06-21,26,24536753.0,0,0,0.0,0.00195,0.00195,0.00195,,,2675526.0,,2675526.0
2023-06-22,26,24536814.0,0,0,0.0,0.00045,0.00045,0.00045,,,576551.0,,576551.0
2023-06-23,26,24539862.0,0,0,0.0,0.00248,0.00248,0.00248,,,1153405.0,,1153405.0
2023-06-26,26,24579192.0,1,0,0.03846,0.01726,0.0057,0.01726,,,6089416.0,,6089416.0
2023-06-27,27,24914676.0,0,0,0.0,0.01308,0.01308,0.01308,,,11938319.0,,11938319.0
2023-06-28,27,24588775.0,0,0,0.0,0.0,0.0,0.0,,,0.0,,0.0
2023-06-29,27,24588775.0,0,0,0.0,0.0,0.0,0.0,,,0.0,,0.0
2023-06-30,27,24588775.0,0,0,0.0,0.00552,0.00552,0.00552,,,5177579.0,,5177579.0
2023-07-03,27,24724582.0,0,0,0.0,0.0,0.0,0.0,,,0.0,,0.0
2023-07-05,27,24724582.0,0,0,0.0,0.0,0.0,0.0,,,0.0,,0.0
2023-07-06,27,24724582.0,0,0,0.0,0.0,0.0,0.0,,,0.0,,0.0
2023-07-07,27,24724582.0,0,0,0.0,0.0,0.0,0.0,,,0.0,,0.0
2023-07-10,27,24724582.0,0,0,0.0,0.0,0.0,0.0,,,0.0,,0.0
2023-07-11,27,24724582.0,0,0,0.0,0.00274,0.00274,0.00274,,,1964969.0,,1964969.0
2023-07-12,27,24656937.0,0,0,0.0,0.0,0.0,0.0,,,0.0,,0.0
2023-07-13,27,24656937.0,0,0,0.0,0.00659,0.00659,0.00659,,,6734496.0,,6734496.0
2023-07-14,27,24819492.0,0,0,0.0,0.0,0.0,0.0,,,0.0,,0.0
2023-07-17,27,24819492.0,1,0,0.03704,0.049,0.0362,0.049,,,30073945.0,,30073945.0
2023-07-18,28,25822804.0,0,0,0.0,0.00487,0.00487,0.00487,,,9547150.0,,9547150.0
2023-07-19,28,25794933.0,0,0,0.0,0.00527,0.00527,0.00527,,,4132533.0,,4132533.0
2023-07-20,28,25897747.0,0,0,0.0,0.0,0.0,0.0,,,0.0,,0.0
2023-07-21,28,25897747.0,0,0,0.0,0.0,0.0,0.0,,,0.0,,0.0
2023-07-24,28,25897747.0,0,0,0.0,0.00324,0.00324,0.00324,,,3436150.0,,3436150.0
2023-07-25,28,25813799.0,0,0,0.0,0.0,0.0,0.0,,,0.0,,0.0
2023-07-26,28,25813799.0,0,0,0.0,0.0,0.0,0.0,,,0.0,,0.0
2023-07-27,28,25813799.0,0,0,0.0,0.0,0.0,0.0,,,0.0,,0.0
2023-07-28,28,25813799.0,0,0,0.0,0.00516,0.00516,0.00516,,,1210706.0,,1210706.0
2023-07-31,28,25946990.0,0,0,0.0,0.0,0.0,0.0,,,0.0,,0.0
2023-08-01,28,25946990.0,0,0,0.0,0.03237,0.03237,0.03237,,,17615793.0,,17615793.0
2023-08-02,28,25984098.0,0,0,0.0,0.0183,0.0183,0.0183,,,11842383.0,,11842383.0
2023-08-03,28,26459710.0,0,0,0.0,0.00171,0.00171,0.00171,,,501376.0,,501376.0
2023-08-04,28,26504879.0,0,0,0.0,0.00336,0.00336,0.00336,,,2918380.0,,2918380.0
2023-08-07,28,26490218.0,0,0,0.0,0.0053,0.0053,0.0053,,,5338056.0,,5338056.0
2023-08-08,28,26505351.0,0,0,0.0,0.00863,0.00863,0.00863,,,8833202.0,,8833202.0
2023-08-09,28,26276587.0,0,0,0.0,0.00666,0.00666,0.00666,,,6474470.0,,6474470.0
2023-08-10,28,26355585.0,0,0,0.0,0.01469,0.01469,0.01469,,,14387620.0,,14387620.0
2023-08-11,28,26140879.0,0,0,0.0,0.0,0.0,0.0,,,0.0,,0.0
2023-08-14,28,26140879.0,0,0,0.0,4e-05,4e-05,4e-05,,,1397830.0,,1397830.0
2023-08-15,28,26139828.0,0,0,0.0,0.0,0.0,0.0,,,0.0,,0.0
2023-08-16,28,26139828.0,0,0,0.0,0.0,0.0,0.0,,,0.0,,0.0
2023-08-17,28,26139828.0,0,0,0.0,0.0011,0.0011,0.0011,,,1028000.0,,1028000.0
2023-08-18,28,26111095.0,0,0,0.0,0.01193,0.01193,0.01193,,,11169315.0,,11169315.0
2023-08-21,28,25847107.0,0,0,0.0,0.01914,0.01914,0.01914,,,16980440.0,,16980440.0
2023-08-22,28,25352484.0,0,0,0.0,0.00304,0.00304,0.00304,,,3574269.0,,3574269.0
2023-08-23,28,25275501.0,0,0,0.0,0.0,0.0,0.0,,,0.0,,0.0
2023-08-24,28,25275501.0,0,0,0.0,0.0,0.0,0.0,,,0.0,,0.0
2023-08-25,28,25275501.0,0,0,0.0,0.0,0.0,0.0,,,0.0,,0.0
2023-08-28,28,25275501.0,0,0,0.0,0.0,0.0,0.0,,,0.0,,0.0
2023-08-29,28,25275501.0,0,0,0.0,0.0,0.0,0.0,,,0.0,,0.0
2023-08-30,28,25275501.0,0,0,0.0,0.0,0.0,0.0,,,0.0,,0.0
2023-08-31,28,25275501.0,0,0,0.0,0.0,0.0,0.0,,,0.0,,0.0
2023-09-01,28,25275501.0,0,0,0.0,0.00285,0.00285,0.00285,,,1784902.0,,1784902.0
2023-09-05,28,25320123.0,0,0,0.0,0.0,0.0,0.0,,,0.0,,0.0
2023-09-06,28,25320123.0,0,0,0.0,0.0,0.0,0.0,,,0.0,,0.0
2023-09-07,28,25320123.0,0,0,0.0,0.0,0.0,0.0,,,0.0,,0.0
2023-09-08,28,25320123.0,0,0,0.0,0.0,0.0,0.0,,,0.0,,0.0
2023-09-11,28,25320123.0,0,0,0.0,0.0,0.0,0.0,,,0.0,,0.0
2023-09-12,28,25320123.0,0,0,0.0,0.01955,0.01955,0.01955,,,23661928.0,,23661928.0
2023-09-13,28,25439900.0,0,0,0.0,0.0038,0.0038,0.0038,,,1053300.0,,1053300.0
2023-09-14,28,25536679.0,0,0,0.0,0.00309,0.00309,0.00309,,,3018971.0,,3018971.0
2023-09-15,28,25563464.0,0,1,0.03571,0.00165,0.00164,0.00165,,,1653452.0,,1653452.0
2023-09-18,27,25578108.0,0,0,0.0,0.0,0.0,0.0,,,0.0,,0.0
2023-09-19,27,25578108.0,0,0,0.0,0.0,0.0,0.0,,,0.0,,0.0
2023-09-20,27,25578108.0,0,0,0.0,0.00203,0.00203,0.00203,,,1429829.0,,1429829.0
2023-09-21,27,25575315.0,0,0,0.0,0.00465,0.00465,0.00465,,,3138417.0,,3138417.0
2023-09-22,27,25603102.0,0,0,0.0,0.00975,0.00975,0.00975,,,5064297.0,,5064297.0
2023-09-25,27,25673872.0,0,0,0.0,0.0,0.0,0.0,,,0.0,,0.0
2023-09-26,27,25673872.0,0,0,0.0,0.0,0.0,0.0,,,0.0,,0.0
2023-09-27,27,25673872.0,0,0,0.0,0.0,0.0,0.0,,,0.0,,0.0
2023-09-28,27,25673872.0,0,0,0.0,0.0,0.0,0.0,,,0.0,,0.0
2023-09-29,27,25673872.0,0,0,0.0,0.0,0.0,0.0,,,0.0,,0.0
2023-10-02,27,25673872.0,0,0,0.0,0.0,0.0,0.0,,,0.0,,0.0
2023-10-03,27,25673872.0,0,0,0.0,0.0,0.0,0.0,,,0.0,,0.0
2023-10-04,27,25673872.0,0,0,0.0,0.0,0.0,0.0,,,0.0,,0.0
2023-10-05,27,25673872.0,0,0,0.0,0.01364,0.01364,0.01364,,,11306414.0,,11306414.0
2023-10-06,27,25323756.0,0,0,0.0,0.0,0.0,0.0,,,0.0,,0.0
2023-10-09,27,25323756.0,0,0,0.0,0.00674,0.00674,0.00674,,,4446061.0,,4446061.0
2023-10-10,27,25387554.0,0,0,0.0,0.0,0.0,0.0,,,0.0,,0.0
2023-10-11,27,25387554.0,0,0,0.0,0.0,0.0,0.0,,,0.0,,0.0
2023-10-12,27,25387554.0,0,0,0.0,0.0,0.0,0.0,,,0.0,,0.0
2023-10-13,27,25387554.0,0,0,0.0,0.0,0.0,0.0,,,0.0,,0.0
2023-10-16,27,25387554.0,0,0,0.0,0.0,0.0,0.0,,,0.0,,0.0
2023-10-17,27,25387554.0,0,0,0.0,0.0,0.0,0.0,,,0.0,,0.0
2023-10-18,27,25387554.0,0,0,0.0,0.0,0.0,0.0,,,0.0,,0.0
2023-10-19,27,25387554.0,0,0,0.0,0.0011,0.0011,0.0011,,,1596429.0,,1596429.0
2023-10-20,27,25385276.0,0,0,0.0,0.0,0.0,0.0,,,0.0,,0.0
2023-10-23,27,25385276.0,0,0,0.0,0.01038,0.01038,0.01038,,,8293079.0,,8293079.0
2023-10-24,27,25121861.0,0,0,0.0,0.00042,0.00042,0.00042,,,807231.0,,807231.0
2023-10-25,27,25111406.0,0,0,0.0,0.0,0.0,0.0,,,0.0,,0.0
2023-10-26,27,25111406.0,0,0,0.0,0.0,0.0,0.0,,,0.0,,0.0
2023-10-27,27,25111406.0,0,0,0.0,0.0,0.0,0.0,,,0.0,,0.0
2023-10-30,27,25111406.0,0,0,0.0,0.01646,0.01646,0.01646,,,8683142.0,,8683142.0
2023-10-31,27,24855970.0,0,0,0.0,0.01937,0.01937,0.01937,,,6858643.0,,6858643.0
2023-11-01,27,25320878.0,0,0,0.0,0.0,0.0,0.0,,,0.0,,0.0
2023-11-02,27,25320878.0,0,0,0.0,0.0,0.0,0.0,,,0.0,,0.0
2023-11-03,27,25320878.0,0,0,0.0,0.0,0.0,0.0,,,0.0,,0.0
2023-11-06,27,25320878.0,0,0,0.0,0.0,0.0,0.0,,,0.0,,0.0
2023-11-07,27,25320878.0,0,0,0.0,0.01201,0.01201,0.01201,,,4982365.0,,4982365.0
2023-11-08,27,25178950.0,0,0,0.0,0.0,0.0,0.0,,,0.0,,0.0
2023-11-09,27,25178950.0,0,0,0.0,0.01399,0.01399,0.01399,,,4292055.0,,4292055.0
2023-11-10,27,25200706.0,0,0,0.0,0.0,0.0,0.0,,,0.0,,0.0
2023-11-13,27,25200706.0,0,0,0.0,0.0,0.0,0.0,,,0.0,,0.0
2023-11-14,27,25200706.0,0,0,0.0,0.00586,0.00586,0.00586,,,5169106.0,,5169106.0
2023-11-15,27,25053049.0,0,0,0.0,0.0,0.0,0.0,,,0.0,,0.0
2023-11-16,27,25053049.0,0,0,0.0,0.00476,0.00476,0.00476,,,5225806.0,,5225806.0
2023-11-17,27,25114641.0,0,0,0.0,0.0,0.0,0.0,,,0.0,,0.0
2023-11-20,27,25114641.0,0,0,0.0,0.0,0.0,0.0,,,0.0,,0.0
2023-11-21,27,25114641.0,0,0,0.0,0.0,0.0,0.0,,,0.0,,0.0
2023-11-22,27,25114641.0,0,0,0.0,0.0,0.0,0.0,,,0.0,,0.0
2023-11-24,27,25114641.0,0,0,0.0,0.0,0.0,0.0,,,0.0,,0.0
2023-11-27,27,25114641.0,0,0,0.0,0.0,0.0,0.0,,,0.0,,0.0
2023-11-28,27,25114641.0,0,0,0.0,0.02055,0.02055,0.02055,,,9022535.0,,9022535.0
2023-11-29,27,25542869.0,0,0,0.0,0.00096,0.00096,0.00096,,,248038.0,,248038.0
2023-11-30,27,25567334.0,0,0,0.0,0.02302,0.02302,0.02302,,,10345337.0,,10345337.0
2023-12-01,27,26078577.0,0,0,0.0,0.0,0.0,0.0,,,0.0,,0.0
2023-12-04,27,26078577.0,0,0,0.0,0.0,0.0,0.0,,,0.0,,0.0
2023-12-05,27,26078577.0,0,0,0.0,0.00347,0.00347,0.00347,,,1667205.0,,1667205.0
2023-12-06,27,26163115.0,0,0,0.0,0.01235,0.01235,0.01235,,,7588266.0,,7588266.0
2023-12-07,27,26360077.0,0,0,0.0,0.01269,0.01269,0.01269,,,7433759.0,,7433759.0
2023-12-08,27,26526358.0,0,0,0.0,0.0014,0.0014,0.0014,,,426493.0,,426493.0
2023-12-11,27,26489207.0,0,0,0.0,0.00267,0.00267,0.00267,,,2134663.0,,2134663.0
2023-12-12,27,26490619.0,0,0,0.0,0.00065,0.00065,0.00065,,,441223.0,,441223.0
2023-12-13,27,26475093.0,0,0,0.0,0.00387,0.00387,0.00387,,,1847155.0,,1847155.0
2023-12-14,27,26555835.0,0,0,0.0,0.0,0.0,0.0,,,0.0,,0.0
2023-12-15,27,26555835.0,0,1,0.03704,0.02286,0.0,0.02286,,,6071.0,,6071.0
2023-12-18,26,25948776.0,0,0,0.0,0.00146,0.00146,0.00146,,,1919397.0,,1919397.0
2023-12-19,26,25977620.0,0,0,0.0,0.00045,0.00045,0.00045,,,444257.0,,444257.0
2023-12-20,26,25989404.0,0,0,0.0,0.00466,0.00466,0.00466,,,1594887.0,,1594887.0
2023-12-21,26,25868304.0,1,0,0.03846,0.00063,0.0,0.00063,,,5683135.0,,5683135.0
2023-12-22,27,25884575.0,0,0,0.0,0.00731,0.00731,0.00731,,,16641768.0,,16641768.0
2023-12-26,27,26073700.0,0,0,0.0,0.00144,0.00144,0.00144,,,11204436.0,,11204436.0
2023-12-27,27,26111368.0,0,0,0.0,2e-05,2e-05,2e-05,,,108047.0,,108047.0
2023-12-28,27,26110740.0,0,0,0.0,0.0,0.0,0.0,,,0.0,,0.0
2023-12-29,27,26110740.0,0,0,0.0,0.01321,0.01321,0.01321,,,15523648.0,,15523648.0
2024-01-02,27,26455574.0,0,0,0.0,0.0,0.0,0.0,,,11131.0,,11131.0
2024-01-03,27,26455510.0,0,0,0.0,0.00069,0.00069,0.00069,,,1626418.0,,1626418.0
2024-01-04,27,26473544.0,0,0,0.0,0.0,0.0,0.0,,,0.0,,0.0
2024-01-05,27,26473544.0,0,0,0.0,0.01066,0.01066,0.01066,,,11522647.0,,11522647.0
2024-01-08,27,26191209.0,0,0,0.0,0.00426,0.00426,0.00426,,,3270720.0,,3270720.0
2024-01-09,27,26281231.0,0,0,0.0,0.00533,0.00533,0.00533,,,7307680.0,,7307680.0
2024-01-10,27,26395615.0,0,0,0.0,0.0005,0.0005,0.0005,,,892214.0,,892214.0
2024-01-11,27,26408810.0,0,0,0.0,0.00578,0.00578,0.00578,,,2082510.0,,2082510.0
2024-01-12,27,26556272.0,0,0,0.0,0.00579,0.00579,0.00579,,,6444907.0,,6444907.0
2024-01-16,27,26441444.0,0,0,0.0,0.0,0.0,0.0,,,0.0,,0.0
2024-01-17,27,26441444.0,0,0,0.0,0.00844,0.00844,0.00844,,,8897212.0,,8897212.0
2024-01-18,27,26218388.0,0,0,0.0,0.00134,0.00134,0.00134,,,319214.0,,319214.0
2024-01-19,27,26253505.0,0,0,0.0,0.00101,0.00101,0.00101,,,239481.0,,239481.0
2024-01-22,27,26279967.0,0,0,0.0,0.00851,0.00851,0.00851,,,8869716.0,,8869716.0
2024-01-23,27,26056434.0,0,0,0.0,0.00613,0.00613,0.00613,,,6444257.0,,6444257.0
2024-01-24,27,25896728.0,0,0,0.0,0.0,0.0,0.0,,,0.0,,0.0
2024-01-25,27,25896728.0,0,0,0.0,0.0074,0.0074,0.0074,,,7610924.0,,7610924.0
2024-01-26,27,25705141.0,0,0,0.0,0.0,0.0,0.0,,,0.0,,0.0
2024-01-29,27,25705141.0,0,0,0.0,0.0,0.0,0.0,,,0.0,,0.0
2024-01-30,27,25705141.0,0,0,0.0,0.0,0.0,0.0,,,0.0,,0.0
2024-01-31,27,25705141.0,0,0,0.0,0.01413,0.01413,0.01413,,,5041821.0,,5041821.0
2024-02-01,27,25921938.0,0,0,0.0,0.01633,0.01633,0.01633,,,5386861.0,,5386861.0
2024-02-02,27,26188315.0,0,0,0.0,0.0,0.0,0.0,,,0.0,,0.0
2024-02-05,27,26188315.0,0,0,0.0,0.00367,0.00367,0.00367,,,6413469.0,,6413469.0
2024-02-06,27,26206247.0,1,0,0.03704,0.0047,0.00381,0.0047,,,12730531.0,,12730531.0
2024-02-07,28,26142147.0,0,0,0.0,0.00804,0.00804,0.00804,,,9293234.0,,9293234.0
2024-02-08,28,26337225.0,0,0,0.0,0.00529,0.00529,0.00529,,,5764968.0,,5764968.0
2024-02-09,28,26216209.0,0,0,0.0,0.00171,0.00171,0.00171,,,2176602.0,,2176602.0
2024-02-12,28,26242080.0,0,0,0.0,0.01011,0.01011,0.01011,,,12092814.0,,12092814.0
2024-02-13,28,26127808.0,0,0,0.0,0.00435,0.00435,0.00435,,,5180057.0,,5180057.0
2024-02-14,28,26178527.0,0,0,0.0,0.00517,0.00517,0.00517,,,5523779.0,,5523779.0
2024-02-15,28,26061765.0,0,0,0.0,0.0026,0.0026,0.0026,,,11013705.0,,11013705.0
2024-02-16,28,26069407.0,0,0,0.0,0.01349,0.01349,0.01349,,,5506095.0,,5506095.0
2024-02-20,28,26389071.0,0,0,0.0,0.02379,0.02379,0.02379,,,25648327.0,,25648327.0
2024-02-21,28,26563712.0,0,0,0.0,0.00627,0.00627,0.00627,,,5854023.0,,5854023.0
2024-02-22,28,26477927.0,0,0,0.0,0.00833,0.00833,0.00833,,,8819927.0,,8819927.0
2024-02-23,28,26406914.0,0,0,0.0,0.00435,0.00435,0.00435,,,2956439.0,,2956439.0
2024-02-26,28,26350207.0,0,0,0.0,0.0061,0.0061,0.0061,,,6538089.0,,6538089.0
2024-02-27,28,26217235.0,0,0,0.0,0.00874,0.00874,0.00874,,,3798446.0,,3798446.0
2024-02-28,28,25999002.0,0,0,0.0,0.00642,0.00642,0.00642,,,4154808.0,,4154808.0
2024-02-29,28,25868759.0,0,0,0.0,0.00022,0.00022,0.00022,,,346012.0,,346012.0
2024-03-01,28,25862968.0,0,0,0.0,0.00031,0.00031,0.00031,,,129795.0,,129795.0
2024-03-04,28,25855010.0,0,0,0.0,0.0,0.0,0.0,,,0.0,,0.0
2024-03-05,28,25855010.0,1,0,0.03571,0.0458,0.04373,0.0458,,,39351662.0,,39351662.0
2024-03-06,29,26763087.0,0,0,0.0,0.02634,0.02634,0.02634,,,38384963.0,,38384963.0
2024-03-07,29,27087669.0,0,0,0.0,0.01282,0.01282,0.01282,,,19830119.0,,19830119.0
2024-03-08,29,26820402.0,0,0,0.0,0.00482,0.00482,0.00482,,,3042195.0,,3042195.0
2024-03-11,29,26942249.0,0,0,0.0,0.00644,0.00644,0.00644,,,5482706.0,,5482706.0
2024-03-12,29,27104643.0,0,0,0.0,0.04749,0.04749,0.04749,,,41201732.0,,41201732.0
2024-03-13,29,28232473.0,0,0,0.0,0.01093,0.01093,0.01093,,,14972243.0,,14972243.0
2024-03-14,29,28479989.0,0,0,0.0,0.00067,0.00067,0.00067,,,1412971.0,,1412971.0
2024-03-15,29,28492094.0,0,0,0.0,0.0119,0.0119,0.0119,,,6241405.0,,6241405.0
2024-03-18,29,28374068.0,0,0,0.0,0.00085,0.00085,0.00085,,,436507.0,,436507.0
2024-03-19,29,28350018.0,0,0,0.0,0.0,0.0,0.0,,,0.0,,0.0
2024-03-20,29,28350018.0,0,0,0.0,0.01295,0.01295,0.01295,,,14477764.0,,14477764.0
2024-03-21,29,27982760.0,0,0,0.0,0.0,0.0,0.0,,,0.0,,0.0
2024-03-22,29,27982760.0,1,0,0.03448,0.00403,0.00389,0.00403,,,14093768.0,,14093768.0
2024-03-25,30,27980643.0,0,0,0.0,0.00761,0.00761,0.00761,,,12411480.0,,12411480.0
2024-03-26,30,27986272.0,0,0,0.0,0.00849,0.00849,0.00849,,,8076786.0,,8076786.0
2024-03-27,30,27924927.0,0,0,0.0,9e-05,9e-05,9e-05,,,96022.0,,96022.0
2024-03-28,30,27927502.0,0,0,0.0,1e-05,1e-05,1e-05,,,9091.0,,9091.0
2024-04-01,30,27927742.0,0,0,0.0,0.00393,0.00393,0.00393,,,4535080.0,,4535080.0
2024-04-02,30,27817979.0,0,0,0.0,0.01186,0.01186,0.01186,,,8188453.0,,8188453.0
2024-04-03,30,27889435.0,0,0,0.0,0.01437,0.01437,0.01437,,,17827874.0,,17827874.0
2024-04-04,30,27672835.0,0,0,0.0,0.00211,0.00211,0.00211,,,2861672.0,,2861672.0
2024-04-05,30,27668394.0,0,0,0.0,0.00674,0.00674,0.00674,,,2267962.0,,2267962.0
2024-04-08,30,27826895.0,0,0,0.0,0.00116,0.00116,0.00116,,,597565.0,,597565.0
2024-04-09,30,27795375.0,0,0,0.0,0.00129,0.00129,0.00129,,,1150645.0,,1150645.0
2024-04-10,30,27822034.0,0,0,0.0,0.00023,0.00023,0.00023,,,96866.0,,96866.0
2024-04-11,30,27828466.0,0,0,0.0,0.00717,0.00717,0.00717,,,6811756.0,,6811756.0
2024-04-12,30,27735901.0,0,0,0.0,0.00333,0.00333,0.00333,,,2882992.0,,2882992.0
2024-04-15,30,27759865.0,0,0,0.0,0.00239,0.00239,0.00239,,,981134.0,,981134.0
2024-04-16,30,27729993.0,0,0,0.0,0.00458,0.00458,0.00458,,,4293105.0,,4293105.0
2024-04-17,30,27611670.0,0,0,0.0,0.00539,0.00539,0.00539,,,5496121.0,,5496121.0
2024-04-18,30,27462802.0,0,0,0.0,0.0,0.0,0.0,,,0.0,,0.0
2024-04-19,30,27462802.0,0,0,0.0,0.03298,0.03298,0.03298,,,29945759.0,,29945759.0
2024-04-22,30,26557055.0,2,0,0.06667,0.0551,0.0071,0.0551,,,51235596.0,,51235596.0
2024-04-23,32,27643201.0,0,0,0.0,0.0,0.0,0.0,,,0.0,,0.0
2024-04-24,32,27643201.0,0,0,0.0,0.00395,0.00395,0.00395,,,4168404.0,,4168404.0
2024-04-25,32,27534064.0,0,0,0.0,0.0,0.0,0.0,,,5553.0,,5553.0
2024-04-26,32,27534037.0,0,0,0.0,0.00113,0.00113,0.00113,,,3229021.0,,3229021.0
2024-04-29,32,27508074.0,0,0,0.0,0.01044,0.01044,0.01044,,,10805195.0,,10805195.0
2024-04-30,32,27222322.0,0,0,0.0,3e-05,3e-05,3e-05,,,398876.0,,398876.0
2024-05-01,32,27223244.0,0,0,0.0,0.0,0.0,0.0,,,0.0,,0.0
2024-05-02,32,27223244.0,0,0,0.0,0.0,0.0,0.0,,,2875.0,,2875.0
2024-05-03,32,27223201.0,0,0,0.0,0.0,0.0,0.0,,,0.0,,0.0
2024-05-06,32,27223201.0,0,0,0.0,0.0,0.0,0.0,,,0.0,,0.0
2024-05-07,32,27223201.0,0,0,0.0,0.00395,0.00395,0.00395,,,4109163.0,,4109163.0
2024-05-08,32,27115538.0,0,0,0.0,0.00668,0.00668,0.00668,,,5965142.0,,5965142.0
2024-05-09,32,27214558.0,0,1,0.03125,0.02529,0.02529,0.02529,,,28756928.0,,28756928.0
2024-05-10,31,26835155.0,0,0,0.0,0.01667,0.01667,0.01667,,,13930215.0,,13930215.0
2024-05-13,31,26634747.0,0,0,0.0,8e-05,8e-05,8e-05,,,63057.0,,63057.0
2024-05-14,31,26636752.0,0,0,0.0,0.00626,0.00626,0.00626,,,7535408.0,,7535408.0
2024-05-15,31,26605367.0,0,0,0.0,0.00212,0.00212,0.00212,,,2903827.0,,2903827.0
2024-05-16,31,26598769.0,0,0,0.0,0.0001,0.0001,0.0001,,,90778.0,,90778.0
2024-05-17,31,26601519.0,0,0,0.0,0.00023,0.00023,0.00023,,,199246.0,,199246.0
2024-05-20,31,26607601.0,0,0,0.0,0.00485,0.00485,0.00485,,,2591349.0,,2591349.0
2024-05-21,31,26478614.0,0,0,0.0,0.0059,0.0059,0.0059,,,5225186.0,,5225186.0
2024-05-22,31,26390571.0,0,0,0.0,0.00765,0.00765,0.00765,,,7364598.0,,7364598.0
2024-05-23,31,26244193.0,0,0,0.0,0.00811,0.00811,0.00811,,,7985535.0,,7985535.0
2024-05-24,31,26031463.0,1,0,0.03226,0.02004,0.01619,0.02004,,,11016103.0,,11016103.0
2024-05-28,32,25710139.0,0,0,0.0,0.01767,0.01767,0.01767,,,7933298.0,,7933298.0
2024-05-29,32,25364367.0,0,0,0.0,0.00544,0.00544,0.00544,,,5268065.0,,5268065.0
2024-05-30,32,25226387.0,0,0,0.0,0.01133,0.01133,0.01133,,,8890313.0,,8890313.0
2024-05-31,32,24940599.0,0,0,0.0,0.01072,0.01072,0.01072,,,4332392.0,,4332392.0
2024-06-03,32,24981784.0,0,0,0.0,0.0,0.0,0.0,,,0.0,,0.0
2024-06-04,32,24981784.0,0,0,0.0,0.0,0.0,0.0,,,0.0,,0.0
2024-06-05,32,24981784.0,0,0,0.0,0.00131,0.00131,0.00131,,,1780896.0,,1780896.0
2024-06-06,32,25014461.0,0,0,0.0,0.02611,0.02611,0.02611,,,24658499.0,,24658499.0
2024-06-07,32,24361440.0,0,0,0.0,5e-05,5e-05,5e-05,,,83260.0,,83260.0
2024-06-10,32,24362752.0,0,0,0.0,0.00083,0.00083,0.00083,,,947367.0,,947367.0
2024-06-11,32,24368976.0,0,0,0.0,0.00131,0.00131,0.00131,,,745388.0,,745388.0
2024-06-12,32,24337149.0,0,0,0.0,0.0,0.0,0.0,,,0.0,,0.0
2024-06-13,32,24337149.0,0,0,0.0,0.00714,0.00714,0.00714,,,6207439.0,,6207439.0
2024-06-14,32,24163484.0,0,0,0.0,0.00569,0.00569,0.00569,,,5260649.0,,5260649.0
2024-06-17,32,24026064.0,0,0,0.0,0.00858,0.00858,0.00858,,,7890326.0,,7890326.0
2024-06-18,32,23819934.0,0,0,0.0,0.00577,0.00577,0.00577,,,5290485.0,,5290485.0
2024-06-20,32,23682519.0,0,0,0.0,0.0,0.0,0.0,,,0.0,,0.0
2024-06-21,32,23682519.0,0,0,0.0,0.0,0.0,0.0,,,0.0,,0.0
2024-06-24,32,23682519.0,0,0,0.0,0.0,0.0,0.0,,,0.0,,0.0
2024-06-25,32,23682519.0,0,0,0.0,0.01015,0.01015,0.01015,,,9114771.0,,9114771.0
2024-06-26,32,23442027.0,0,0,0.0,0.00733,0.00733,0.00733,,,6585445.0,,6585445.0
2024-06-27,32,23270257.0,0,0,0.0,0.0,0.0,0.0,,,0.0,,0.0
2024-06-28,32,23270257.0,0,0,0.0,0.00027,0.00027,0.00027,,,63730.0,,63730.0
2024-07-01,32,23263972.0,0,0,0.0,0.0,0.0,0.0,,,0.0,,0.0
2024-07-02,32,23263972.0,0,0,0.0,4e-05,4e-05,4e-05,,,9320.0,,9320.0
2024-07-03,32,23262972.0,0,0,0.0,1e-05,1e-05,1e-05,,,1880.0,,1880.0
2024-07-05,32,23262772.0,0,1,0.03125,0.0,0.0,0.0,,,940.0,,940.0
2024-07-08,31,23262672.0,0,0,0.0,0.0,0.0,0.0,,,0.0,,0.0
2024-07-09,31,23262672.0,0,0,0.0,0.0,0.0,0.0,,,0.0,,0.0
2024-07-10,31,23262672.0,0,0,0.0,0.0,0.0,0.0,,,0.0,,0.0
2024-07-11,31,23262672.0,0,0,0.0,0.00443,0.00443,0.00443,,,4008377.0,,4008377.0
2024-07-12,31,23159647.0,0,0,0.0,0.0089,0.0089,0.0089,,,8013606.0,,8013606.0
2024-07-15,31,22953631.0,0,0,0.0,0.00906,0.00906,0.00906,,,8582261.0,,8582261.0
2024-07-16,31,22745558.0,0,0,0.0,8e-05,8e-05,8e-05,,,460201.0,,460201.0
2024-07-17,31,22743663.0,0,0,0.0,0.0,0.0,0.0,,,0.0,,0.0
2024-07-18,31,22743663.0,0,0,0.0,0.0,0.0,0.0,,,0.0,,0.0
2024-07-19,31,22743663.0,0,0,0.0,0.0,0.0,0.0,,,0.0,,0.0
2024-07-22,31,22743663.0,0,0,0.0,0.01011,0.01011,0.01011,,,10895290.0,,10895290.0
2024-07-23,31,22804267.0,0,0,0.0,0.00165,0.00165,0.00165,,,3192024.0,,3192024.0
2024-07-24,31,22819821.0,0,0,0.0,0.00012,0.00012,0.00012,,,366812.0,,366812.0
2024-07-25,31,22817036.0,0,0,0.0,0.0026,0.0026,0.0026,,,3184457.0,,3184457.0
2024-07-26,31,22759829.0,0,0,0.0,0.00046,0.00046,0.00046,,,259796.0,,259796.0
2024-07-29,31,22749433.0,0,0,0.0,0.0,0.0,0.0,,,0.0,,0.0
2024-07-30,31,22749433.0,0,0,0.0,0.01803,0.01803,0.01803,,,15637688.0,,15637688.0
2024-07-31,31,22339346.0,0,0,0.0,0.00615,0.00615,0.00615,,,5575982.0,,5575982.0
2024-08-01,31,22201986.0,0,0,0.0,0.01017,0.01017,0.01017,,,10593144.0,,10593144.0
2024-08-02,31,22091707.0,0,0,0.0,0.00272,0.00272,0.00272,,,9203538.0,,9203538.0
2024-08-05,31,22075335.0,0,0,0.0,0.0,0.0,0.0,,,0.0,,0.0
2024-08-06,31,22075335.0,1,0,0.03226,0.03009,0.02929,0.03009,,,19951283.0,,19951283.0
2024-08-07,32,21717503.0,0,0,0.0,0.01943,0.01943,0.01943,,,17312864.0,,17312864.0
2024-08-08,32,22013021.0,0,0,0.0,0.00349,0.00349,0.00349,,,3311177.0,,3311177.0
2024-08-09,32,22018090.0,0,0,0.0,0.00379,0.00379,0.00379,,,2403334.0,,2403334.0
2024-08-12,32,22055185.0,0,0,0.0,3e-05,3e-05,3e-05,,,120030.0,,120030.0
2024-08-13,32,22055904.0,0,0,0.0,0.00807,0.00807,0.00807,,,7153819.0,,7153819.0
2024-08-14,32,21975085.0,0,0,0.0,0.00226,0.00226,0.00226,,,401025.0,,401025.0
2024-08-15,32,22024840.0,0,0,0.0,0.00231,0.00231,0.00231,,,398835.0,,398835.0
2024-08-16,32,22075647.0,0,0,0.0,0.0,0.0,0.0,,,0.0,,0.0
2024-08-19,32,22075647.0,0,0,0.0,0.00478,0.00478,0.00478,,,4076136.0,,4076136.0
2024-08-20,32,21970134.0,0,0,0.0,0.0,0.0,0.0,,,0.0,,0.0
2024-08-21,32,21970134.0,0,0,0.0,0.00258,0.00258,0.00258,,,2837142.0,,2837142.0
2024-08-22,32,21951647.0,0,0,0.0,0.00293,0.00293,0.00293,,,2616114.0,,2616114.0
2024-08-23,32,21948375.0,0,0,0.0,0.00111,0.00111,0.00111,,,985663.0,,985663.0
2024-08-26,32,21949397.0,0,0,0.0,0.00195,0.00195,0.00195,,,530887.0,,530887.0
2024-08-27,32,21906618.0,0,0,0.0,0.0,0.0,0.0,,,0.0,,0.0
2024-08-28,32,21906618.0,0,0,0.0,0.0,0.0,0.0,,,0.0,,0.0
2024-08-29,32,21906618.0,0,0,0.0,0.0064,0.0064,0.0064,,,5444537.0,,5444537.0
2024-08-30,32,21766374.0,0,0,0.0,0.0,0.0,0.0,,,0.0,,0.0
2024-09-03,32,21766374.0,0,0,0.0,0.0,0.0,0.0,,,0.0,,0.0
2024-09-04,32,21766374.0,0,0,0.0,0.0,0.0,0.0,,,0.0,,0.0
2024-09-05,32,21766374.0,0,0,0.0,0.0,0.0,0.0,,,0.0,,0.0
2024-09-06,32,21766374.0,0,0,0.0,0.0,0.0,0.0,,,0.0,,0.0
2024-09-09,32,21766374.0,0,0,0.0,0.00046,0.00046,0.00046,,,512739.0,,512739.0
2024-09-10,32,21776410.0,0,0,0.0,0.0,0.0,0.0,,,0.0,,0.0
2024-09-11,32,21776410.0,0,0,0.0,0.00483,0.00483,0.00483,,,3966640.0,,3966640.0
2024-09-12,32,21671175.0,0,0,0.0,0.00034,0.00034,0.00034,,,1826159.0,,1826159.0
2024-09-13,32,21675659.0,0,0,0.0,0.0009,0.0009,0.0009,,,422370.0,,422370.0
2024-09-16,32,21656141.0,0,0,0.0,0.00089,0.00089,0.00089,,,427209.0,,427209.0
2024-09-17,32,21636784.0,0,0,0.0,0.00088,0.00088,0.00088,,,421124.0,,421124.0
2024-09-18,32,21617823.0,0,0,0.0,0.0,0.0,0.0,,,0.0,,0.0
2024-09-19,32,21617823.0,0,0,0.0,0.00115,0.00115,0.00115,,,569068.0,,569068.0
2024-09-20,32,21593027.0,0,0,0.0,0.0,0.0,0.0,,,0.0,,0.0
2024-09-23,32,21593027.0,0,0,0.0,0.00485,0.00485,0.00485,,,4313972.0,,4313972.0
2024-09-24,32,21488194.0,0,0,0.0,0.0027,0.0027,0.0027,,,4519592.0,,4519592.0
2024-09-25,32,21545903.0,0,0,0.0,0.0,0.0,0.0,,,0.0,,0.0
2024-09-26,32,21545903.0,0,0,0.0,0.00813,0.00813,0.00813,,,7214501.0,,7214501.0
2024-09-27,32,21370668.0,0,0,0.0,0.0,0.0,0.0,,,0.0,,0.0
2024-09-30,32,21370668.0,0,0,0.0,0.00656,0.00656,0.00656,,,5860504.0,,5860504.0
2024-10-01,32,21230476.0,0,0,0.0,0.0,0.0,0.0,,,0.0,,0.0
2024-10-02,32,21230476.0,0,0,0.0,0.0099,0.0099,0.0099,,,8542437.0,,8542437.0
2024-10-03,32,21020206.0,0,0,0.0,0.0,0.0,0.0,,,0.0,,0.0
2024-10-04,32,21020206.0,0,0,0.0,0.01,0.01,0.01,,,8514765.0,,8514765.0
2024-10-07,32,20809924.0,0,0,0.0,0.00054,0.00054,0.00054,,,846705.0,,846705.0
2024-10-08,32,20798767.0,0,0,0.0,0.0,0.0,0.0,,,0.0,,0.0
2024-10-09,32,20798767.0,0,0,0.0,0.00715,0.00715,0.00715,,,5653345.0,,5653345.0
2024-10-10,32,20676096.0,0,0,0.0,0.0,0.0,0.0,,,0.0,,0.0
2024-10-11,32,20676096.0,0,0,0.0,0.0,0.0,0.0,,,0.0,,0.0
2024-10-14,32,20676096.0,0,0,0.0,0.0101,0.0101,0.0101,,,8950582.0,,8950582.0
2024-10-15,32,20467224.0,0,0,0.0,0.00071,0.00071,0.00071,,,390366.0,,390366.0
2024-10-16,32,20452766.0,0,0,0.0,0.0,0.0,0.0,,,0.0,,0.0
2024-10-17,32,20452766.0,0,0,0.0,0.0,0.0,0.0,,,0.0,,0.0
2024-10-18,32,20452766.0,0,0,0.0,0.0102,0.0102,0.0102,,,9086555.0,,9086555.0
2024-10-21,32,20661476.0,0,0,0.0,0.0,0.0,0.0,,,0.0,,0.0
2024-10-22,32,20661476.0,0,0,0.0,0.0,0.0,0.0,,,0.0,,0.0
2024-10-23,32,20661476.0,0,0,0.0,0.0,0.0,0.0,,,0.0,,0.0
2024-10-24,32,20661476.0,0,0,0.0,0.0,0.0,0.0,,,0.0,,0.0
2024-10-25,32,20661476.0,0,0,0.0,0.0,0.0,0.0,,,0.0,,0.0
2024-10-28,32,20661476.0,0,0,0.0,0.0,0.0,0.0,,,0.0,,0.0
2024-10-29,32,20661476.0,0,0,0.0,0.00069,0.00069,0.00069,,,479739.0,,479739.0
2024-10-30,32,20660619.0,0,0,0.0,0.00079,0.00079,0.00079,,,459580.0,,459580.0
2024-10-31,32,20644223.0,0,0,0.0,0.0,0.0,0.0,,,0.0,,0.0
2024-11-01,32,20644223.0,0,0,0.0,0.00608,0.00608,0.00608,,,8067962.0,,8067962.0
2024-11-04,32,20597241.0,0,0,0.0,0.01184,0.01184,0.01184,,,10641508.0,,10641508.0
2024-11-05,32,20353304.0,0,0,0.0,0.01149,0.01149,0.01149,,,13711946.0,,13711946.0
2024-11-06,32,20224754.0,0,0,0.0,0.0,0.0,0.0,,,51.0,,51.0
2024-11-07,32,20224753.0,0,0,0.0,3e-05,3e-05,3e-05,,,42314.0,,42314.0
2024-11-08,32,20224208.0,0,0,0.0,0.00456,0.00456,0.00456,,,9827375.0,,9827375.0
2024-11-11,32,20137350.0,0,0,0.0,0.0,0.0,0.0,,,0.0,,0.0
2024-11-12,32,20137350.0,0,0,0.0,0.00169,0.00169,0.00169,,,1114183.0,,1114183.0
2024-11-13,32,20103381.0,0,0,0.0,0.00782,0.00782,0.00782,,,8729021.0,,8729021.0
2024-11-14,32,20260686.0,0,0,0.0,0.0,0.0,0.0,,,0.0,,0.0
2024-11-15,32,20260686.0,0,0,0.0,0.00025,0.00025,0.00025,,,1058669.0,,1058669.0
2024-11-18,32,20265692.0,0,0,0.0,0.00777,0.00777,0.00777,,,8508688.0,,8508688.0
2024-11-19,32,20423063.0,0,0,0.0,0.0,0.0,0.0,,,0.0,,0.0
2024-11-20,32,20423063.0,0,0,0.0,0.0,0.0,0.0,,,0.0,,0.0
2024-11-21,32,20423063.0,0,0,0.0,0.0,0.0,0.0,,,0.0,,0.0
2024-11-22,32,20423063.0,0,0,0.0,0.0,0.0,0.0,,,0.0,,0.0
2024-11-25,32,20423063.0,0,0,0.0,0.00466,0.00466,0.00466,,,2161641.0,,2161641.0
2024-11-26,32,20352494.0,0,0,0.0,0.04361,0.04361,0.04361,,,27787914.0,,27787914.0
2024-11-27,32,20264457.0,0,0,0.0,0.0,0.0,0.0,,,0.0,,0.0
2024-11-29,32,20264457.0,0,0,0.0,0.0,0.0,0.0,,,0.0,,0.0
2024-12-02,32,20264457.0,0,0,0.0,0.0,0.0,0.0,,,0.0,,0.0
2024-12-03,32,20264457.0,0,0,0.0,0.0077,0.0077,0.0077,,,4593611.0,,4593611.0
2024-12-04,32,20214231.0,0,0,0.0,0.0,0.0,0.0,,,0.0,,0.0
2024-12-05,32,20214231.0,0,0,0.0,0.0,0.0,0.0,,,0.0,,0.0
2024-12-06,32,20214231.0,0,0,0.0,0.00923,0.00923,0.00923,,,11176090.0,,11176090.0
2024-12-09,32,20400891.0,0,0,0.0,0.0,0.0,0.0,,,0.0,,0.0
2024-12-10,32,20400891.0,0,0,0.0,0.0,0.0,0.0,,,0.0,,0.0
2024-12-11,32,20400891.0,0,0,0.0,0.0,0.0,0.0,,,0.0,,0.0
2024-12-12,32,20400891.0,0,0,0.0,0.0,0.0,0.0,,,0.0,,0.0
2024-12-13,32,20400891.0,0,0,0.0,0.0,0.0,0.0,,,0.0,,0.0
2024-12-16,32,20400891.0,0,0,0.0,0.0,0.0,0.0,,,0.0,,0.0
2024-12-17,32,20400891.0,0,0,0.0,0.0,0.0,0.0,,,0.0,,0.0
2024-12-18,32,20400891.0,1,0,0.03125,0.01033,0.0036,0.01033,,,22770989.0,,22770989.0
2024-12-19,33,20464655.0,0,0,0.0,0.00109,0.00109,0.00109,,,3769720.0,,3769720.0
2024-12-20,33,20470612.0,0,0,0.0,0.00915,0.00915,0.00915,,,10423315.0,,10423315.0
2024-12-23,33,20657925.0,0,0,0.0,0.0,0.0,0.0,,,0.0,,0.0
2024-12-24,33,20657925.0,0,0,0.0,0.01345,0.01345,0.01345,,,16373313.0,,16373313.0
2024-12-26,33,20394336.0,0,0,0.0,0.00997,0.00997,0.00997,,,11387306.0,,11387306.0
2024-12-27,33,20190948.0,0,0,0.0,0.0,0.0,0.0,,,0.0,,0.0
2024-12-30,33,20190948.0,0,0,0.0,0.0,0.0,0.0,,,0.0,,0.0
2024-12-31,33,20190948.0,0,0,0.0,0.0,0.0,0.0,,,0.0,,0.0
2025-01-02,33,20190948.0,0,0,0.0,0.0,0.0,0.0,,,0.0,,0.0
2025-01-03,33,20190948.0,0,0,0.0,0.03022,0.03022,0.03022,,,32860913.0,,32860913.0
2025-01-06,33,19580784.0,0,0,0.0,0.01143,0.01143,0.01143,,,12940752.0,,12940752.0
2025-01-07,33,19357051.0,0,0,0.0,0.00369,0.00369,0.00369,,,8416111.0,,8416111.0
2025-01-08,33,19314728.0,0,0,0.0,1e-05,1e-05,1e-05,,,16098.0,,16098.0
2025-01-10,33,19314498.0,0,0,0.0,0.01361,0.01361,0.01361,,,13948788.0,,13948788.0
2025-01-13,33,19093912.0,0,0,0.0,0.0,0.0,0.0,,,0.0,,0.0
2025-01-14,33,19093912.0,0,0,0.0,0.0,0.0,0.0,,,0.0,,0.0
2025-01-15,33,19093912.0,0,0,0.0,0.00082,0.00082,0.00082,,,1588394.0,,1588394.0
2025-01-16,33,19098510.0,0,0,0.0,0.00116,0.00116,0.00116,,,2574612.0,,2574612.0
2025-01-17,33,19100897.0,0,0,0.0,0.00056,0.00056,0.00056,,,786852.0,,786852.0
2025-01-21,33,19111639.0,0,0,0.0,0.00023,0.00023,0.00023,,,315561.0,,315561.0
2025-01-22,33,19116003.0,0,0,0.0,0.0,0.0,0.0,,,0.0,,0.0
2025-01-23,33,19116003.0,0,0,0.0,0.0,0.0,0.0,,,0.0,,0.0
2025-01-24,33,19116003.0,0,0,0.0,0.0,0.0,0.0,,,0.0,,0.0
2025-01-27,33,19116003.0,0,0,0.0,0.0,0.0,0.0,,,0.0,,0.0
2025-01-28,33,19116003.0,0,0,0.0,0.0,0.0,0.0,,,0.0,,0.0
2025-01-29,33,19116003.0,0,0,0.0,0.01414,0.01414,0.01414,,,16067718.0,,16067718.0
2025-01-30,33,18845659.0,0,0,0.0,0.0,0.0,0.0,,,0.0,,0.0
2025-01-31,33,18845659.0,0,0,0.0,0.0,0.0,0.0,,,7039.0,,7039.0
2025-02-03,33,18845631.0,0,0,0.0,0.0,0.0,0.0,,,0.0,,0.0
2025-02-04,33,18845631.0,0,0,0.0,0.00014,0.00014,0.00014,,,549474.0,,549474.0
2025-02-05,33,18842915.0,0,0,0.0,0.0,0.0,0.0,,,0.0,,0.0
2025-02-06,33,18842915.0,0,0,0.0,0.0,0.0,0.0,,,0.0,,0.0
2025-02-07,33,18842915.0,0,0,0.0,0.00499,0.00499,0.00499,,,7041730.0,,7041730.0
2025-02-10,33,18854448.0,0,0,0.0,0.0024,0.0024,0.0024,,,4295271.0,,4295271.0
2025-02-11,33,18837174.0,0,0,0.0,0.0,0.0,0.0,,,0.0,,0.0
2025-02-12,33,18837174.0,0,0,0.0,0.01736,0.01736,0.01736,,,18946843.0,,18946843.0
2025-02-13,33,18814630.0,0,0,0.0,0.00444,0.00444,0.00444,,,3843390.0,,3843390.0
2025-02-14,33,18749249.0,0,0,0.0,0.00044,0.00044,0.00044,,,610006.0,,610006.0
2025-02-18,33,18757527.0,0,0,0.0,0.00156,0.00156,0.00156,,,2161282.0,,2161282.0
2025-02-19,33,18786777.0,0,0,0.0,0.01034,0.01034,0.01034,,,12602099.0,,12602099.0
2025-02-20,33,18981048.0,0,0,0.0,0.0,0.0,0.0,,,0.0,,0.0
2025-02-21,33,18981048.0,0,0,0.0,0.0,0.0,0.0,,,0.0,,0.0
2025-02-24,33,18981048.0,0,0,0.0,0.01181,0.01181,0.01181,,,5892209.0,,5892209.0
2025-02-25,33,19204564.0,0,0,0.0,0.00013,0.00013,0.00013,,,542198.0,,542198.0
2025-02-26,33,19207113.0,0,0,0.0,0.00364,0.00364,0.00364,,,4196777.0,,4196777.0
2025-02-27,33,19177505.0,0,0,0.0,0.00526,0.00526,0.00526,,,5630373.0,,5630373.0
2025-02-28,33,19076723.0,0,0,0.0,0.0,0.0,0.0,,,0.0,,0.0
2025-03-03,33,19076723.0,0,0,0.0,0.01585,0.01585,0.01585,,,16707439.0,,16707439.0
2025-03-04,33,18774369.0,1,0,0.0303,0.01597,0.01202,0.01597,,,19833035.0,,19833035.0
2025-03-05,34,18622828.0,0,0,0.0,0.00457,0.00457,0.00457,,,1385015.0,,1385015.0
2025-03-06,34,18537645.0,0,0,0.0,0.0,0.0,0.0,,,0.0,,0.0
2025-03-07,34,18537645.0,0,0,0.0,0.00029,0.00029,0.00029,,,202850.0,,202850.0
2025-03-10,34,18543050.0,0,0,0.0,0.0006,0.0006,0.0006,,,597602.0,,597602.0
2025-03-11,34,18544195.0,0,0,0.0,0.05646,0.05646,0.05646,,,22630490.0,,22630490.0
2025-03-12,34,17688727.0,0,0,0.0,0.0018,0.0018,0.0018,,,1712650.0,,1712650.0
2025-03-13,34,17681521.0,0,0,0.0,1e-05,1e-05,1e-05,,,6844.0,,6844.0
2025-03-14,34,17681684.0,0,0,0.0,0.00123,0.00123,0.00123,,,951699.0,,951699.0
2025-03-17,34,17692673.0,0,0,0.0,0.00119,0.00119,0.00119,,,983641.0,,983641.0
2025-03-18,34,17693583.0,0,0,0.0,0.01294,0.01294,0.01294,,,12169473.0,,12169473.0
2025-03-19,34,17464682.0,0,0,0.0,0.00157,0.00157,0.00157,,,293959.0,,293959.0
2025-03-20,34,17437337.0,0,0,0.0,0.00085,0.00085,0.00085,,,160078.0,,160078.0
2025-03-21,34,17422515.0,0,0,0.0,0.0,0.0,0.0,,,0.0,,0.0
2025-03-24,34,17422515.0,0,0,0.0,0.0,0.0,0.0,,,0.0,,0.0
2025-03-25,34,17422515.0,0,0,0.0,0.0,0.0,0.0,,,0.0,,0.0
2025-03-26,34,17422515.0,0,0,0.0,0.0,0.0,0.0,,,0.0,,0.0
2025-03-27,34,17422515.0,0,0,0.0,0.0,0.0,0.0,,,0.0,,0.0
2025-03-28,34,17422515.0,0,0,0.0,0.0,0.0,0.0,,,0.0,,0.0
2025-03-31,34,17422515.0,0,0,0.0,0.00916,0.00916,0.00916,,,8247281.0,,8247281.0
2025-04-01,34,17262865.0,0,0,0.0,0.00243,0.00243,0.00243,,,431436.0,,431436.0
2025-04-02,34,17220978.0,0,0,0.0,0.0,0.0,0.0,,,0.0,,0.0
2025-04-03,34,17220978.0,0,0,0.0,0.0,0.0,0.0,,,0.0,,0.0
2025-04-04,34,17220978.0,0,0,0.0,0.00239,0.00239,0.00239,,,421994.0,,421994.0
2025-04-07,34,17179848.0,0,0,0.0,0.03705,0.03705,0.03705,,,14916837.0,,14916837.0
2025-04-08,34,16575852.0,0,0,0.0,0.01654,0.01654,0.01654,,,8778947.0,,8778947.0
2025-04-09,34,16358292.0,0,0,0.0,0.01556,0.01556,0.01556,,,9872179.0,,9872179.0
2025-04-10,34,16134731.0,0,0,0.0,0.0,0.0,0.0,,,0.0,,0.0
2025-04-11,34,16134731.0,0,0,0.0,0.0,0.0,0.0,,,0.0,,0.0
2025-04-14,34,16134731.0,0,0,0.0,0.01126,0.01126,0.01126,,,9445575.0,,9445575.0
2025-04-15,34,15953040.0,0,0,0.0,0.00484,0.00484,0.00484,,,827787.0,,827787.0
2025-04-16,34,15875749.0,0,0,0.0,0.0,0.0,0.0,,,0.0,,0.0
2025-04-17,34,15875749.0,1,0,0.02941,0.03054,0.01479,0.03054,,,6017099.0,,6017099.0
2025-04-21,35,15890961.0,0,0,0.0,0.01521,0.01521,0.01521,,,4924028.0,,4924028.0
2025-04-22,35,16124277.0,0,0,0.0,0.0,0.0,0.0,,,0.0,,0.0
2025-04-23,35,16124277.0,0,0,0.0,0.02029,0.02029,0.02029,,,11258890.0,,11258890.0
2025-04-24,35,15825163.0,0,0,0.0,0.00253,0.00253,0.00253,,,434963.0,,434963.0
2025-04-25,35,15785148.0,0,0,0.0,0.0,0.0,0.0,,,0.0,,0.0
2025-04-28,35,15785148.0,0,0,0.0,0.0,0.0,0.0,,,0.0,,0.0
2025-04-29,35,15785148.0,0,0,0.0,0.0,0.0,0.0,,,0.0,,0.0
2025-04-30,35,15785148.0,0,0,0.0,0.0,0.0,0.0,,,0.0,,0.0
2025-05-01,35,15785148.0,0,0,0.0,0.0,0.0,0.0,,,0.0,,0.0
2025-05-02,35,15785148.0,0,0,0.0,0.0,0.0,0.0,,,0.0,,0.0
2025-05-05,35,15785148.0,0,0,0.0,0.01737,0.01737,0.01737,,,19826311.0,,19826311.0
2025-05-06,35,15624324.0,0,0,0.0,0.0007,0.0007,0.0007,,,1344390.0,,1344390.0
2025-05-07,35,15613462.0,0,0,0.0,0.0,0.0,0.0,,,0.0,,0.0
2025-05-08,35,15613462.0,0,0,0.0,0.00153,0.00153,0.00153,,,2720975.0,,2720975.0
2025-05-09,35,15612959.0,0,0,0.0,0.00494,0.00494,0.00494,,,5909675.0,,5909675.0
2025-05-12,35,15591055.0,0,0,0.0,0.0009,0.0009,0.0009,,,1348433.0,,1348433.0
2025-05-13,35,15600568.0,0,0,0.0,0.00582,0.00582,0.00582,,,5684546.0,,5684546.0
2025-05-14,35,15509849.0,0,0,0.0,0.012,0.012,0.012,,,12539067.0,,12539067.0
2025-05-15,35,15323654.0,0,0,0.0,0.07688,0.07688,0.07688,,,17328441.0,,17328441.0
2025-05-16,35,14899666.0,0,0,0.0,0.0004,0.0004,0.0004,,,78734.0,,78734.0
2025-05-19,35,14893642.0,0,0,0.0,0.0,0.0,0.0,,,0.0,,0.0
2025-05-20,35,14893642.0,0,0,0.0,0.0,0.0,0.00017,9e-05,1.0,32734.0,16367.0,0.0
2025-05-21,35,14893642.0,0,0,0.0,9e-05,9e-05,9e-05,1e-05,1.0,16172.0,2488.0,16172.0
2025-05-22,35,14892342.0,0,0,0.0,1e-05,1e-05,1e-05,1e-05,1.0,2440.0,1220.0,2440.0
2025-05-23,35,14892142.0,0,1,0.02857,1e-05,0.0,1e-05,0.0,,1220.0,0.0,1220.0
2025-05-27,34,14892042.0,0,0,0.0,0.0,0.0,0.0,0.0,,0.0,0.0,0.0
2025-05-28,34,14892042.0,0,0,0.0,0.0,0.0,0.0,0.0,,0.0,0.0,0.0
2025-05-29,34,14892042.0,0,0,0.0,0.0,0.0,0.0,0.0,,0.0,0.0,0.0
2025-05-30,34,14892042.0,0,0,0.0,0.0,0.0,0.0,0.0,,0.0,0.0,0.0
2025-06-02,34,14892042.0,0,0,0.0,0.0,0.0,0.00512,0.00256,1.0,5600145.0,2800073.0,0.0
2025-06-03,34,14892042.0,0,0,0.0,0.00256,0.00256,0.00325,0.00291,1.0,3930923.0,3380544.0,2830164.0
2025-06-04,34,14904801.0,0,0,0.0,0.00034,0.00034,0.00034,0.0,,557437.0,0.0,557437.0
2025-06-05,34,14899659.0,0,0,0.0,0.0,0.0,0.1055,0.05275,1.0,87089735.0,43544868.0,0.0
2025-06-06,34,14899659.0,0,0,0.0,0.05275,0.05275,0.05275,0.00067,1.0,46455975.0,98044.0,46455975.0
2025-06-09,34,15181974.0,0,0,0.0,0.00835,0.00835,0.00886,0.00055,1.0,10391329.0,1627714.0,8443484.0
2025-06-10,34,15055172.0,0,0,0.0,0.00055,0.00055,0.00915,0.00531,0.62917,8673556.0,3509684.0,1662020.0
2025-06-11,34,15046872.0,0,0,0.0,0.00454,0.00454,0.00454,1e-05,1.0,4814097.0,939.0,4814097.0
2025-06-12,34,15006762.0,0,0,0.0,1e-05,1e-05,1e-05,0.0,1.0,939.0,489.0,939.0
2025-06-13,34,15006666.0,0,0,0.0,0.02023,0.02023,0.02023,0.0,,21398393.0,0.0,21398393.0
2025-06-16,34,15310216.0,0,0,0.0,0.0,0.0,0.01203,0.00601,1.0,24640324.0,12320162.0,0.0
2025-06-17,34,15310216.0,1,0,0.02941,0.07329,0.07081,0.07547,0.00213,1.0,65415815.0,3959936.0,61317055.0
2025-06-18,35,16432362.0,0,1,0.02857,0.00198,0.00198,0.00198,0.0,,3896152.0,0.0,3896152.0
2025-06-20,34,16464781.0,0,0,0.0,0.0,0.0,0.01457,0.00728,1.0,24283647.0,12141823.0,0.0
2025-06-23,34,16464781.0,1,0,0.02941,0.02478,0.0226,0.02788,0.00598,1.0,35666544.0,8673144.0,31275430.0
2025-06-24,35,16166743.0,0,0,0.0,0.00609,0.00609,0.00814,0.00204,1.0,10252724.0,1851943.0,8820196.0
2025-06-25,35,16192034.0,0,0,0.0,0.00204,0.00204,0.00215,0.00094,1.0,2123689.0,1186824.0,1914987.0
2025-06-26,35,16224990.0,0,0,0.0,0.00094,0.00094,0.00094,0.0,,1157710.0,0.0,1157710.0
2025-06-27,35,16240221.0,0,0,0.0,0.0,0.0,0.04443,0.02222,1.0,24073300.0,12036650.0,0.0
2025-06-30,35,16240221.0,0,0,0.0,0.02222,0.02222,0.02746,0.00365,1.0,24239761.0,12116542.0,11816187.0
2025-07-01,35,16567602.0,0,0,0.0,0.00358,0.00358,0.00358,0.0,,11985671.0,0.0,11985671.0
2025-07-02,35,16592613.0,0,0,0.0,0.0,0.0,0.0,0.0,,0.0,0.0,0.0
2025-07-03,35,16592613.0,0,0,0.0,0.0,0.0,0.0,0.0,,0.0,0.0,0.0
2025-07-07,35,16592613.0,0,0,0.0,0.0,0.0,0.0,0.0,,0.0,0.0,0.0
2025-07-08,35,16592613.0,0,0,0.0,0.0,0.0,0.0,0.0,,0.0,0.0,0.0
2025-07-09,35,16592613.0,0,0,0.0,0.0,0.0,0.0,0.0,,0.0,0.0,0.0
2025-07-10,35,16592613.0,0,0,0.0,0.0,0.0,0.0,0.0,,0.0,0.0,0.0
2025-07-11,35,16592613.0,0,0,0.0,0.00517,0.00517,0.00517,0.0,,6444721.0,0.0,6444721.0
2025-07-14,35,16678374.0,0,0,0.0,0.00514,0.00514,0.00514,0.0,,6376720.0,0.0,6376720.0
2025-07-15,35,16764132.0,0,0,0.0,0.00341,0.00341,0.00341,0.0,,4343990.0,0.0,4343990.0
2025-07-16,35,16821308.0,0,0,0.0,0.0,0.0,0.03862,0.01931,1.0,35517710.0,17758855.0,0.0
2025-07-17,35,16821308.0,0,0,0.0,0.03207,0.03207,0.03207,0.0,,34707084.0,0.0,34707084.0
2025-07-18,35,17325194.0,0,0,0.0,0.01514,0.01514,0.01514,0.0,,20468696.0,0.0,20468696.0
2025-07-21,35,17587489.0,0,0,0.0,0.01491,0.01491,0.12364,0.05792,1.0,133223729.0,59039924.0,20570195.0
2025-07-22,35,17849803.0,0,0,0.0,0.05707,0.05707,0.05707,0.00014,1.0,58094545.0,96275.0,58094545.0
2025-07-23,35,18543180.0,0,0,0.0,0.00014,0.00014,0.00014,0.0,,100177.0,0.0,100177.0
2025-07-24,35,18545697.0,0,0,0.0,0.0,0.0,0.0,0.0,,0.0,0.0,0.0
2025-07-25,35,18545697.0,0,0,0.0,0.0,0.0,0.0,0.0,,0.0,0.0,0.0
2025-07-28,35,18545697.0,0,0,0.0,0.0,0.0,0.02304,0.01152,1.0,38857332.0,19428666.0,0.0
2025-07-29,35,18545697.0,0,0,0.0,0.014,0.014,0.01704,0.00756,1.0,27176438.0,9725851.0,23674798.0
2025-07-30,35,18488598.0,0,0,0.0,0.0137,0.0137,0.0137,0.00065,1.0,19438033.0,942929.0,19438033.0
2025-07-31,35,18427227.0,0,0,0.0,0.00065,0.00065,0.00065,0.0,,935813.0,0.0,935813.0
2025-08-01,35,18415166.0,0,0,0.0,0.0,0.0,0.01861,0.00931,1.0,36344102.0,18172051.0,0.0
2025-08-04,35,18415166.0,0,0,0.0,0.00931,0.00931,0.01163,0.00171,1.0,19986889.0,3203256.0,16132488.0
2025-08-05,35,18462324.0,0,0,0.0,0.00171,0.00171,0.00171,6e-05,1.0,3434798.0,95337.0,3434798.0
2025-08-06,35,18448265.0,0,0,0.0,6e-05,6e-05,0.01292,0.00649,1.0,21673418.0,10885720.0,98021.0
2025-08-07,35,18449365.0,0,0,0.0,0.01962,0.01962,0.0246,0.00448,1.0,34838358.0,5787537.0,27143953.0
2025-08-08,35,18758521.0,0,0,0.0,0.01575,0.01575,0.02662,0.00599,1.0,30858591.0,5294003.0,21095898.0
2025-08-11,35,19054019.0,0,0,0.0,0.01896,0.01896,0.0223,0.0021,1.0,28060486.0,2932444.0,23387451.0
2025-08-12,35,19390534.0,0,0,0.0,0.05208,0.05208,0.05208,0.00303,1.0,74540524.0,2892875.0,74540524.0
2025-08-13,35,20400418.0,0,0,0.0,0.02,0.02,0.03992,0.01441,1.0,54658861.0,16917159.0,29979858.0
2025-08-14,35,20808457.0,0,0,0.0,0.01757,0.01757,0.02257,0.00262,1.0,25608290.0,1846426.0,22084770.0
2025-08-15,35,21143018.0,0,0,0.0,0.00258,0.00258,0.00385,0.00221,1.0,4661808.0,2472400.0,1287266.0
2025-08-18,35,21197517.0,0,0,0.0,0.03558,0.03558,0.03558,0.0,,57209383.0,0.0,57209383.0
2025-08-19,35,20467079.0,0,0,0.0,0.01655,0.01655,0.01655,0.0,,25739823.0,0.0,25739823.0
2025-08-20,35,20128369.0,0,0,0.0,0.01346,0.01346,0.01346,0.0,,19901777.0,0.0,19901777.0
2025-08-21,35,19857394.0,0,0,0.0,0.04776,0.04776,0.04776,0.00215,1.0,69548042.0,4605688.0,69548042.0
2025-08-22,35,18909035.0,0,0,0.0,0.00226,0.00226,0.00226,0.0,,4647376.0,0.0,4647376.0
2025-08-25,35,18866282.0,0,0,0.0,0.01254,0.01254,0.01254,0.0,,17907188.0,0.0,17907188.0
2025-08-26,35,18629766.0,0,0,0.0,0.0,0.0,0.0,0.0,,0.0,0.0,0.0
2025-08-27,35,18629766.0,0,0,0.0,0.0,0.0,0.00748,0.00374,1.0,6383183.0,3191592.0,0.0
2025-08-28,35,18629766.0,0,0,0.0,0.00374,0.00374,0.00374,0.00035,1.0,3165506.0,315337.0,3165506.0
2025-08-29,35,18641161.0,0,0,0.0,0.00035,0.00035,0.00035,6e-05,1.0,318173.0,57924.0,318173.0
2025-09-02,35,18634564.0,0,0,0.0,6e-05,6e-05,0.00054,0.0003,1.0,478601.0,268112.0,57624.0
2025-09-03,35,18633363.0,0,0,0.0,0.0003,0.0003,0.0003,0.0,,267721.0,0.0,267721.0
2025-09-04,35,18627775.0,0,0,0.0,0.0,0.0,0.0,0.0,,0.0,0.0,0.0
2025-09-05,35,18627775.0,0,0,0.0,0.0,0.0,0.01185,0.00592,1.0,13097470.0,6548735.0,0.0
2025-09-08,35,18627775.0,0,0,0.0,0.00592,0.00592,0.00592,0.00066,1.0,6501580.0,508450.0,6501580.0
2025-09-09,35,18656707.0,0,0,0.0,0.02339,0.02339,0.02339,0.0,,33714665.0,0.0,33714665.0
2025-09-10,35,19093011.0,0,0,0.0,0.10815,0.10815,0.10815,0.01048,1.0,163036954.0,8629122.0,163036954.0
2025-09-11,35,21157956.0,0,0,0.0,0.23005,0.23005,0.23005,0.02052,1.0,375739210.0,19098161.0,375739210.0
2025-09-12,35,26025298.0,0,0,0.0,0.0722,0.0722,0.08107,0.00444,1.0,168636676.0,5224479.0,158187717.0
2025-09-15,35,24146345.0,0,0,0.0,0.02178,0.02178,0.02178,0.0,,44251694.0,0.0,44251694.0
2025-09-16,35,23620399.0,0,0,0.0,0.03822,0.03822,0.04265,0.00221,1.0,84861092.0,7347438.0,70166217.0
2025-09-17,35,22717569.0,0,0,0.0,0.10258,0.10258,0.10258,0.0,,180072578.0,0.0,180072578.0
2025-09-18,35,20416027.0,0,0,0.0,0.0586,0.0586,0.1358,0.0386,1.0,169565895.0,38027401.0,93511093.0
2025-09-19,35,19219561.0,0,0,0.0,0.00673,0.00673,0.00673,0.0,,10362631.0,0.0,10362631.0
2025-09-22,35,19090213.0,0,0,0.0,0.04128,0.04128,0.0465,0.00261,1.0,53399894.0,8565428.0,36269038.0
2025-09-23,35,19878266.0,1,0,0.02857,0.00251,0.0,0.00251,0.0,,8179486.0,0.0,8179486.0
2025-09-24,36,19928065.0,0,0,0.0,0.0,0.0,0.0,0.0,,0.0,0.0,0.0
2025-09-25,36,19928065.0,0,0,0.0,0.01675,0.01675,0.01675,0.0,,25649571.0,0.0,25649571.0
2025-09-26,36,19594326.0,0,0,0.0,0.0,0.0,0.0,0.0,,0.0,0.0,0.0
2025-09-29,36,19594326.0,0,0,0.0,0.01703,0.01703,0.01703,0.0,,25157636.0,0.0,25157636.0
2025-09-30,36,19260587.0,0,0,0.0,0.00347,0.00347,0.00347,0.0,,5181510.0,0.0,5181510.0
2025-10-01,36,19193839.0,0,0,0.0,0.05213,0.05213,0.05806,0.00392,1.0,57871668.0,4867007.0,53609474.0
2025-10-02,36,19648153.0,0,0,0.0,0.03145,0.03145,0.03145,0.0,,41795075.0,0.0,41795075.0
2025-10-03,36,20266101.0,0,0,0.0,0.0,0.0,0.0,0.0,,0.0,0.0,0.0
2025-10-06,36,20266101.0,0,0,0.0,0.0,0.0,0.00017,9e-05,1.0,7561170.0,3780585.0,0.0
2025-10-07,36,20266101.0,0,0,0.0,9e-05,9e-05,9e-05,0.0,,3748343.0,0.0,3748343.0
2025-10-08,36,20267841.0,0,0,0.0,0.00495,0.00495,0.00495,0.0,,7823378.0,0.0,7823378.0
2025-10-09,36,20167609.0,0,0,0.0,0.0,0.0,0.0,0.0,,0.0,0.0,0.0
2025-10-10,36,20167609.0,0,0,0.0,0.0,0.0,0.01544,0.00772,1.0,42958347.0,21479174.0,0.0
2025-10-13,36,20167609.0,0,0,0.0,0.00974,0.00974,0.00974,0.00057,1.0,22682675.0,1807497.0,22682675.0
2025-10-14,36,20195602.0,0,0,0.0,0.00984,0.00984,0.00984,0.0,,16627313.0,0.0,16627313.0
2025-10-15,36,19996874.0,0,0,0.0,0.00072,0.00072,0.00334,0.00131,1.0,8372213.0,3978025.0,416162.0
2025-10-16,36,19982552.0,0,0,0.0,0.00633,0.00633,0.00633,0.0,,11569890.0,0.0,11569890.0
2025-10-17,36,19879597.0,0,0,0.0,0.00338,0.00338,0.00503,0.00127,1.0,5850737.0,669708.0,4977246.0
2025-10-20,36,19812454.0,0,0,0.0,0.04533,0.04533,0.05248,0.01185,1.0,70179589.0,10011902.0,65210006.0
2025-10-21,36,18914407.0,0,0,0.0,0.01241,0.01241,0.01241,0.0,,10515988.0,0.0,10515988.0
2025-10-22,36,18820614.0,0,0,0.0,0.00531,0.00531,0.00531,0.0,,7604255.0,0.0,7604255.0
2025-10-23,36,18720660.0,0,0,0.0,0.0,0.0,0.00365,0.00182,1.0,4980117.0,2490058.0,0.0
2025-10-24,36,18720660.0,0,0,0.0,0.00536,0.00536,0.00536,0.0,,7554125.0,0.0,7554125.0
2025-10-27,36,18634887.0,0,0,0.0,0.00536,0.00536,0.06089,0.02893,1.0,98384538.0,47247936.0,7760173.0
2025-10-28,36,18535056.0,0,0,0.0,0.03206,0.03206,0.03246,0.00365,1.0,52982503.0,3732975.0,52252297.0
2025-10-29,36,18496687.0,0,0,0.0,0.00855,0.00855,0.00855,0.00076,1.0,11277903.0,972231.0,11277903.0
2025-10-30,36,18435874.0,0,0,0.0,0.00076,0.00076,0.00076,0.0,,967142.0,0.0,967142.0
2025-10-31,36,18442577.0,0,0,0.0,0.0,0.0,0.00241,0.00121,1.0,4615240.0,2307620.0,0.0
2025-11-03,36,18442577.0,0,0,0.0,0.00121,0.00121,0.00272,0.00136,1.0,3298483.0,874631.0,2325074.0
2025-11-04,36,18442557.0,0,0,0.0,0.00136,0.00136,0.00358,0.00125,1.0,2083101.0,710816.0,828190.0
2025-11-05,36,18467633.0,0,0,0.0,0.00641,0.00641,0.02047,0.00878,1.0,18799340.0,6539793.0,7842449.0
2025-11-06,36,18349190.0,0,0,0.0,0.01375,0.01375,0.01896,0.00284,1.0,21327012.0,4708694.0,13127310.0
2025-11-07,36,18269875.0,0,0,0.0,0.00286,0.00286,0.00286,0.00042,1.0,4358747.0,423112.0,4358747.0
2025-11-10,36,18278937.0,0,0,0.0,0.00537,0.00537,0.00635,0.00106,1.0,7706960.0,547895.0,7203919.0
2025-11-11,36,18180730.0,0,0,0.0,0.0,0.0,0.00228,0.00114,1.0,7662882.0,3831441.0,0.0
2025-11-12,36,18180730.0,0,0,0.0,0.00585,0.00585,0.01185,0.00447,1.0,12627238.0,2541184.0,9292254.0
2025-11-13,36,18087599.0,0,0,0.0,0.00449,0.00449,0.01013,0.00486,1.0,13695457.0,6669905.0,2589927.0
2025-11-14,36,18080908.0,0,0,0.0,0.0071,0.0071,0.0071,0.00145,1.0,10067533.0,745886.0,10067533.0
2025-11-17,36,18055508.0,0,0,0.0,0.00478,0.00478,0.00797,0.00193,1.0,9824765.0,1900475.0,6413847.0
2025-11-18,36,17981013.0,0,0,0.0,0.00194,0.00194,0.02685,0.01439,1.0,23560122.0,12697592.0,1835062.0
2025-11-19,36,18004589.0,0,0,0.0,0.01438,0.01438,0.01557,0.00861,1.0,17544357.0,8003108.0,12601412.0
2025-11-20,36,18044205.0,0,0,0.0,0.01289,0.01289,0.01289,0.00096,1.0,15047367.0,949721.0,15047367.0
2025-11-21,36,17961649.0,0,0,0.0,0.00097,0.00097,0.00364,0.00185,0.58064,1656232.0,513509.0,882558.0
2025-11-24,36,17971287.0,0,2,0.05556,0.0528,0.05277,0.05786,0.00323,0.56611,58944621.0,733012.0,57478597.0
2025-11-25,34,18919111.0,0,0,0.0,0.00307,0.00307,0.0183,0.01242,0.71993,17515913.0,9449289.0,1382665.0
2025-11-26,34,18911427.0,0,0,0.0,0.01243,0.01243,0.01454,0.00529,0.72862,14455109.0,3188986.0,11195258.0
2025-11-28,34,18966699.0,0,0,0.0,0.00527,0.00527,0.0078,0.00315,0.19545,4020484.0,273895.0,4020484.0
2025-12-01,34,18962888.0,0,0,0.0,0.00315,0.00315,0.00986,0.00526,0.5103,3463064.0,1214593.0,1590770.0
2025-12-02,34,18999255.0,0,0,0.0,0.00525,0.00525,0.00525,0.00119,1.0,2471526.0,540705.0,2471526.0
2025-12-03,34,18997200.0,0,0,0.0,0.00119,0.00119,0.00213,0.00166,1.0,960209.0,747749.0,535289.0
2025-12-04,34,18974633.0,0,0,0.0,0.00166,0.00166,0.00356,0.0019,0.0,760989.0,0.0,760989.0
2025-12-05,34,18943109.0,0,0,0.0,0.0019,0.0019,0.00747,0.00352,0.58447,2905271.0,929887.0,1045497.0
2025-12-08,34,18979135.0,0,0,0.0,0.00351,0.00351,0.00351,5e-05,1.0,1678710.0,22297.0,1678710.0
2025-12-09,34,18967879.0,0,0,0.0,5e-05,5e-05,0.00574,0.00305,0.90045,2320538.0,1171058.0,21578.0
2025-12-10,34,18966920.0,0,0,0.0,0.00475,0.00475,0.00475,0.00032,1.0,2295445.0,139769.0,2295445.0
2025-12-11,34,18952966.0,0,0,0.0,0.00032,0.00032,0.00164,0.00123,0.60389,490198.0,313756.0,137313.0
2025-12-12,34,18946825.0,0,0,0.0,0.00123,0.00123,0.00507,0.00285,0.8797,2414474.0,1295730.0,575139.0
2025-12-15,34,18941997.0,0,0,0.0,0.00285,0.00285,0.02172,0.01304,0.88377,21050758.0,11248454.0,1446149.0
2025-12-16,34,18943677.0,0,0,0.0,0.01304,0.01304,0.01358,0.00157,1.0,11693808.0,670871.0,11480160.0
2025-12-17,34,19019445.0,0,0,0.0,0.00157,0.00157,0.02305,0.01136,1.0,18372623.0,9139486.0,695078.0
2025-12-18,34,19007934.0,0,0,0.0,0.01136,0.01136,0.01136,0.00331,1.0,8859685.0,1990593.0,8859685.0
2025-12-19,34,19119825.0,0,0,0.0,0.00329,0.00329,0.00329,6e-05,1.0,1975376.0,25310.0,1975376.0
2025-12-22,34,19180350.0,0,0,0.0,6e-05,6e-05,0.00077,0.00037,1.0,2324458.0,1156168.0,25089.0
2025-12-23,34,19179189.0,0,1,0.02941,0.00037,0.00035,0.00037,0.0,,1156846.0,0.0,1156846.0
2025-12-24,33,19172109.0,0,0,0.0,0.0,0.0,0.0,0.0,,0.0,0.0,0.0
2025-12-26,33,19172109.0,0,0,0.0,0.0,0.0,0.0,0.0,,0.0,0.0,0.0
2025-12-29,33,19172109.0,0,0,0.0,0.0,0.0,0.0,0.0,,0.0,0.0,0.0
2025-12-30,33,19172109.0,0,0,0.0,0.0,0.0,0.0,0.0,,0.0,0.0,0.0
2025-12-31,33,19172109.0,0,0,0.0,0.0,0.0,0.0,0.0,,0.0,0.0,0.0
2026-01-02,33,19172109.0,0,0,0.0,0.0,0.0,0.0,0.0,,0.0,0.0,0.0
2026-01-05,33,19172109.0,0,0,0.0,0.0069,0.0069,0.0069,0.0,,8738707.0,0.0,8738707.0
2026-01-06,33,19039881.0,0,0,0.0,0.0,0.0,0.00178,0.00089,1.0,4742282.0,2371141.0,0.0
2026-01-07,33,19039881.0,0,0,0.0,0.00089,0.00089,0.00198,0.00055,1.0,4659878.0,1182303.0,2295271.0
2026-01-08,33,19053319.0,0,0,0.0,0.00055,0.00055,0.00055,0.0,,1151201.0,0.0,1151201.0
2026-01-09,33,19042882.0,0,0,0.0,0.0,0.0,0.0,0.0,,0.0,0.0,0.0
2026-01-12,33,19042882.0,0,0,0.0,0.0,0.0,0.0,0.0,,0.0,0.0,0.0
2026-01-13,33,19042882.0,0,0,0.0,0.0,0.0,0.0,0.0,,0.0,0.0,0.0
2026-01-14,33,19042882.0,0,0,0.0,0.0,0.0,0.00778,0.00389,1.0,6096476.0,3048238.0,0.0
2026-01-15,33,19042882.0,0,0,0.0,0.00389,0.00389,0.00389,0.0,,3010312.0,0.0,3010312.0
2026-01-16,33,19082785.0,0,0,0.0,0.00521,0.00521,0.00531,5e-05,1.0,7548307.0,550698.0,6540080.0
2026-01-20,33,18983330.0,0,0,0.0,5e-05,5e-05,5e-05,0.0,,541473.0,0.0,541473.0
2026-01-21,33,18982337.0,0,0,0.0,0.0,0.0,0.0,0.0,,0.0,0.0,0.0
2026-01-22,33,18982337.0,0,0,0.0,0.0,0.0,0.0,0.0,,0.0,0.0,0.0
2026-01-23,33,18982337.0,0,0,0.0,0.28587,0.28587,0.28587,0.00108,1.0,340190951.0,1179697.0,340190951.0
2026-01-26,33,24400255.0,0,0,0.0,0.00462,0.00462,0.00481,9e-05,1.0,7727756.0,57510.0,7612737.0
2026-01-27,33,24289363.0,0,0,0.0,0.23414,0.23414,0.2346,0.00023,1.0,359623753.0,133639.0,359356475.0
2026-01-28,33,18602364.0,0,0,0.0,0.0003,0.0003,0.0003,8e-05,1.0,134556.0,35235.0,134556.0
2026-01-29,33,18608012.0,0,0,0.0,8e-05,8e-05,8e-05,0.0,,35344.0,0.0,35344.0
2026-01-30,33,18609491.0,0,0,0.0,0.0,0.0,0.01508,0.00849,0.77623,14765570.0,7382785.0,0.0
2026-02-02,33,18609491.0,0,0,0.0,0.00995,0.00995,0.0544,0.03137,0.86743,70131988.0,35486801.0,10204853.0
2026-02-03,33,18701697.0,0,0,0.0,0.03252,0.03252,0.03822,0.01307,0.89374,45515553.0,10884986.0,38219695.0
2026-02-04,33,18656912.0,0,0,0.0,0.0131,0.0131,0.02827,0.01246,1.0,25844577.0,9796709.0,11588560.0
2026-02-05,33,18745400.0,0,1,0.0303,0.0124,0.01239,0.01848,0.00475,1.0,13776936.0,2912026.0,9261720.0
2026-02-06,32,18594346.0,0,1,0.03125,0.0073,0.00729,0.01232,0.00588,1.0,8352324.0,3059745.0,6728301.0
2026-02-09,31,18565148.0,0,0,0.0,0.0092,0.0092,0.01249,0.00533,1.0,11601748.0,2578836.0,9071440.0
2026-02-10,31,18523721.0,0,1,0.03226,0.00534,0.00534,0.00534,0.00134,1.0,2741928.0,1007411.0,2741928.0
2026-02-11,30,18574698.0,0,0,0.0,0.00134,0.00134,0.03539,0.01785,1.0,27913769.0,13766810.0,990308.0
2026-02-12,30,18589548.0,0,0,0.0,0.0935,0.0935,0.09934,0.01511,1.0,103572647.0,14176961.0,91737361.0
2026-02-13,30,20201468.0,0,0,0.0,0.02226,0.02226,0.024,0.00144,1.0,28339881.0,3219839.0,24960045.0
2026-02-17,30,19826798.0,0,0,0.0,0.00147,0.00147,0.00989,0.00493,1.0,8726275.0,4258908.0,3405395.0
2026-02-18,30,19837487.0,0,0,0.0,0.08714,0.08714,0.08714,0.0,,87598055.0,0.0,87598055.0
2026-02-19,30,18108764.0,0,0,0.0,0.0,0.0,0.00922,0.00461,1.0,3836732.0,1918366.0,0.0
2026-02-20,30,18108764.0,0,0,0.0,0.00461,0.00461,0.00473,6e-05,1.0,2282240.0,204398.0,1873443.0
2026-02-23,30,18181261.0,0,0,0.0,0.01109,0.01109,0.01839,0.00374,1.0,13696226.0,1806278.0,10649977.0
2026-02-24,30,17979697.0,0,0,0.0,0.00378,0.00378,0.00378,0.0,,1750215.0,0.0,1750215.0
2026-02-25,30,18040380.0,0,0,0.0,0.00744,0.00744,0.01289,0.00309,1.0,14589055.0,4141792.0,6730518.0
2026-02-26,30,17906153.0,0,0,0.0,0.00311,0.00311,0.00963,0.00558,1.0,6649359.0,2047752.0,4017892.0
2026-02-27,30,17852739.0,0,0,0.0,0.0056,0.0056,0.0056,0.0,,1983576.0,0.0,1983576.0
2026-03-02,30,17858687.0,0,0,0.0,0.0,0.0,0.00316,0.00158,1.0,7941496.0,3970748.0,0.0
2026-03-03,30,17858687.0,0,0,0.0,0.00158,0.00158,0.04011,0.01927,1.0,31070999.0,13438534.0,4193931.0
2026-03-04,30,17832815.0,0,0,0.0,0.01929,0.01929,0.02359,0.00359,1.0,15318651.0,3765137.0,12891663.0
2026-03-05,30,17630946.0,0,0,0.0,0.00363,0.00363,0.01123,0.00578,1.0,7570558.0,2829769.0,3913931.0
2026-03-06,30,17656396.0,0,0,0.0,0.00578,0.00578,0.00605,0.00273,1.0,3235566.0,1489148.0,2759733.0
2026-03-09,30,17752745.0,0,0,0.0,0.00272,0.00272,0.00272,0.00072,1.0,1464765.0,269298.0,1464765.0
2026-03-10,30,17790534.0,0,0,0.0,0.00072,0.00072,0.00384,0.00156,1.0,1241012.0,479199.0,282613.0
2026-03-11,30,17803301.0,0,0,0.0,0.00156,0.00156,0.0119,0.00517,1.0,33557306.0,16533059.0,491187.0
2026-03-12,30,17793368.0,0,0,0.0,0.00517,0.00517,0.04223,0.01853,1.0,40938806.0,7483336.0,25972134.0
2026-03-13,30,17701375.0,0,0,0.0,0.01863,0.01863,0.01863,0.0,,7290326.0,0.0,7290326.0
2026-03-16,30,18031111.0,0,0,0.0,0.0,0.0,0.0,0.0,,0.0,0.0,0.0
2026-03-17,30,18031111.0,0,0,0.0,0.00754,0.00754,0.00754,0.0,,7246070.0,0.0,7246070.0
2026-03-18,30,17895245.0,0,0,0.0,0.0,0.0,0.0,0.0,,0.0,0.0,0.0
2026-03-19,30,17895245.0,0,0,0.0,0.0,0.0,0.0,0.0,,0.0,0.0,0.0
2026-03-20,30,17895245.0,0,0,0.0,0.01016,0.01016,0.01016,0.0,,9160363.0,0.0,9160363.0
2026-03-23,30,17713462.0,0,0,0.0,0.0,0.0,0.0,0.0,,0.0,0.0,0.0
2026-03-24,30,17713462.0,0,0,0.0,0.0,0.0,0.00361,0.0018,1.0,7907030.0,3953515.0,0.0
2026-03-25,30,17713462.0,0,0,0.0,0.0018,0.0018,0.03265,0.01648,1.0,49179179.0,26176400.0,3743433.0
2026-03-26,30,17708065.0,0,0,0.0,0.01177,0.01177,0.0285,0.01217,0.59445,14609883.0,5918114.0,5022102.0
2026-03-27,30,17499618.0,0,0,0.0,0.01232,0.01232,0.01239,0.00026,1.0,8270312.0,908428.0,7565081.0
2026-03-30,30,17284066.0,0,0,0.0,0.00027,0.00027,0.0011,0.00042,1.0,2472042.0,798582.0,874879.0
2026-03-31,30,17279442.0,0,0,0.0,0.00452,0.00452,0.0124,0.00516,0.64125,24513737.0,11095017.0,4024920.0
2026-04-01,30,17201395.0,0,0,0.0,0.00518,0.00518,0.00518,0.0,,35109135.0,0.0,35109135.0
2026-04-02,30,17176203.0,0,0,0.0,0.0,0.0,5e-05,2e-05,1.0,255271.0,127636.0,0.0
2026-04-06,30,17176203.0,0,1,0.03333,2e-05,1e-05,2e-05,0.0,,125365.0,0.0,125365.0
2026-04-07,29,17175803.0,0,0,0.0,0.0,0.0,0.00391,0.00196,1.0,16595006.0,8297503.0,0.0
2026-04-08,29,17175803.0,0,0,0.0,0.00196,0.00196,0.00196,0.0,,11919080.0,0.0,11919080.0
2026-04-09,29,17176020.0,0,0,0.0,0.0,0.0,0.0,0.0,,0.0,0.0,0.0
2026-04-10,29,17176020.0,0,0,0.0,0.0,0.0,0.00106,0.00053,1.0,3028368.0,1514184.0,0.0
2026-04-13,29,17176020.0,0,0,0.0,0.00053,0.00053,0.00053,0.0,,1525752.0,0.0,1525752.0
2026-04-14,29,17178888.0,0,0,0.0,0.0,0.0,0.0,0.0,,0.0,0.0,0.0
2026-04-15,29,17178888.0,0,0,0.0,0.0,0.0,0.0,0.0,,0.0,0.0,0.0
2026-04-16,29,17178888.0,0,0,0.0,0.0,0.0,0.0,0.0,,0.0,0.0,0.0
2026-04-17,29,17178888.0,0,0,0.0,0.0,0.0,0.0,0.0,,0.0,0.0,0.0
2026-04-20,29,17178888.0,0,0,0.0,0.0,0.0,0.0,0.0,,0.0,0.0,0.0
2026-04-21,29,17178888.0,0,0,0.0,0.0,0.0,0.0,0.0,,0.0,0.0,0.0
2026-04-22,29,17178888.0,0,0,0.0,0.0,0.0,0.0,0.0,,0.0,0.0,0.0
2026-04-23,29,17178888.0,0,0,0.0,0.0,0.0,0.0,0.0,,0.0,0.0,0.0
2026-04-24,29,17178888.0,0,0,0.0,0.0,0.0,0.00267,0.00133,1.0,12693662.0,6346831.0,0.0
2026-04-27,29,17178888.0,0,0,0.0,0.00133,0.00133,0.00133,0.0,,6885020.0,0.0,6885020.0
2026-04-28,29,17181914.0,0,0,0.0,0.0,0.0,0.0017,0.00085,1.0,7222302.0,3611151.0,0.0
2026-04-29,29,17181914.0,0,0,0.0,0.00085,0.00085,0.00884,0.00635,0.25738,7976591.0,2305757.0,3365077.0
2026-04-30,29,17175043.0,0,0,0.0,0.00636,0.00636,0.00853,0.00109,1.0,21072263.0,8556594.0,3959075.0
2026-05-01,29,17122075.0,0,0,0.0,0.00109,0.00109,0.00442,0.00187,1.0,11526396.0,2818392.0,8374587.0
2026-05-04,29,17116975.0,0,0,0.0,0.00187,0.00187,0.00266,0.00054,1.0,4270170.0,1769733.0,2550710.0
2026-05-05,29,17141988.0,0,0,0.0,0.00054,0.00054,0.00309,0.00181,1.0,9251407.0,5486188.0,1720969.0
2026-05-06,29,17146198.0,0,0,0.0,0.00181,0.00181,0.00181,0.0,,5106048.0,0.0,5106048.0
2026-05-07,29,17163069.0,0,0,0.0,0.0,0.0,0.0,0.0,,0.0,0.0,0.0
2026-05-08,29,17163069.0,0,0,0.0,0.0,0.0,0.00839,0.00419,1.0,7082143.0,3541071.0,0.0
2026-05-11,29,17163069.0,0,0,0.0,0.01108,0.01108,0.01152,0.00038,1.0,10692307.0,1348774.0,10491931.0
2026-05-12,29,17085478.0,1,0,0.03448,0.00038,0.00038,0.00038,0.0,,1363935.0,0.0,1363935.0
2026-05-13,30,17086499.0,0,1,0.03333,0.0,0.0,0.0,0.0,,19.0,0.0,19.0
2026-05-14,29,17086498.0,0,0,0.0,0.04999,0.04999,0.04999,0.0,,25847772.0,0.0,25847772.0
2026-05-15,29,16232329.0,0,0,0.0,0.04369,0.04369,0.04369,0.0,,23872401.0,0.0,23872401.0
2026-05-18,29,15523081.0,0,0,0.0,0.0,0.0,0.00096,0.00048,1.0,1880170.0,940069.0,32.0
2026-05-19,29,15523080.0,0,0,0.0,0.01997,0.01997,0.02179,0.00108,1.0,21156483.0,1474515.0,18759161.0
2026-05-20,29,15213091.0,0,0,0.0,0.00183,0.00183,0.00311,0.00069,1.0,2504780.0,559656.0,1567060.0
2026-05-21,29,15185316.0,0,0,0.0,0.00069,0.00069,0.00129,0.00082,1.0,859237.0,393696.0,572546.0
2026-05-22,29,15190657.0,0,0,0.0,0.00082,0.00082,0.00082,0.00015,1.0,395631.0,70567.0,395631.0
2026-05-26,29,15203137.0,0,0,0.0,0.00015,0.00015,0.00015,0.0,,69684.0,0.0,69684.0
2026-05-27,29,15205363.0,0,0,0.0,0.0,0.0,0.0,0.0,,0.0,0.0,0.0
2026-05-28,29,15205363.0,0,0,0.0,0.0,0.0,0.00681,0.00341,1.0,10449935.0,5224968.0,0.0
2026-05-29,29,15205363.0,0,0,0.0,0.00341,0.00341,0.00341,3e-05,1.0,5234696.0,66290.0,5234696.0
2026-06-01,29,15192451.0,0,0,0.0,3e-05,3e-05,0.00357,0.00177,1.0,16353339.0,8143625.0,66089.0
2026-06-02,29,15192004.0,0,0,0.0,0.00177,0.00177,0.00178,1e-05,1.0,8372100.0,14496.0,8343108.0
2026-06-03,29,15202647.0,0,1,0.03448,0.01104,0.01104,0.01104,5e-05,1.0,9556423.0,371858.0,9556423.0
2026-06-04,28,15034752.0,0,0,0.0,5e-05,5e-05,5e-05,0.0,,386817.0,0.0,386817.0
2026-06-05,28,15034039.0,0,0,0.0,0.0,0.0,0.0,0.0,,0.0,0.0,0.0
2026-06-08,28,15034039.0,0,0,0.0,0.0,0.0,0.0,0.0,,0.0,0.0,0.0
2026-06-09,28,15034039.0,0,0,0.0,0.0,0.0,0.0,0.0,,0.0,0.0,0.0
2026-06-10,28,15034039.0,0,0,0.0,0.0,0.0,0.0,0.0,,0.0,0.0,0.0
2026-06-11,28,15034039.0,0,0,0.0,0.0,0.0,0.0,0.0,,0.0,0.0,0.0
2026-06-12,28,15034039.0,0,0,0.0,0.0,0.0,0.0,0.0,,0.0,0.0,0.0
2026-06-15,28,15034039.0,0,0,0.0,0.0,0.0,0.0,0.0,,0.0,0.0,0.0
2026-06-16,28,15034039.0,0,0,0.0,0.0133,0.0133,0.01337,0.0001,1.0,11802079.0,804472.0,11178202.0
2026-06-17,28,14834125.0,0,0,0.0,0.0001,0.0001,0.00257,0.00123,1.0,6355225.0,2804754.0,745716.0
2026-06-18,28,14832655.0,0,0,0.0,0.00987,0.00987,0.00987,0.00043,1.0,9207237.0,883049.0,9207237.0
2026-06-22,28,14699047.0,0,0,0.0,0.00044,0.00044,0.00688,0.00366,1.0,7098501.0,3993284.0,888066.0
2026-06-23,28,14692615.0,0,0,0.0,0.00366,0.00366,0.00693,0.0026,1.0,11108952.0,5572384.0,3783854.0
2026-06-24,28,14718134.0,0,0,0.0,0.00259,0.00259,0.00259,0.0001,1.0,5543327.0,191508.0,5543327.0
2026-06-25,28,14717021.0,0,0,0.0,0.0001,0.0001,0.00211,0.00101,1.0,3070924.0,1439088.0,192749.0
2026-06-26,28,14715603.0,0,0,0.0,0.00101,0.00101,0.0062,0.0036,1.0,7721669.0,4545653.0,1369636.0
2026-06-29,28,14710375.0,0,0,0.0,0.01249,0.01249,0.01557,0.00188,1.0,14424748.0,2220179.0,11333615.0
2026-06-30,28,14531793.0,0,0,0.0,0.00241,0.00241,0.00254,0.00108,1.0,2960587.0,918324.0,2785422.0
2026-07-01,28,14549647.0,0,0,0.0,0.00082,0.00082,0.00585,0.00302,1.0,5187029.0,2424393.0,914786.0
2026-07-02,28,14549506.0,0,0,0.0,0.00302,0.00302,0.00339,0.00048,1.0,3220234.0,477936.0,2478341.0
2026-07-06,28,14555373.0,0,0,0.0,0.00048,0.00048,0.00049,0.0003,1.0,492396.0,423909.0,484705.0
2026-07-07,28,14557103.0,0,0,0.0,0.0003,0.0003,0.0003,0.0,,425032.0,0.0,425032.0
2026-07-08,28,14556207.0,0,0,0.0,0.00917,0.00917,0.00917,0.0,,7642146.0,0.0,7642146.0
2026-07-09,28,14422687.0,0,0,0.0,0.0,0.0,0.00582,0.00291,1.0,10205417.0,5102709.0,0.0
2026-07-10,28,14422687.0,0,0,0.0,0.00291,0.00291,0.0039,0.00106,1.0,7467729.0,2265612.0,5206473.0
2026-07-13,28,14421945.0,0,0,0.0,0.00106,0.00106,0.05516,0.02761,1.0,31165542.0,15584441.0,2273587.0
2026-07-14,28,14420989.0,0,0,0.0,0.02761,0.02761,0.02761,0.01006,1.0,15157166.0,4712545.0,15157166.0
2026-07-15,28,14739900.0,0,0,0.0,0.00985,0.00985,0.00985,0.0,,4782103.0,0.0,4782103.0
2026-07-16,28,14868922.0,0,0,0.0,0.0,0.0,0.0,0.0,,0.0,0.0,0.0
2026-07-17,28,14868922.0,0,0,0.0,0.0,0.0,0.00126,0.00063,1.0,4515882.0,2257941.0,0.0
2026-07-20,28,14868922.0,0,0,0.0,0.00063,0.00063,0.01557,0.00759,1.0,14219252.0,7120468.0,2230307.0
2026-07-21,28,14863019.0,0,0,0.0,0.00759,0.00759,0.00759,0.00107,1.0,7175721.0,380316.0,7175721.0
2026-07-22,28,14922445.0,0,0,0.0,0.00107,0.00107,0.00776,0.00441,1.0,2871574.0,1633736.0,395898.0
2026-07-23,28,14938409.0,0,0,0.0,0.00441,0.00441,0.00509,0.00404,1.0,3041455.0,2056357.0,1584900.0
2026-07-24,28,15004287.0,0,0,0.0,0.00402,0.00402,0.0055,0.00074,1.0,2153034.0,69159.0,2014716.0
2026-07-27,28,15054400.0,0,0,0.0,0.00074,0.00074,0.00098,0.00025,1.0,150118.0,53961.0,66717.0
2026-07-28,28,15065501.0,0,0,0.0,0.00025,0.00025,0.00204,0.00104,1.0,4430418.0,2203572.0,55411.0
2026-07-29,28,15065746.0,0,0,0.0,0.01226,0.01226,0.01226,0.00017,1.0,11194147.0,363229.0,11194147.0
2026-07-30,28,14889691.0,0,0,0.0,0.00017,0.00017,0.00177,0.00097,1.0,5787747.0,3077280.0,366813.0
2026-07-31,28,14887167.0,0,0,0.0,0.00097,0.00097,0.00372,0.00138,1.0,4928013.0,989243.0,2949526.0
2026-08-03,28,14878133.0,0,0,0.0,0.01124,0.01124,0.01921,0.00466,1.0,18445665.0,4850899.0,9628494.0
2026-08-04,28,14710868.0,0,0,0.0,0.00471,0.00471,0.00598,0.00071,1.0,8440180.0,1800310.0,4989245.0
2026-08-05,28,14661248.0,0,0,0.0,0.00071,0.00071,0.01127,0.00537,1.0,10375595.0,4365852.0,2076103.0
2026-08-06,28,14653884.0,0,1,0.03571,0.00537,0.00536,0.01123,0.00346,1.0,12854910.0,5285621.0,4532080.0
2026-08-07,27,14632065.0,0,0,0.0,0.00347,0.00347,0.00347,3e-05,1.0,5175544.0,10938.0,5175544.0
2026-08-10,27,14645691.0,0,0,0.0,3e-05,3e-05,0.00738,0.00371,1.0,20723440.0,10367290.0,11140.0
2026-08-11,27,14645234.0,1,0,0.03704,0.00371,0.00293,0.00371,0.00013,1.0,10447767.0,468185.0,10447767.0
2026-08-12,28,14627541.0,0,0,0.0,0.00013,0.00013,0.00021,7e-05,1.0,488946.0,24371.0,462902.0
2026-08-13,28,14628544.0,0,0,0.0,7e-05,7e-05,0.02787,0.0139,1.0,11617362.0,5796481.0,24400.0
2026-08-14,28,14627539.0,0,0,0.0,0.0139,0.0139,0.01421,0.00043,1.0,5966905.0,67225.0,5881145.0
2026-08-17,28,14816092.0,0,0,0.0,0.00042,0.00042,0.03912,0.01957,1.0,32100272.0,16037314.0,65787.0
2026-08-18,28,14819177.0,0,0,0.0,0.01957,0.01957,0.01957,0.00238,1.0,15823046.0,1734365.0,15823046.0
2026-08-19,28,15050129.0,0,0,0.0,0.00234,0.00234,0.00309,0.00137,1.0,6314178.0,3486547.0,1695063.0
2026-08-20,28,15085368.0,0,0,0.0,0.00137,0.00137,0.00389,0.00206,1.0,7880585.0,2534175.0,3392383.0
2026-08-21,28,15099343.0,0,0,0.0,0.00205,0.00205,0.01178,0.00578,1.0,6224151.0,2231457.0,2588012.0
2026-08-24,28,15115956.0,0,0,0.0,0.00577,0.00577,0.00598,0.00011,1.0,2394091.0,42539.0,2309013.0
2026-08-25,28,15202113.0,0,0,0.0,0.00011,0.00011,0.00011,9e-05,1.0,42974.0,36563.0,42974.0
2026-08-26,28,15200491.0,0,0,0.0,9e-05,9e-05,0.00131,0.0007,1.0,5012073.0,2524810.0,37547.0
2026-08-27,28,15199111.0,0,0,0.0,0.0007,0.0007,0.00079,0.00029,1.0,2596695.0,121248.0,2560527.0
2026-08-28,28,15197085.0,0,0,0.0,0.00029,0.00029,0.00225,0.00098,1.0,6898458.0,3387227.0,124004.0
2026-08-31,28,15192613.0,0,0,0.0,0.00098,0.00098,0.04681,0.02315,1.0,67338685.0,33648020.0,3269114.0
2026-09-01,28,15200522.0,0,0,0.0,0.02313,0.02313,0.0238,0.00033,1.0,33419813.0,45863.0,33328088.0
2026-09-02,28,15271772.0,0,0,0.0,0.00033,0.00033,0.00033,0.0002,1.0,44420.0,25151.0,44420.0
2026-09-03,28,15276462.0,0,0,0.0,0.0002,0.0002,0.00042,0.00011,1.0,114125.0,44579.0,24966.0
2026-09-04,28,15279548.0,0,0,0.0,0.00011,0.00011,0.00011,0.0,,48609.0,0.0,48609.0
