d,n0,sh0,add,rem,nt,si,se,tt,ta,ta_cov,tt_usd,ta_usd,si_usd
2014-10-31,48,214922.0,0,0,0.0,0.0,0.0,0.0,,,0.0,,0.0
2014-11-03,48,214922.0,0,0,0.0,0.0,0.0,0.0,,,0.0,,0.0
2014-11-04,48,214922.0,0,0,0.0,0.0,0.0,0.0,,,0.0,,0.0
2014-11-05,48,214922.0,0,0,0.0,0.0,0.0,0.0,,,0.0,,0.0
2014-11-06,48,214922.0,0,0,0.0,0.0,0.0,0.0,,,0.0,,0.0
2014-11-07,48,214922.0,0,0,0.0,0.0,0.0,0.0,,,0.0,,0.0
2014-11-10,48,214922.0,0,0,0.0,0.0,0.0,0.0,,,0.0,,0.0
2014-11-11,48,214922.0,0,0,0.0,0.0,0.0,0.0,,,0.0,,0.0
2014-11-12,48,214922.0,0,0,0.0,0.0,0.0,0.0,,,0.0,,0.0
2014-11-13,48,214922.0,1,0,0.02083,0.48867,0.48725,0.48867,,,1075190.0,,1075190.0
2014-11-14,49,317753.0,0,0,0.0,0.0,0.0,0.0,,,0.0,,0.0
2014-11-17,49,317753.0,0,0,0.0,0.0,0.0,0.0,,,0.0,,0.0
2014-11-18,49,317753.0,0,0,0.0,0.0,0.0,0.0,,,0.0,,0.0
2014-11-19,49,317753.0,0,0,0.0,0.0,0.0,0.0,,,0.0,,0.0
2014-11-20,49,317753.0,0,0,0.0,0.0,0.0,0.0,,,0.0,,0.0
2014-11-21,49,317753.0,0,0,0.0,0.0,0.0,0.0,,,0.0,,0.0
2014-11-24,49,317753.0,0,0,0.0,0.0,0.0,0.0,,,0.0,,0.0
2014-11-25,49,317753.0,0,0,0.0,0.0,0.0,0.0,,,0.0,,0.0
2014-11-26,49,317753.0,0,0,0.0,0.0,0.0,0.0,,,0.0,,0.0
2014-11-28,49,317753.0,0,0,0.0,0.0,0.0,0.0,,,0.0,,0.0
2014-12-01,49,317753.0,0,0,0.0,0.0,0.0,0.0,,,0.0,,0.0
2014-12-02,49,317753.0,0,0,0.0,0.0,0.0,0.0,,,0.0,,0.0
2014-12-03,49,317753.0,0,0,0.0,0.0,0.0,0.0,,,0.0,,0.0
2014-12-04,49,317753.0,0,0,0.0,0.0,0.0,0.0,,,0.0,,0.0
2014-12-05,49,317753.0,0,0,0.0,0.0,0.0,0.0,,,0.0,,0.0
2014-12-08,49,317753.0,0,0,0.0,0.0,0.0,0.0,,,0.0,,0.0
2014-12-09,49,317753.0,0,0,0.0,0.0,0.0,0.0,,,0.0,,0.0
2014-12-10,49,317753.0,0,0,0.0,0.0,0.0,0.0,,,0.0,,0.0
2014-12-11,49,317753.0,0,0,0.0,0.0,0.0,0.0,,,0.0,,0.0
2014-12-12,49,317753.0,0,0,0.0,0.0,0.0,0.0,,,0.0,,0.0
2014-12-15,49,317753.0,0,0,0.0,0.0,0.0,0.0,,,0.0,,0.0
2014-12-16,49,317753.0,0,0,0.0,0.0,0.0,0.0,,,0.0,,0.0
2014-12-17,49,317753.0,0,0,0.0,0.0,0.0,0.0,,,0.0,,0.0
2014-12-18,49,317753.0,0,0,0.0,0.0,0.0,0.0,,,0.0,,0.0
2014-12-19,49,317753.0,0,0,0.0,0.0,0.0,0.0,,,0.0,,0.0
2014-12-22,49,317753.0,0,0,0.0,0.0,0.0,0.0,,,0.0,,0.0
2014-12-23,49,317753.0,0,0,0.0,0.0,0.0,0.0,,,0.0,,0.0
2014-12-24,49,317753.0,0,0,0.0,0.0,0.0,0.0,,,0.0,,0.0
2014-12-26,49,317753.0,1,3,0.08163,0.34417,0.33499,0.34417,,,1249946.0,,1249946.0
2014-12-29,47,417823.0,0,0,0.0,0.0,0.0,0.0,,,0.0,,0.0
2014-12-30,47,417823.0,0,0,0.0,0.0,0.0,0.0,,,0.0,,0.0
2014-12-31,47,417823.0,0,0,0.0,0.0,0.0,0.0,,,0.0,,0.0
2015-01-02,47,417823.0,0,0,0.0,0.0,0.0,0.0,,,0.0,,0.0
2015-01-05,47,417823.0,0,0,0.0,0.0,0.0,0.0,,,0.0,,0.0
2015-01-06,47,417823.0,0,0,0.0,0.0,0.0,0.0,,,0.0,,0.0
2015-01-07,47,417823.0,0,0,0.0,0.0,0.0,0.0,,,0.0,,0.0
2015-01-08,47,417823.0,0,0,0.0,0.0,0.0,0.0,,,0.0,,0.0
2015-01-09,47,417823.0,0,0,0.0,0.0,0.0,0.0,,,0.0,,0.0
2015-01-12,47,417823.0,0,0,0.0,0.0,0.0,0.0,,,0.0,,0.0
2015-01-13,47,417823.0,0,0,0.0,0.0,0.0,0.0,,,0.0,,0.0
2015-01-14,47,417823.0,0,0,0.0,0.0,0.0,0.0,,,0.0,,0.0
2015-01-15,47,417823.0,0,0,0.0,0.0,0.0,0.0,,,0.0,,0.0
2015-01-16,47,417823.0,0,0,0.0,0.0,0.0,0.0,,,0.0,,0.0
2015-01-20,47,417823.0,0,0,0.0,0.0,0.0,0.0,,,0.0,,0.0
2015-01-21,47,417823.0,0,0,0.0,0.0,0.0,0.0,,,0.0,,0.0
2015-01-22,47,417823.0,0,0,0.0,0.0,0.0,0.0,,,0.0,,0.0
2015-01-23,47,417823.0,0,0,0.0,0.0,0.0,0.0,,,0.0,,0.0
2015-01-26,47,417823.0,0,0,0.0,0.0,0.0,0.0,,,0.0,,0.0
2015-01-27,47,417823.0,0,0,0.0,0.0,0.0,0.0,,,0.0,,0.0
2015-01-28,47,417823.0,0,0,0.0,0.0,0.0,0.0,,,0.0,,0.0
2015-01-29,47,417823.0,0,0,0.0,0.0,0.0,0.0,,,0.0,,0.0
2015-01-30,47,417823.0,0,0,0.0,0.0,0.0,0.0,,,0.0,,0.0
2015-02-02,47,417823.0,0,0,0.0,0.0,0.0,0.0,,,0.0,,0.0
2015-02-03,47,417823.0,0,0,0.0,0.0,0.0,0.0,,,0.0,,0.0
2015-02-04,47,417823.0,0,0,0.0,0.0,0.0,0.0,,,0.0,,0.0
2015-02-05,47,417823.0,0,0,0.0,0.0,0.0,0.0,,,0.0,,0.0
2015-02-06,47,417823.0,0,0,0.0,0.0,0.0,0.0,,,0.0,,0.0
2015-02-09,47,417823.0,1,4,0.10638,0.29591,0.2857,0.29591,,,1612641.0,,1612641.0
2015-02-10,44,531077.0,0,0,0.0,0.0,0.0,0.0,,,0.0,,0.0
2015-02-11,44,531077.0,0,0,0.0,0.0,0.0,0.0,,,0.0,,0.0
2015-02-12,44,531077.0,0,0,0.0,0.0,0.0,0.0,,,0.0,,0.0
2015-02-13,44,531077.0,0,0,0.0,0.0,0.0,0.0,,,0.0,,0.0
2015-02-17,44,531077.0,0,0,0.0,0.0,0.0,0.0,,,0.0,,0.0
2015-02-18,44,531077.0,0,0,0.0,0.0,0.0,0.0,,,0.0,,0.0
2015-02-19,44,531077.0,0,0,0.0,0.0,0.0,0.0,,,0.0,,0.0
2015-02-20,44,531077.0,1,1,0.04545,0.00772,0.00453,0.00772,,,196976.0,,196976.0
2015-02-23,44,531470.0,0,0,0.0,0.0,0.0,0.0,,,0.0,,0.0
2015-02-24,44,531470.0,2,0,0.04545,0.00125,0.00071,0.00125,,,73318.0,,73318.0
2015-02-25,46,531377.0,0,1,0.02174,0.00606,0.00249,0.00606,,,86125.0,,86125.0
2015-02-26,45,530791.0,0,0,0.0,0.0,0.0,0.0,,,0.0,,0.0
2015-02-27,45,530791.0,0,0,0.0,0.0,0.0,0.0,,,0.0,,0.0
2015-03-02,45,530791.0,0,1,0.02222,0.06467,0.01013,0.06467,,,246486.0,,246486.0
2015-03-03,44,506628.0,0,0,0.0,0.40358,0.40358,0.40358,,,2284151.0,,2284151.0
2015-03-04,44,711093.0,0,0,0.0,0.01991,0.01991,0.01991,,,75293.0,,75293.0
2015-03-05,44,725253.0,0,0,0.0,0.00028,0.00028,0.00028,,,12930.0,,12930.0
2015-03-06,44,725453.0,0,0,0.0,0.00045,0.00045,0.00045,,,4789.0,,4789.0
2015-03-09,44,725778.0,0,0,0.0,0.00496,0.00496,0.00496,,,46364.0,,46364.0
2015-03-10,44,729378.0,0,0,0.0,0.0009,0.0009,0.0009,,,3241.0,,3241.0
2015-03-11,44,730038.0,0,0,0.0,0.0,0.0,0.0,,,0.0,,0.0
2015-03-12,44,730038.0,1,0,0.02273,0.00265,0.00199,0.00265,,,82967.0,,82967.0
2015-03-13,45,729075.0,0,0,0.0,0.0,0.0,0.0,,,0.0,,0.0
2015-03-16,45,729075.0,0,0,0.0,0.0,0.0,0.0,,,0.0,,0.0
2015-03-17,45,729075.0,0,0,0.0,0.00343,0.00343,0.00343,,,26846.0,,26846.0
2015-03-18,45,730943.0,0,0,0.0,0.0,0.0,0.0,,,0.0,,0.0
2015-03-19,45,730943.0,0,0,0.0,0.0,0.0,0.0,,,0.0,,0.0
2015-03-20,45,730943.0,0,0,0.0,0.0,0.0,0.0,,,0.0,,0.0
2015-03-23,45,730943.0,0,0,0.0,0.00365,0.00365,0.00365,,,16883.0,,16883.0
2015-03-24,45,732291.0,0,0,0.0,0.0001,0.0001,0.0001,,,37062.0,,37062.0
2015-03-25,45,732285.0,0,0,0.0,0.00037,0.00037,0.00037,,,24499.0,,24499.0
2015-03-26,45,732067.0,0,0,0.0,0.00165,0.00165,0.00165,,,40183.0,,40183.0
2015-03-27,45,733254.0,0,0,0.0,0.00055,0.00055,0.00055,,,22512.0,,22512.0
2015-03-30,45,733254.0,0,0,0.0,0.00177,0.00177,0.00177,,,57304.0,,57304.0
2015-03-31,45,732853.0,0,0,0.0,0.0,0.0,0.0,,,0.0,,0.0
2015-04-01,45,732853.0,0,0,0.0,0.0,0.0,0.0,,,0.0,,0.0
2015-04-02,45,732853.0,0,0,0.0,0.0,0.0,0.0,,,0.0,,0.0
2015-04-06,45,732853.0,0,0,0.0,0.0,0.0,0.0,,,0.0,,0.0
2015-04-07,45,732853.0,0,0,0.0,0.0,0.0,0.0,,,0.0,,0.0
2015-04-08,45,732853.0,0,0,0.0,0.00268,0.00268,0.00268,,,71483.0,,71483.0
2015-04-09,45,733844.0,1,0,0.02222,0.00117,0.00045,0.00117,,,88639.0,,88639.0
2015-04-10,46,734038.0,0,0,0.0,0.00065,0.00065,0.00065,,,27273.0,,27273.0
2015-04-13,46,733962.0,0,0,0.0,0.0,0.0,0.0,,,0.0,,0.0
2015-04-14,46,733962.0,0,0,0.0,0.0,0.0,0.0,,,0.0,,0.0
2015-04-15,46,733962.0,0,0,0.0,0.00249,0.00249,0.00249,,,34095.0,,34095.0
2015-04-16,46,735316.0,0,0,0.0,0.00259,0.00259,0.00259,,,30110.0,,30110.0
2015-04-17,46,734393.0,0,0,0.0,0.004,0.004,0.004,,,29729.0,,29729.0
2015-04-20,46,731858.0,0,0,0.0,0.0,0.0,0.0,,,0.0,,0.0
2015-04-21,46,731858.0,0,0,0.0,0.00322,0.00322,0.00322,,,46390.0,,46390.0
2015-04-22,46,732437.0,0,0,0.0,0.0,0.0,0.0,,,0.0,,0.0
2015-04-23,46,732437.0,0,0,0.0,0.0,0.0,0.0,,,0.0,,0.0
2015-04-24,46,732437.0,0,0,0.0,0.00748,0.00748,0.00748,,,65926.0,,65926.0
2015-04-27,46,734751.0,0,0,0.0,0.00169,0.00169,0.00169,,,159804.0,,159804.0
2015-04-28,46,733912.0,3,1,0.08696,0.01117,0.00334,0.01117,,,217494.0,,217494.0
2015-04-29,48,735199.0,0,0,0.0,0.0,0.0,0.0,,,0.0,,0.0
2015-04-30,48,735199.0,0,0,0.0,0.0,0.0,0.0,,,0.0,,0.0
2015-05-01,48,735199.0,0,0,0.0,0.0,0.0,0.0,,,0.0,,0.0
2015-05-04,48,735199.0,0,0,0.0,0.08015,0.08015,0.08015,,,221389.0,,221389.0
2015-05-05,48,678154.0,0,1,0.02083,0.02446,0.00432,0.02446,,,113770.0,,113770.0
2015-05-06,47,667308.0,0,0,0.0,0.0,0.0,0.0,,,15712.0,,15712.0
2015-05-07,47,667308.0,0,1,0.02128,0.00446,0.00355,0.00446,,,81338.0,,81338.0
2015-05-08,46,669073.0,0,0,0.0,0.0,0.0,0.0,,,0.0,,0.0
2015-05-11,46,669073.0,0,0,0.0,0.26039,0.26039,0.26039,,,1334601.0,,1334601.0
2015-05-12,46,841094.0,0,1,0.02174,0.04625,0.04606,0.04625,,,73181.0,,73181.0
2015-05-13,45,877010.0,0,0,0.0,0.00121,0.00121,0.00121,,,89221.0,,89221.0
2015-05-14,45,877034.0,0,0,0.0,0.00087,0.00087,0.00087,,,17483.0,,17483.0
2015-05-15,45,876311.0,0,0,0.0,0.00401,0.00401,0.00401,,,118582.0,,118582.0
2015-05-18,45,878293.0,0,0,0.0,0.0,0.0,0.0,,,0.0,,0.0
2015-05-19,45,878293.0,0,0,0.0,0.00342,0.00342,0.00342,,,83330.0,,83330.0
2015-05-20,45,878305.0,0,0,0.0,0.0,0.0,0.0,,,0.0,,0.0
2015-05-21,45,878305.0,0,0,0.0,0.0,0.0,0.0,,,0.0,,0.0
2015-05-22,45,878305.0,0,0,0.0,0.0,0.0,0.0,,,0.0,,0.0
2015-05-26,45,878305.0,0,0,0.0,0.0,0.0,0.0,,,0.0,,0.0
2015-05-27,45,878305.0,0,0,0.0,0.01047,0.01047,0.01047,,,334176.0,,334176.0
2015-05-28,45,884577.0,0,0,0.0,0.00122,0.00122,0.00122,,,22417.0,,22417.0
2015-05-29,45,885260.0,0,0,0.0,0.0,0.0,0.0,,,0.0,,0.0
2015-06-01,45,885260.0,0,0,0.0,0.00242,0.00242,0.00242,,,122207.0,,122207.0
2015-06-02,45,886351.0,0,0,0.0,0.00273,0.00273,0.00273,,,73182.0,,73182.0
2015-06-03,45,887483.0,0,0,0.0,0.0,0.0,0.0,,,0.0,,0.0
2015-06-04,45,887483.0,0,0,0.0,0.0,0.0,0.0,,,0.0,,0.0
2015-06-05,45,887483.0,0,0,0.0,0.0,0.0,0.0,,,0.0,,0.0
2015-06-08,45,887483.0,0,0,0.0,0.0,0.0,0.0,,,0.0,,0.0
2015-06-09,45,887483.0,1,0,0.02222,0.00952,0.00742,0.00952,,,168835.0,,168835.0
2015-06-10,46,889922.0,0,0,0.0,0.0,0.0,0.0,,,0.0,,0.0
2015-06-11,46,889922.0,0,0,0.0,0.0,0.0,0.0,,,0.0,,0.0
2015-06-12,46,889922.0,0,0,0.0,0.0,0.0,0.0,,,0.0,,0.0
2015-06-15,46,889922.0,0,0,0.0,0.0,0.0,0.0,,,0.0,,0.0
2015-06-16,46,889922.0,0,2,0.04348,0.00477,0.0028,0.00477,,,295923.0,,295923.0
2015-06-17,44,886946.0,0,0,0.0,0.0,0.0,0.0,,,0.0,,0.0
2015-06-18,44,886946.0,0,0,0.0,0.0,0.0,0.0,,,0.0,,0.0
2015-06-19,44,886946.0,0,0,0.0,0.00035,0.00035,0.00035,,,23002.0,,23002.0
2015-06-22,44,886858.0,0,0,0.0,0.0,0.0,0.0,,,0.0,,0.0
2015-06-23,44,886858.0,0,0,0.0,0.00221,0.00221,0.00221,,,88924.0,,88924.0
2015-06-24,44,888099.0,0,0,0.0,0.0,0.0,0.0,,,0.0,,0.0
2015-06-25,44,888099.0,0,0,0.0,0.0,0.0,0.0,,,0.0,,0.0
2015-06-26,44,888099.0,0,0,0.0,0.0,0.0,0.0,,,0.0,,0.0
2015-06-29,44,888099.0,0,0,0.0,0.0,0.0,0.0,,,0.0,,0.0
2015-06-30,44,888099.0,0,0,0.0,0.0,0.0,0.0,,,0.0,,0.0
2015-07-01,44,888099.0,2,1,0.06818,0.08308,0.07001,0.08308,,,310155.0,,310155.0
2015-07-02,45,952706.0,0,0,0.0,0.00088,0.00088,0.00088,,,48275.0,,48275.0
2015-07-06,45,953046.0,0,0,0.0,0.0,0.0,0.0,,,0.0,,0.0
2015-07-07,45,953046.0,0,0,0.0,0.0,0.0,0.0,,,0.0,,0.0
2015-07-08,45,953046.0,0,0,0.0,0.0,0.0,0.0,,,0.0,,0.0
2015-07-09,45,953046.0,1,1,0.04444,0.08507,0.07576,0.08507,,,335129.0,,335129.0
2015-07-10,45,1009598.0,0,0,0.0,0.06022,0.06022,0.06022,,,146380.0,,146380.0
2015-07-13,45,1063996.0,0,0,0.0,0.00611,0.00611,0.00611,,,107514.0,,107514.0
2015-07-14,45,1070092.0,0,0,0.0,0.0,0.0,0.0,,,0.0,,0.0
2015-07-15,45,1070092.0,0,0,0.0,0.0,0.0,0.0,,,0.0,,0.0
2015-07-16,45,1070092.0,0,0,0.0,0.0,0.0,0.0,,,0.0,,0.0
2015-07-17,45,1070092.0,0,0,0.0,0.00203,0.00203,0.00203,,,49896.0,,49896.0
2015-07-20,45,1071867.0,0,0,0.0,0.0,0.0,0.0,,,0.0,,0.0
2015-07-21,45,1071867.0,0,0,0.0,0.0,0.0,0.0,,,0.0,,0.0
2015-07-22,45,1071867.0,0,1,0.02222,0.00121,0.00102,0.00121,,,98721.0,,98721.0
2015-07-23,44,1072673.0,0,0,0.0,0.00047,0.00047,0.00047,,,86168.0,,86168.0
2015-07-24,44,1072573.0,0,0,0.0,0.00204,0.00204,0.00204,,,49614.0,,49614.0
2015-07-27,44,1070783.0,0,0,0.0,0.00194,0.00194,0.00194,,,198555.0,,198555.0
2015-07-28,44,1070480.0,0,0,0.0,0.0,0.0,0.0,,,0.0,,0.0
2015-07-29,44,1070480.0,0,0,0.0,0.00358,0.00358,0.00358,,,36062.0,,36062.0
2015-07-30,44,1070215.0,0,0,0.0,0.00334,0.00334,0.00334,,,148431.0,,148431.0
2015-07-31,44,1069246.0,0,0,0.0,0.00175,0.00175,0.00175,,,69342.0,,69342.0
2015-08-03,44,1070586.0,0,0,0.0,0.0,0.0,0.0,,,0.0,,0.0
2015-08-04,44,1070586.0,0,0,0.0,0.00764,0.00764,0.00764,,,91836.0,,91836.0
2015-08-05,44,1068666.0,0,0,0.0,0.0,0.0,0.0,,,0.0,,0.0
2015-08-06,44,1068666.0,0,0,0.0,0.0,0.0,0.0,,,0.0,,0.0
2015-08-07,44,1068666.0,0,0,0.0,0.0,0.0,0.0,,,0.0,,0.0
2015-08-10,44,1068666.0,0,0,0.0,0.0,0.0,0.0,,,0.0,,0.0
2015-08-11,44,1068666.0,0,0,0.0,0.0,0.0,0.0,,,0.0,,0.0
2015-08-12,44,1068666.0,0,3,0.06818,0.03959,0.01616,0.03959,,,568456.0,,568456.0
2015-08-13,41,1058150.0,0,0,0.0,0.0,0.0,0.0,,,0.0,,0.0
2015-08-14,41,1058150.0,0,0,0.0,0.0,0.0,0.0,,,0.0,,0.0
2015-08-17,41,1058150.0,0,0,0.0,0.02894,0.02894,0.02894,,,228670.0,,228670.0
2015-08-18,41,1033749.0,0,0,0.0,0.00231,0.00231,0.00231,,,108722.0,,108722.0
2015-08-19,41,1034270.0,0,0,0.0,0.0,0.0,0.0,,,0.0,,0.0
2015-08-20,41,1034270.0,0,0,0.0,0.0,0.0,0.0,,,0.0,,0.0
2015-08-21,41,1034270.0,0,0,0.0,0.0,0.0,0.0,,,0.0,,0.0
2015-08-24,41,1034270.0,0,0,0.0,0.0,0.0,0.0,,,0.0,,0.0
2015-08-25,41,1034270.0,0,0,0.0,0.00173,0.00173,0.00173,,,150865.0,,150865.0
2015-08-26,41,1033727.0,0,0,0.0,0.0,0.0,0.0,,,0.0,,0.0
2015-08-27,41,1033727.0,0,0,0.0,0.0,0.0,0.0,,,0.0,,0.0
2015-08-28,41,1033727.0,0,0,0.0,0.00128,0.00128,0.00128,,,54468.0,,54468.0
2015-08-31,41,1034650.0,0,0,0.0,0.0,0.0,0.0,,,0.0,,0.0
2015-09-01,41,1034650.0,0,0,0.0,0.00262,0.00262,0.00262,,,100787.0,,100787.0
2015-09-02,41,1035135.0,0,0,0.0,0.00039,0.00039,0.00039,,,36996.0,,36996.0
2015-09-03,41,1035135.0,0,0,0.0,0.0,0.0,0.0,,,0.0,,0.0
2015-09-04,41,1035135.0,0,0,0.0,0.0,0.0,0.0,,,0.0,,0.0
2015-09-08,41,1035135.0,0,0,0.0,0.0,0.0,0.0,,,0.0,,0.0
2015-09-09,41,1035135.0,0,0,0.0,0.0,0.0,0.0,,,0.0,,0.0
2015-09-10,41,1035135.0,0,0,0.0,0.0,0.0,0.0,,,0.0,,0.0
2015-09-11,41,1035135.0,0,0,0.0,0.0,0.0,0.0,,,0.0,,0.0
2015-09-14,41,1035135.0,0,0,0.0,0.0,0.0,0.0,,,0.0,,0.0
2015-09-15,41,1035135.0,0,0,0.0,0.00079,0.00079,0.00079,,,54545.0,,54545.0
2015-09-16,41,1035437.0,0,0,0.0,0.0,0.0,0.0,,,0.0,,0.0
2015-09-17,41,1035437.0,0,0,0.0,0.0,0.0,0.0,,,0.0,,0.0
2015-09-18,41,1035437.0,0,0,0.0,0.03013,0.03013,0.03013,,,35403.0,,35403.0
2015-09-21,41,1005833.0,0,0,0.0,0.0,0.0,0.0,,,0.0,,0.0
2015-09-22,41,1005833.0,0,1,0.02439,0.0039,0.0024,0.0039,,,156721.0,,156721.0
2015-09-23,40,1006741.0,0,0,0.0,0.0,0.0,0.0,,,0.0,,0.0
2015-09-24,40,1006741.0,0,0,0.0,0.0,0.0,0.0,,,0.0,,0.0
2015-09-25,40,1006741.0,0,0,0.0,0.00377,0.00377,0.00377,,,122883.0,,122883.0
2015-09-28,40,1009459.0,0,0,0.0,0.0,0.0,0.0,,,0.0,,0.0
2015-09-29,40,1009459.0,0,0,0.0,0.0,0.0,0.0,,,0.0,,0.0
2015-09-30,40,1009459.0,0,1,0.025,0.11151,0.11121,0.11151,,,570093.0,,570093.0
2015-10-01,39,912559.0,0,0,0.0,0.03162,0.03162,0.03162,,,35983.0,,35983.0
2015-10-02,39,884612.0,0,0,0.0,0.0,0.0,0.0,,,0.0,,0.0
2015-10-05,39,884612.0,0,0,0.0,0.00381,0.00381,0.00381,,,208649.0,,208649.0
2015-10-06,39,887268.0,0,0,0.0,0.0,0.0,0.0,,,0.0,,0.0
2015-10-07,39,887268.0,0,0,0.0,0.0,0.0,0.0,,,0.0,,0.0
2015-10-08,39,887268.0,0,0,0.0,0.0,0.0,0.0,,,0.0,,0.0
2015-10-09,39,887268.0,1,1,0.05128,0.13455,0.13298,0.13455,,,419308.0,,419308.0
2015-10-12,39,775822.0,0,0,0.0,0.0,0.0,0.0,,,0.0,,0.0
2015-10-13,39,775822.0,0,0,0.0,0.01064,0.01064,0.01064,,,16187.0,,16187.0
2015-10-14,39,768078.0,0,0,0.0,0.00126,0.00126,0.00126,,,101995.0,,101995.0
2015-10-15,39,768643.0,0,0,0.0,0.03649,0.03649,0.03649,,,59556.0,,59556.0
2015-10-16,39,742293.0,0,0,0.0,0.0,0.0,0.0,,,0.0,,0.0
2015-10-19,39,742293.0,0,0,0.0,0.0,0.0,0.0,,,0.0,,0.0
2015-10-20,39,742293.0,1,0,0.02564,0.00591,0.00429,0.00591,,,303817.0,,303817.0
2015-10-21,40,741436.0,0,0,0.0,0.03185,0.03185,0.03185,,,57604.0,,57604.0
2015-10-22,40,718651.0,0,0,0.0,0.0058,0.0058,0.0058,,,147528.0,,147528.0
2015-10-23,40,717898.0,0,0,0.0,0.0,0.0,0.0,,,0.0,,0.0
2015-10-26,40,717898.0,0,0,0.0,0.00178,0.00178,0.00178,,,60344.0,,60344.0
2015-10-27,40,718777.0,0,0,0.0,0.00072,0.00072,0.00072,,,59137.0,,59137.0
2015-10-28,40,718657.0,0,0,0.0,0.06016,0.06016,0.06016,,,64018.0,,64018.0
2015-10-29,40,677090.0,0,0,0.0,0.03397,0.03397,0.03397,,,32102.0,,32102.0
2015-10-30,40,654893.0,0,0,0.0,0.0,0.0,0.0,,,0.0,,0.0
2015-11-02,40,654893.0,0,0,0.0,0.0,0.0,0.0,,,0.0,,0.0
2015-11-03,40,654893.0,0,0,0.0,0.0,0.0,0.0,,,0.0,,0.0
2015-11-04,40,654893.0,0,0,0.0,0.04688,0.04688,0.04688,,,33732.0,,33732.0
2015-11-05,40,626393.0,0,0,0.0,0.0597,0.0597,0.0597,,,158223.0,,158223.0
2015-11-06,40,597382.0,0,0,0.0,0.00327,0.00327,0.00327,,,139033.0,,139033.0
2015-11-09,40,598405.0,0,0,0.0,0.05965,0.05965,0.05965,,,215638.0,,215638.0
2015-11-10,40,569998.0,0,0,0.0,0.03867,0.03867,0.03867,,,87942.0,,87942.0
2015-11-11,40,550981.0,0,0,0.0,0.0,0.0,0.0,,,0.0,,0.0
2015-11-12,40,550981.0,0,0,0.0,0.00585,0.00585,0.00585,,,46553.0,,46553.0
2015-11-13,40,553805.0,0,0,0.0,0.0,0.0,0.0,,,0.0,,0.0
2015-11-16,40,553805.0,0,0,0.0,0.0066,0.0066,0.0066,,,66913.0,,66913.0
2015-11-17,40,557060.0,0,1,0.025,0.00261,0.0,0.00261,,,44029.0,,44029.0
2015-11-18,39,555604.0,0,0,0.0,0.00175,0.00175,0.00175,,,43949.0,,43949.0
2015-11-19,39,556574.0,0,0,0.0,0.0,0.0,0.0,,,0.0,,0.0
2015-11-20,39,556574.0,0,0,0.0,0.0,0.0,0.0,,,0.0,,0.0
2015-11-23,39,556574.0,0,0,0.0,0.0,0.0,0.0,,,0.0,,0.0
2015-11-24,39,556574.0,0,0,0.0,0.0,0.0,0.0,,,0.0,,0.0
2015-11-25,39,556574.0,0,0,0.0,0.0,0.0,0.0,,,0.0,,0.0
2015-11-27,39,556574.0,0,0,0.0,0.00233,0.00233,0.00233,,,72298.0,,72298.0
2015-11-30,39,557469.0,0,0,0.0,0.0,0.0,0.0,,,0.0,,0.0
2015-12-01,39,557469.0,0,0,0.0,0.0,0.0,0.0,,,0.0,,0.0
2015-12-02,39,557469.0,0,0,0.0,0.00123,0.00123,0.00123,,,23995.0,,23995.0
2015-12-03,39,557529.0,0,1,0.02564,0.00053,0.0,0.00053,,,22394.0,,22394.0
2015-12-04,38,557231.0,0,0,0.0,0.0,0.0,0.0,,,0.0,,0.0
2015-12-07,38,557231.0,0,0,0.0,0.0,0.0,0.0,,,0.0,,0.0
2015-12-08,38,557231.0,0,0,0.0,0.0,0.0,0.0,,,0.0,,0.0
2015-12-09,38,557231.0,0,0,0.0,0.00036,0.00036,0.00036,,,20116.0,,20116.0
2015-12-10,38,557431.0,0,0,0.0,0.0,0.0,0.0,,,0.0,,0.0
2015-12-11,38,557431.0,0,0,0.0,0.0,0.0,0.0,,,0.0,,0.0
2015-12-14,38,557431.0,0,0,0.0,0.01185,0.01185,0.01185,,,56611.0,,56611.0
2015-12-15,38,557730.0,0,0,0.0,0.0,0.0,0.0,,,0.0,,0.0
2015-12-16,38,557730.0,0,0,0.0,0.0,0.0,0.0,,,0.0,,0.0
2015-12-17,38,557730.0,0,0,0.0,0.00295,0.00295,0.00295,,,162131.0,,162131.0
2015-12-18,38,558489.0,0,0,0.0,0.0,0.0,0.0,,,0.0,,0.0
2015-12-21,38,558489.0,0,0,0.0,0.0,0.0,0.0,,,0.0,,0.0
2015-12-22,38,558489.0,0,0,0.0,0.0,0.0,0.0,,,0.0,,0.0
2015-12-23,38,558489.0,0,0,0.0,0.00537,0.00537,0.00537,,,127701.0,,127701.0
2015-12-24,38,560799.0,0,0,0.0,0.0,0.0,0.0,,,0.0,,0.0
2015-12-28,38,560799.0,0,0,0.0,0.0,0.0,0.0,,,0.0,,0.0
2015-12-29,38,560799.0,0,0,0.0,0.00065,0.00065,0.00065,,,15691.0,,15691.0
2015-12-30,38,560434.0,0,0,0.0,0.0,0.0,0.0,,,0.0,,0.0
2015-12-31,38,560434.0,0,0,0.0,0.0,0.0,0.0,,,0.0,,0.0
2016-01-04,38,560434.0,0,0,0.0,0.0,0.0,0.0,,,0.0,,0.0
2016-01-05,38,560434.0,1,1,0.05263,0.01183,0.00576,0.01183,,,175978.0,,175978.0
2016-01-06,38,561104.0,0,0,0.0,0.0,0.0,0.0,,,0.0,,0.0
2016-01-07,38,561104.0,0,0,0.0,0.0,0.0,0.0,,,0.0,,0.0
2016-01-08,38,561104.0,0,0,0.0,0.06512,0.06512,0.06512,,,52725.0,,52725.0
2016-01-11,38,525644.0,0,1,0.02632,0.00088,0.0,0.00088,,,52518.0,,52518.0
2016-01-12,37,525181.0,0,0,0.0,0.00626,0.00626,0.00626,,,169399.0,,169399.0
2016-01-13,37,526599.0,0,0,0.0,0.00076,0.00076,0.00076,,,59652.0,,59652.0
2016-01-14,37,526599.0,0,1,0.02703,0.01773,0.01298,0.01773,,,368596.0,,368596.0
2016-01-15,36,526195.0,0,0,0.0,0.0974,0.0974,0.0974,,,70533.0,,70533.0
2016-01-19,36,576545.0,0,0,0.0,0.03336,0.03336,0.03336,,,43282.0,,43282.0
2016-01-20,36,591580.0,0,0,0.0,0.00236,0.00236,0.00236,,,16809.0,,16809.0
2016-01-21,36,591607.0,1,0,0.02778,0.00362,0.001,0.00362,,,67463.0,,67463.0
2016-01-22,37,592560.0,0,0,0.0,0.00174,0.00174,0.00174,,,9535.0,,9535.0
2016-01-25,37,591527.0,0,0,0.0,0.0073,0.0073,0.0073,,,61148.0,,61148.0
2016-01-26,37,593540.0,0,0,0.0,0.0,0.0,0.0,,,0.0,,0.0
2016-01-27,37,593540.0,0,0,0.0,0.0,0.0,0.0,,,0.0,,0.0
2016-01-28,37,593540.0,0,0,0.0,0.0,0.0,0.0,,,0.0,,0.0
2016-01-29,37,593540.0,0,0,0.0,0.00391,0.00391,0.00391,,,13717.0,,13717.0
2016-02-01,37,595180.0,0,0,0.0,0.0,0.0,0.0,,,0.0,,0.0
2016-02-02,37,595180.0,0,0,0.0,0.00795,0.00795,0.00795,,,266711.0,,266711.0
2016-02-03,37,593648.0,0,0,0.0,0.0,0.0,0.0,,,0.0,,0.0
2016-02-04,37,593648.0,0,0,0.0,0.00322,0.00322,0.00322,,,165236.0,,165236.0
2016-02-05,37,593803.0,0,0,0.0,0.0,0.0,0.0,,,0.0,,0.0
2016-02-08,37,593803.0,0,0,0.0,0.0,0.0,0.0,,,0.0,,0.0
2016-02-09,37,593803.0,0,1,0.02703,0.01764,0.0059,0.01764,,,164480.0,,164480.0
2016-02-10,36,584828.0,0,0,0.0,0.0,0.0,0.0,,,0.0,,0.0
2016-02-11,36,584828.0,0,0,0.0,0.00137,0.00137,0.00137,,,39674.0,,39674.0
2016-02-12,36,585228.0,0,0,0.0,0.0039,0.0039,0.0039,,,68487.0,,68487.0
2016-02-16,36,586945.0,0,0,0.0,0.0,0.0,0.0,,,0.0,,0.0
2016-02-17,36,586945.0,0,0,0.0,0.0,0.0,0.0,,,0.0,,0.0
2016-02-18,36,586945.0,0,0,0.0,0.00213,0.00213,0.00213,,,6678.0,,6678.0
2016-02-19,36,588198.0,0,0,0.0,0.0,0.0,0.0,,,0.0,,0.0
2016-02-22,36,588198.0,0,1,0.02778,0.0,0.0,0.0,,,1563.0,,1563.0
2016-02-23,35,588198.0,0,0,0.0,0.0,0.0,0.0,,,0.0,,0.0
2016-02-24,35,588198.0,0,0,0.0,0.0,0.0,0.0,,,0.0,,0.0
2016-02-25,35,588198.0,0,0,0.0,0.0,0.0,0.0,,,0.0,,0.0
2016-02-26,35,588198.0,0,0,0.0,0.0,0.0,0.0,,,0.0,,0.0
2016-02-29,35,588198.0,0,0,0.0,0.0136,0.0136,0.0136,,,6272.0,,6272.0
2016-03-01,35,580198.0,0,0,0.0,0.0,0.0,0.0,,,0.0,,0.0
2016-03-02,35,580198.0,0,0,0.0,0.0,0.0,0.0,,,0.0,,0.0
2016-03-03,35,580198.0,0,0,0.0,0.0,0.0,0.0,,,0.0,,0.0
2016-03-04,35,580198.0,0,0,0.0,0.0,0.0,0.0,,,0.0,,0.0
2016-03-07,35,580198.0,0,0,0.0,0.0,0.0,0.0,,,0.0,,0.0
2016-03-08,35,580198.0,0,0,0.0,0.01018,0.01018,0.01018,,,220084.0,,220084.0
2016-03-09,35,578107.0,0,0,0.0,0.0,0.0,0.0,,,0.0,,0.0
2016-03-10,35,578107.0,0,0,0.0,0.00374,0.00374,0.00374,,,17924.0,,17924.0
2016-03-11,35,579867.0,0,0,0.0,0.0,0.0,0.0,,,0.0,,0.0
2016-03-14,35,579867.0,0,0,0.0,0.00093,0.00093,0.00093,,,25858.0,,25858.0
2016-03-15,35,579758.0,0,0,0.0,0.0,0.0,0.0,,,0.0,,0.0
2016-03-16,35,579758.0,0,0,0.0,0.0,0.0,0.0,,,0.0,,0.0
2016-03-17,35,579758.0,0,0,0.0,0.0,0.0,0.0,,,0.0,,0.0
2016-03-18,35,579758.0,0,1,0.02857,0.00625,0.00359,0.00625,,,58838.0,,58838.0
2016-03-21,34,580287.0,0,0,0.0,0.0,0.0,0.0,,,0.0,,0.0
2016-03-22,34,580287.0,0,0,0.0,0.0,0.0,0.0,,,0.0,,0.0
2016-03-23,34,580287.0,0,0,0.0,0.0,0.0,0.0,,,0.0,,0.0
2016-03-24,34,580287.0,0,1,0.02941,0.00663,0.00485,0.00663,,,55032.0,,55032.0
2016-03-28,33,582054.0,0,0,0.0,0.0,0.0,0.0,,,0.0,,0.0
2016-03-29,33,582054.0,0,0,0.0,0.0057,0.0057,0.0057,,,52498.0,,52498.0
2016-03-30,33,584657.0,0,0,0.0,0.00089,0.00089,0.00089,,,18146.0,,18146.0
2016-03-31,33,584780.0,0,0,0.0,0.0,0.0,0.0,,,0.0,,0.0
2016-04-01,33,584780.0,0,0,0.0,0.0,0.0,0.0,,,0.0,,0.0
2016-04-04,33,584780.0,0,0,0.0,0.0,0.0,0.0,,,0.0,,0.0
2016-04-05,33,584780.0,0,0,0.0,0.02502,0.02502,0.02502,,,22008.0,,22008.0
2016-04-06,33,574373.0,0,0,0.0,0.0,0.0,0.0,,,0.0,,0.0
2016-04-07,33,574373.0,0,0,0.0,0.0,0.0,0.0,,,0.0,,0.0
2016-04-08,33,574373.0,0,0,0.0,0.0,0.0,0.0,,,0.0,,0.0
2016-04-11,33,574373.0,0,0,0.0,0.00137,0.00137,0.00137,,,8578.0,,8578.0
2016-04-12,33,573586.0,0,0,0.0,0.0,0.0,0.0,,,0.0,,0.0
2016-04-13,33,573586.0,0,0,0.0,0.0,0.0,0.0,,,0.0,,0.0
2016-04-14,33,573586.0,0,0,0.0,0.0,0.0,0.0,,,0.0,,0.0
2016-04-15,33,573586.0,0,0,0.0,0.0,0.0,0.0,,,0.0,,0.0
2016-04-18,33,573586.0,0,0,0.0,0.0,0.0,0.0,,,0.0,,0.0
2016-04-19,33,573586.0,0,0,0.0,0.03817,0.03817,0.03817,,,137145.0,,137145.0
2016-04-20,33,555880.0,0,0,0.0,0.15477,0.15477,0.15477,,,282413.0,,282413.0
2016-04-21,33,471848.0,0,0,0.0,0.0,0.0,0.0,,,0.0,,0.0
2016-04-22,33,471848.0,0,0,0.0,0.00417,0.00417,0.00417,,,70831.0,,70831.0
2016-04-25,33,472286.0,0,0,0.0,0.0,0.0,0.0,,,0.0,,0.0
2016-04-26,33,472286.0,0,0,0.0,0.0,0.0,0.0,,,0.0,,0.0
2016-04-27,33,472286.0,0,0,0.0,0.0,0.0,0.0,,,0.0,,0.0
2016-04-28,33,472286.0,1,0,0.0303,0.00714,0.00351,0.00714,,,175448.0,,175448.0
2016-04-29,34,472346.0,0,0,0.0,0.0,0.0,0.0,,,0.0,,0.0
2016-05-02,34,472346.0,0,0,0.0,0.00303,0.00303,0.00303,,,30483.0,,30483.0
2016-05-03,34,472859.0,0,0,0.0,0.00549,0.00549,0.00549,,,126221.0,,126221.0
2016-05-04,34,473838.0,0,0,0.0,0.00594,0.00594,0.00594,,,41780.0,,41780.0
2016-05-05,34,471582.0,1,1,0.05882,0.01447,0.00815,0.01447,,,90253.0,,90253.0
2016-05-06,34,469909.0,0,0,0.0,0.0,0.0,0.0,,,0.0,,0.0
2016-05-09,34,469909.0,0,0,0.0,0.00434,0.00434,0.00434,,,26497.0,,26497.0
2016-05-10,34,470760.0,0,0,0.0,0.0,0.0,0.0,,,0.0,,0.0
2016-05-11,34,470760.0,0,0,0.0,0.00158,0.00158,0.00158,,,126674.0,,126674.0
2016-05-12,34,470180.0,1,1,0.05882,0.01583,0.00263,0.01583,,,162821.0,,162821.0
2016-05-13,34,475549.0,0,0,0.0,0.00404,0.00404,0.00404,,,34480.0,,34480.0
2016-05-16,34,475351.0,0,0,0.0,0.01216,0.01216,0.01216,,,67680.0,,67680.0
2016-05-17,34,478471.0,0,0,0.0,0.04748,0.04748,0.04748,,,135165.0,,135165.0
2016-05-18,34,458791.0,0,0,0.0,0.03512,0.03512,0.03512,,,33116.0,,33116.0
2016-05-19,34,445542.0,0,0,0.0,0.0,0.0,0.0,,,0.0,,0.0
2016-05-20,34,445542.0,0,0,0.0,0.0,0.0,0.0,,,0.0,,0.0
2016-05-23,34,445542.0,0,0,0.0,0.00882,0.00882,0.00882,,,64994.0,,64994.0
2016-05-24,34,442012.0,0,0,0.0,0.0,0.0,0.0,,,0.0,,0.0
2016-05-25,34,442012.0,0,0,0.0,0.0,0.0,0.0,,,0.0,,0.0
2016-05-26,34,442012.0,0,0,0.0,0.0,0.0,0.0,,,0.0,,0.0
2016-05-27,34,442012.0,0,0,0.0,0.00188,0.00188,0.00188,,,20208.0,,20208.0
2016-05-31,34,442422.0,0,1,0.02941,0.00693,0.00541,0.00693,,,148564.0,,148564.0
2016-06-01,33,444138.0,0,0,0.0,0.0,0.0,0.0,,,0.0,,0.0
2016-06-02,33,444138.0,0,0,0.0,0.0,0.0,0.0,,,0.0,,0.0
2016-06-03,33,444138.0,0,0,0.0,0.0,0.0,0.0,,,0.0,,0.0
2016-06-06,33,444138.0,0,0,0.0,0.0,0.0,0.0,,,0.0,,0.0
2016-06-07,33,444138.0,0,0,0.0,0.01575,0.01575,0.01575,,,215781.0,,215781.0
2016-06-08,33,447554.0,0,1,0.0303,0.005,0.00436,0.005,,,103207.0,,103207.0
2016-06-09,32,445714.0,0,0,0.0,0.00384,0.00384,0.00384,,,100041.0,,100041.0
2016-06-10,32,444401.0,0,0,0.0,0.0,0.0,0.0,,,0.0,,0.0
2016-06-13,32,444401.0,0,0,0.0,0.0,0.0,0.0,,,0.0,,0.0
2016-06-14,32,444401.0,0,0,0.0,0.0524,0.0524,0.0524,,,150106.0,,150106.0
2016-06-15,32,428745.0,0,0,0.0,0.00693,0.00693,0.00693,,,77376.0,,77376.0
2016-06-16,32,428710.0,0,0,0.0,0.0,0.0,0.0,,,0.0,,0.0
2016-06-17,32,428710.0,0,0,0.0,0.0,0.0,0.0,,,0.0,,0.0
2016-06-20,32,428710.0,0,0,0.0,0.0,0.0,0.0,,,0.0,,0.0
2016-06-21,32,428710.0,0,0,0.0,0.00365,0.00365,0.00365,,,97239.0,,97239.0
2016-06-22,32,429103.0,0,0,0.0,0.0,0.0,0.0,,,0.0,,0.0
2016-06-23,32,429103.0,0,0,0.0,0.0,0.0,0.0,,,0.0,,0.0
2016-06-24,32,429103.0,0,0,0.0,0.0,0.0,0.0,,,0.0,,0.0
2016-06-27,32,429103.0,0,0,0.0,0.0,0.0,0.0,,,0.0,,0.0
2016-06-28,32,429103.0,0,0,0.0,0.00434,0.00434,0.00434,,,172036.0,,172036.0
2016-06-29,32,428670.0,0,0,0.0,0.0,0.0,0.0,,,0.0,,0.0
2016-06-30,32,428670.0,0,0,0.0,0.0,0.0,0.0,,,0.0,,0.0
2016-07-01,32,428670.0,0,0,0.0,0.0,0.0,0.0,,,0.0,,0.0
2016-07-05,32,428670.0,0,0,0.0,0.0,0.0,0.0,,,0.0,,0.0
2016-07-06,32,428670.0,0,0,0.0,0.00569,0.00569,0.00569,,,20876.0,,20876.0
2016-07-07,32,430458.0,0,0,0.0,0.0,0.0,0.0,,,0.0,,0.0
2016-07-08,32,430458.0,0,0,0.0,0.00051,0.00051,0.00051,,,41157.0,,41157.0
2016-07-11,32,430637.0,0,0,0.0,0.01355,0.01355,0.01355,,,194751.0,,194751.0
2016-07-12,32,430992.0,2,0,0.0625,0.01594,0.01418,0.01594,,,139252.0,,139252.0
2016-07-13,34,425640.0,0,0,0.0,0.0,0.0,0.0,,,0.0,,0.0
2016-07-14,34,425640.0,0,0,0.0,0.04692,0.04692,0.04692,,,275834.0,,275834.0
2016-07-15,34,420120.0,0,0,0.0,0.00381,0.00381,0.00381,,,102993.0,,102993.0
2016-07-18,34,421323.0,0,0,0.0,0.0,0.0,0.0,,,0.0,,0.0
2016-07-19,34,421323.0,0,0,0.0,0.00105,0.00105,0.00105,,,28636.0,,28636.0
2016-07-20,34,421151.0,0,0,0.0,0.0,0.0,0.0,,,0.0,,0.0
2016-07-21,34,421151.0,0,0,0.0,0.0,0.0,0.0,,,0.0,,0.0
2016-07-22,34,421151.0,0,0,0.0,0.0,0.0,0.0,,,0.0,,0.0
2016-07-25,34,421151.0,0,0,0.0,0.00394,0.00394,0.00394,,,120713.0,,120713.0
2016-07-26,34,420465.0,0,0,0.0,0.0,0.0,0.0,,,0.0,,0.0
2016-07-27,34,420465.0,0,0,0.0,0.00994,0.00994,0.00994,,,160025.0,,160025.0
2016-07-28,34,418222.0,0,0,0.0,0.0,0.0,0.0,,,0.0,,0.0
2016-07-29,34,418222.0,0,0,0.0,0.0,0.0,0.0,,,0.0,,0.0
2016-08-01,34,418222.0,0,0,0.0,0.00875,0.00875,0.00875,,,56558.0,,56558.0
2016-08-02,34,420553.0,0,0,0.0,0.00487,0.00487,0.00487,,,51097.0,,51097.0
2016-08-03,34,422202.0,0,0,0.0,0.00561,0.00561,0.00561,,,75879.0,,75879.0
2016-08-04,34,423854.0,0,0,0.0,0.03139,0.03139,0.03139,,,83419.0,,83419.0
2016-08-05,34,413012.0,0,0,0.0,0.0,0.0,0.0,,,0.0,,0.0
2016-08-08,34,413012.0,0,0,0.0,0.01304,0.01304,0.01304,,,66316.0,,66316.0
2016-08-09,34,408724.0,0,0,0.0,0.00807,0.00807,0.00807,,,133822.0,,133822.0
2016-08-10,34,410730.0,0,0,0.0,0.00127,0.00127,0.00127,,,35663.0,,35663.0
2016-08-11,34,410509.0,0,0,0.0,0.0,0.0,0.0,,,0.0,,0.0
2016-08-12,34,410509.0,0,0,0.0,0.02236,0.02236,0.02236,,,25033.0,,25033.0
2016-08-15,34,403689.0,0,0,0.0,0.0,0.0,0.0,,,0.0,,0.0
2016-08-16,34,403689.0,0,0,0.0,0.0,0.0,0.0,,,0.0,,0.0
2016-08-17,34,403689.0,0,0,0.0,0.0,0.0,0.0,,,0.0,,0.0
2016-08-18,34,403689.0,0,0,0.0,0.0,0.0,0.0,,,0.0,,0.0
2016-08-19,34,403689.0,0,0,0.0,0.00222,0.00222,0.00222,,,136419.0,,136419.0
2016-08-22,34,403305.0,0,0,0.0,0.00178,0.00178,0.00178,,,87582.0,,87582.0
2016-08-23,34,404023.0,2,0,0.05882,0.02456,0.01557,0.02456,,,156684.0,,156684.0
2016-08-24,36,401361.0,0,0,0.0,0.0,0.0,0.0,,,0.0,,0.0
2016-08-25,36,401361.0,0,1,0.02778,0.09614,0.09384,0.09614,,,299736.0,,299736.0
2016-08-26,35,387860.0,0,0,0.0,0.0,0.0,0.0,,,0.0,,0.0
2016-08-29,35,387860.0,0,0,0.0,0.01359,0.01359,0.01359,,,39528.0,,39528.0
2016-08-30,35,387362.0,0,2,0.05714,0.02008,0.00769,0.02008,,,197253.0,,197253.0
2016-08-31,33,385462.0,0,0,0.0,0.00813,0.00813,0.00813,,,34311.0,,34311.0
2016-09-01,33,383966.0,0,0,0.0,0.0,0.0,0.0,,,0.0,,0.0
2016-09-02,33,383966.0,0,0,0.0,0.0,0.0,0.0,,,0.0,,0.0
2016-09-06,33,383966.0,0,0,0.0,0.0,0.0,0.0,,,0.0,,0.0
2016-09-07,33,383966.0,0,0,0.0,0.0614,0.0614,0.0614,,,711414.0,,711414.0
2016-09-08,33,394576.0,0,1,0.0303,0.01285,0.01027,0.01285,,,118664.0,,118664.0
2016-09-09,32,397592.0,0,0,0.0,0.00175,0.00175,0.00175,,,4560.0,,4560.0
2016-09-12,32,396898.0,0,1,0.03125,0.02296,0.01763,0.02296,,,463100.0,,463100.0
2016-09-13,31,401699.0,0,0,0.0,0.03038,0.03038,0.03038,,,149590.0,,149590.0
2016-09-14,31,391764.0,0,0,0.0,0.0,0.0,0.0,,,0.0,,0.0
2016-09-15,31,391764.0,0,0,0.0,0.0,0.0,0.0,,,0.0,,0.0
2016-09-16,31,391764.0,0,0,0.0,0.0,0.0,0.0,,,0.0,,0.0
2016-09-19,31,391764.0,0,0,0.0,0.0,0.0,0.0,,,0.0,,0.0
2016-09-20,31,391764.0,1,0,0.03226,0.01819,0.0103,0.01819,,,132012.0,,132012.0
2016-09-21,32,396698.0,0,0,0.0,0.0,0.0,0.0,,,0.0,,0.0
2016-09-22,32,396698.0,0,0,0.0,0.0,0.0,0.0,,,0.0,,0.0
2016-09-23,32,396698.0,0,0,0.0,0.0,0.0,0.0,,,0.0,,0.0
2016-09-26,32,396698.0,0,0,0.0,0.0,0.0,0.0,,,0.0,,0.0
2016-09-27,32,396698.0,0,0,0.0,0.0,0.0,0.0,,,0.0,,0.0
2016-09-28,32,396698.0,0,0,0.0,0.0,0.0,0.0,,,0.0,,0.0
2016-09-29,32,396698.0,0,0,0.0,0.0,0.0,0.0,,,0.0,,0.0
2016-09-30,32,396698.0,0,1,0.03125,0.0319,0.0144,0.0319,,,159191.0,,159191.0
2016-10-03,31,395265.0,0,0,0.0,0.0081,0.0081,0.0081,,,157533.0,,157533.0
2016-10-04,31,392462.0,0,0,0.0,0.0,0.0,0.0,,,0.0,,0.0
2016-10-05,31,392462.0,0,0,0.0,0.0,0.0,0.0,,,0.0,,0.0
2016-10-06,31,392462.0,0,0,0.0,0.02977,0.02977,0.02977,,,38438.0,,38438.0
2016-10-07,31,381268.0,0,1,0.03226,0.01878,0.0134,0.01878,,,194926.0,,194926.0
2016-10-10,30,379989.0,0,0,0.0,0.02466,0.02466,0.02466,,,39735.0,,39735.0
2016-10-11,30,371729.0,0,1,0.03333,0.02565,0.01678,0.02565,,,322909.0,,322909.0
2016-10-12,29,374560.0,0,0,0.0,0.00791,0.00791,0.00791,,,264710.0,,264710.0
2016-10-13,29,373569.0,0,0,0.0,0.0,0.0,0.0,,,0.0,,0.0
2016-10-14,29,373569.0,0,0,0.0,0.00452,0.00452,0.00452,,,34940.0,,34940.0
2016-10-17,29,374718.0,0,0,0.0,0.0,0.0,0.0,,,0.0,,0.0
2016-10-18,29,374718.0,0,0,0.0,0.0,0.0,0.0,,,0.0,,0.0
2016-10-19,29,374718.0,0,0,0.0,0.00034,0.00034,0.00034,,,1010.0,,1010.0
2016-10-20,29,374798.0,0,0,0.0,0.00414,0.00414,0.00414,,,116690.0,,116690.0
2016-10-21,29,375948.0,0,0,0.0,0.00517,0.00517,0.00517,,,28867.0,,28867.0
2016-10-24,29,374513.0,0,0,0.0,0.01597,0.01597,0.01597,,,138661.0,,138661.0
2016-10-25,29,369733.0,0,0,0.0,0.0,0.0,0.0,,,0.0,,0.0
2016-10-26,29,369733.0,0,0,0.0,0.0,0.0,0.0,,,0.0,,0.0
2016-10-27,29,369733.0,0,0,0.0,0.0,0.0,0.0,,,0.0,,0.0
2016-10-28,29,369733.0,0,1,0.03448,0.00633,0.00054,0.00633,,,100119.0,,100119.0
2016-10-31,28,367792.0,0,0,0.0,0.00101,0.00101,0.00101,,,38538.0,,38538.0
2016-11-01,28,368165.0,0,0,0.0,0.0,0.0,0.0,,,0.0,,0.0
2016-11-02,28,368165.0,0,0,0.0,0.0044,0.0044,0.0044,,,123139.0,,123139.0
2016-11-03,28,367380.0,0,0,0.0,0.12314,0.12314,0.12314,,,801903.0,,801903.0
2016-11-04,28,324901.0,0,0,0.0,0.14084,0.14084,0.14084,,,832152.0,,832152.0
2016-11-07,28,367792.0,0,0,0.0,0.17643,0.17643,0.17643,,,821275.0,,821275.0
2016-11-08,28,305771.0,0,0,0.0,0.0,0.0,0.0,,,0.0,,0.0
2016-11-09,28,305771.0,0,0,0.0,0.00555,0.00555,0.00555,,,37673.0,,37673.0
2016-11-10,28,305593.0,0,0,0.0,0.14318,0.14318,0.14318,,,964097.0,,964097.0
2016-11-11,28,349179.0,0,0,0.0,0.0,0.0,0.0,,,0.0,,0.0
2016-11-14,28,349179.0,0,0,0.0,0.0,0.0,0.0,,,0.0,,0.0
2016-11-15,28,349179.0,0,0,0.0,0.0,0.0,0.0,,,0.0,,0.0
2016-11-16,28,349179.0,0,0,0.0,0.0,0.0,0.0,,,0.0,,0.0
2016-11-17,28,349179.0,0,0,0.0,0.01248,0.01248,0.01248,,,29203.0,,29203.0
2016-11-18,28,349286.0,0,0,0.0,0.01989,0.01989,0.01989,,,67608.0,,67608.0
2016-11-21,28,353764.0,0,0,0.0,0.0,0.0,0.0,,,0.0,,0.0
2016-11-22,28,353764.0,0,0,0.0,0.12342,0.12342,0.12342,,,932591.0,,932591.0
2016-11-23,28,397427.0,0,0,0.0,0.0,0.0,0.0,,,0.0,,0.0
2016-11-25,28,397427.0,0,0,0.0,0.01934,0.01934,0.01934,,,278812.0,,278812.0
2016-11-28,28,397966.0,0,0,0.0,0.0,0.0,0.0,,,0.0,,0.0
2016-11-29,28,397966.0,0,0,0.0,0.02211,0.02211,0.02211,,,36445.0,,36445.0
2016-11-30,28,390764.0,0,0,0.0,0.00071,0.00071,0.00071,,,47434.0,,47434.0
2016-12-01,28,391004.0,0,0,0.0,0.0,0.0,0.0,,,0.0,,0.0
2016-12-02,28,391004.0,0,0,0.0,0.01892,0.01892,0.01892,,,184145.0,,184145.0
2016-12-05,28,387750.0,0,0,0.0,0.0,0.0,0.0,,,0.0,,0.0
2016-12-06,28,387750.0,0,0,0.0,0.0,0.0,0.0,,,0.0,,0.0
2016-12-07,28,387750.0,0,0,0.0,0.0,0.0,0.0,,,0.0,,0.0
2016-12-08,28,387750.0,0,1,0.03571,0.02159,0.02114,0.02159,,,286056.0,,286056.0
2016-12-09,27,387393.0,0,0,0.0,0.0,0.0,0.0,,,0.0,,0.0
2016-12-12,27,387393.0,0,0,0.0,0.0,0.0,0.0,,,0.0,,0.0
2016-12-13,27,387393.0,0,0,0.0,0.0,0.0,0.0,,,0.0,,0.0
2016-12-14,27,387393.0,0,0,0.0,0.0,0.0,0.0,,,0.0,,0.0
2016-12-15,27,387393.0,0,0,0.0,0.0,0.0,0.0,,,0.0,,0.0
2016-12-16,27,387393.0,0,0,0.0,0.0,0.0,0.0,,,0.0,,0.0
2016-12-19,27,387393.0,0,0,0.0,0.00273,0.00273,0.00273,,,69589.0,,69589.0
2016-12-20,27,387842.0,0,0,0.0,0.0,0.0,0.0,,,0.0,,0.0
2016-12-21,27,387842.0,0,0,0.0,0.0,0.0,0.0,,,0.0,,0.0
2016-12-22,27,387842.0,0,0,0.0,0.0,0.0,0.0,,,0.0,,0.0
2016-12-23,27,387842.0,0,0,0.0,0.0,0.0,0.0,,,0.0,,0.0
2016-12-27,27,387842.0,0,0,0.0,0.0,0.0,0.0,,,0.0,,0.0
2016-12-28,27,387842.0,0,0,0.0,0.00612,0.00612,0.00612,,,21866.0,,21866.0
2016-12-29,27,390217.0,0,0,0.0,0.00568,0.00568,0.00568,,,31080.0,,31080.0
2016-12-30,27,389644.0,0,0,0.0,0.01014,0.01014,0.01014,,,42276.0,,42276.0
2017-01-03,27,388044.0,0,0,0.0,0.0,0.0,0.0,,,0.0,,0.0
2017-01-04,27,388044.0,0,0,0.0,0.02672,0.02672,0.02672,,,42848.0,,42848.0
2017-01-05,27,393674.0,0,0,0.0,0.0,0.0,0.0,,,0.0,,0.0
2017-01-06,27,393674.0,0,0,0.0,0.0,0.0,0.0,,,0.0,,0.0
2017-01-09,27,393674.0,0,0,0.0,0.0,0.0,0.0,,,0.0,,0.0
2017-01-10,27,393674.0,0,0,0.0,0.0022,0.0022,0.0022,,,54590.0,,54590.0
2017-01-11,27,394075.0,0,0,0.0,0.0,0.0,0.0,,,0.0,,0.0
2017-01-12,27,394075.0,0,0,0.0,0.0,0.0,0.0,,,0.0,,0.0
2017-01-13,27,394075.0,0,0,0.0,0.00226,0.00226,0.00226,,,48800.0,,48800.0
2017-01-17,27,394566.0,0,0,0.0,0.00137,0.00137,0.00137,,,4171.0,,4171.0
2017-01-18,27,394025.0,1,0,0.03704,0.0311,0.02079,0.0311,,,420280.0,,420280.0
2017-01-19,28,403764.0,0,0,0.0,0.0,0.0,0.0,,,0.0,,0.0
2017-01-20,28,403764.0,0,0,0.0,0.00109,0.00109,0.00109,,,111119.0,,111119.0
2017-01-23,28,403406.0,0,0,0.0,0.0,0.0,0.0,,,0.0,,0.0
2017-01-24,28,403406.0,0,0,0.0,0.0,0.0,0.0,,,0.0,,0.0
2017-01-25,28,403406.0,0,0,0.0,0.0,0.0,0.0,,,0.0,,0.0
2017-01-26,28,403406.0,0,0,0.0,0.0,0.0,0.0,,,0.0,,0.0
2017-01-27,28,403406.0,0,0,0.0,0.0,0.0,0.0,,,0.0,,0.0
2017-01-30,28,403406.0,0,0,0.0,0.0,0.0,0.0,,,0.0,,0.0
2017-01-31,28,403406.0,0,0,0.0,0.00203,0.00203,0.00203,,,51834.0,,51834.0
2017-02-01,28,403825.0,0,0,0.0,0.0,0.0,0.0,,,0.0,,0.0
2017-02-02,28,403825.0,1,0,0.03571,0.00723,0.00534,0.00723,,,54355.0,,54355.0
2017-02-03,29,405987.0,0,0,0.0,0.0,0.0,0.0,,,0.0,,0.0
2017-02-06,29,405987.0,0,0,0.0,0.00778,0.00778,0.00778,,,177974.0,,177974.0
2017-02-07,29,404429.0,1,0,0.03448,0.11585,0.11137,0.11585,,,970996.0,,970996.0
2017-02-08,30,449917.0,0,0,0.0,0.0,0.0,0.0,,,0.0,,0.0
2017-02-09,30,449917.0,1,0,0.03333,0.00502,0.00251,0.00502,,,52152.0,,52152.0
2017-02-10,31,449915.0,0,0,0.0,0.0,0.0,0.0,,,0.0,,0.0
2017-02-13,31,449915.0,0,1,0.03226,0.00431,0.00413,0.00431,,,69014.0,,69014.0
2017-02-14,30,449158.0,0,0,0.0,0.00479,0.00479,0.00479,,,28961.0,,28961.0
2017-02-15,30,447480.0,0,0,0.0,0.0,0.0,0.0,,,0.0,,0.0
2017-02-16,30,447480.0,0,0,0.0,0.00851,0.00851,0.00851,,,67646.0,,67646.0
2017-02-17,30,450724.0,1,0,0.03333,0.02784,0.02667,0.02784,,,211151.0,,211151.0
2017-02-21,31,440594.0,0,0,0.0,0.0,0.0,0.0,,,0.0,,0.0
2017-02-22,31,440594.0,1,0,0.03226,0.00841,0.00052,0.00841,,,178236.0,,178236.0
2017-02-23,32,443841.0,0,0,0.0,0.0,0.0,0.0,,,0.0,,0.0
2017-02-24,32,443841.0,0,0,0.0,0.00111,0.00111,0.00111,,,27770.0,,27770.0
2017-02-27,32,444314.0,0,0,0.0,0.0,0.0,0.0,,,0.0,,0.0
2017-02-28,32,444314.0,0,0,0.0,0.02133,0.02133,0.02133,,,197558.0,,197558.0
2017-03-01,32,447862.0,0,0,0.0,0.0,0.0,0.0,,,0.0,,0.0
2017-03-02,32,447862.0,0,0,0.0,0.0,0.0,0.0,,,0.0,,0.0
2017-03-03,32,447862.0,0,0,0.0,0.04903,0.04903,0.04903,,,182511.0,,182511.0
2017-03-06,32,467773.0,0,0,0.0,0.00359,0.00359,0.00359,,,50496.0,,50496.0
2017-03-07,32,468455.0,0,0,0.0,0.0,0.0,0.0,,,0.0,,0.0
2017-03-08,32,468455.0,0,0,0.0,0.01205,0.01205,0.01205,,,135770.0,,135770.0
2017-03-09,32,469629.0,0,0,0.0,0.0,0.0,0.0,,,0.0,,0.0
2017-03-10,32,469629.0,0,0,0.0,0.00368,0.00368,0.00368,,,56376.0,,56376.0
2017-03-13,32,470152.0,0,0,0.0,0.00957,0.00957,0.00957,,,123290.0,,123290.0
2017-03-14,32,470623.0,0,0,0.0,0.0,0.0,0.0,,,0.0,,0.0
2017-03-15,32,470623.0,0,0,0.0,0.00297,0.00297,0.00297,,,102131.0,,102131.0
2017-03-16,32,469807.0,0,0,0.0,0.0,0.0,0.0,,,0.0,,0.0
2017-03-17,32,469807.0,0,1,0.03125,0.04765,0.04548,0.04765,,,373838.0,,373838.0
2017-03-20,31,488506.0,0,0,0.0,0.00503,0.00503,0.00503,,,81814.0,,81814.0
2017-03-21,31,489640.0,0,0,0.0,0.0,0.0,0.0,,,0.0,,0.0
2017-03-22,31,489640.0,0,0,0.0,0.0075,0.0075,0.0075,,,109585.0,,109585.0
2017-03-23,31,492647.0,0,0,0.0,0.0,0.0,0.0,,,0.0,,0.0
2017-03-24,31,492647.0,0,0,0.0,0.0,0.0,0.0,,,0.0,,0.0
2017-03-27,31,492647.0,0,0,0.0,0.00408,0.00408,0.00408,,,50428.0,,50428.0
2017-03-28,31,493156.0,0,0,0.0,0.0,0.0,0.0,,,0.0,,0.0
2017-03-29,31,493156.0,0,0,0.0,0.0,0.0,0.0,,,0.0,,0.0
2017-03-30,31,493156.0,0,0,0.0,0.0,0.0,0.0,,,0.0,,0.0
2017-03-31,31,493156.0,0,0,0.0,0.02372,0.02372,0.02372,,,303601.0,,303601.0
2017-04-03,31,498343.0,0,0,0.0,0.0,0.0,0.0,,,0.0,,0.0
2017-04-04,31,498343.0,0,0,0.0,0.02013,0.02013,0.02013,,,122584.0,,122584.0
2017-04-05,31,496465.0,0,0,0.0,0.05203,0.05203,0.05203,,,226167.0,,226167.0
2017-04-06,31,507401.0,0,0,0.0,0.0,0.0,0.0,,,0.0,,0.0
2017-04-07,31,507401.0,0,0,0.0,0.0,0.0,0.0,,,0.0,,0.0
2017-04-10,31,507401.0,0,0,0.0,0.00116,0.00116,0.00116,,,5033.0,,5033.0
2017-04-11,31,506811.0,0,0,0.0,0.00826,0.00826,0.00826,,,157526.0,,157526.0
2017-04-12,31,505805.0,0,0,0.0,0.0,0.0,0.0,,,0.0,,0.0
2017-04-13,31,505805.0,0,0,0.0,0.0,0.0,0.0,,,0.0,,0.0
2017-04-17,31,505805.0,0,0,0.0,0.0,0.0,0.0,,,0.0,,0.0
2017-04-18,31,505805.0,0,0,0.0,0.00192,0.00192,0.00192,,,50193.0,,50193.0
2017-04-19,31,505233.0,0,0,0.0,0.0,0.0,0.0,,,0.0,,0.0
2017-04-20,31,505233.0,0,0,0.0,0.00079,0.00079,0.00079,,,67892.0,,67892.0
2017-04-21,31,505233.0,0,0,0.0,0.0,0.0,0.0,,,0.0,,0.0
2017-04-24,31,505233.0,0,0,0.0,0.0,0.0,0.0,,,0.0,,0.0
2017-04-25,31,505233.0,0,0,0.0,0.0,0.0,0.0,,,0.0,,0.0
2017-04-26,31,505233.0,0,0,0.0,0.0,0.0,0.0,,,0.0,,0.0
2017-04-27,31,505233.0,0,0,0.0,0.0,0.0,0.0,,,0.0,,0.0
2017-04-28,31,505233.0,0,0,0.0,0.0,0.0,0.0,,,0.0,,0.0
2017-05-01,31,505233.0,0,0,0.0,0.00593,0.00593,0.00593,,,279003.0,,279003.0
2017-05-02,31,505047.0,0,0,0.0,0.29982,0.29982,0.29982,,,3064253.0,,3064253.0
2017-05-03,31,656470.0,0,0,0.0,0.00751,0.00751,0.00751,,,43485.0,,43485.0
2017-05-04,31,661400.0,0,0,0.0,0.07632,0.07632,0.07632,,,1021552.0,,1021552.0
2017-05-05,31,711880.0,0,0,0.0,0.01614,0.01614,0.01614,,,111103.0,,111103.0
2017-05-08,31,722786.0,0,0,0.0,0.0049,0.0049,0.0049,,,91633.0,,91633.0
2017-05-09,31,722657.0,0,1,0.03226,0.00973,0.00778,0.00973,,,384397.0,,384397.0
2017-05-10,30,726848.0,0,0,0.0,0.01716,0.01716,0.01716,,,190364.0,,190364.0
2017-05-11,30,736003.0,0,0,0.0,0.0,0.0,0.0,,,0.0,,0.0
2017-05-12,30,736003.0,1,0,0.03333,0.00172,0.00027,0.00172,,,51005.0,,51005.0
2017-05-15,31,736871.0,0,0,0.0,0.0,0.0,0.0,,,0.0,,0.0
2017-05-16,31,736871.0,0,0,0.0,0.00329,0.00329,0.00329,,,162713.0,,162713.0
2017-05-17,31,737288.0,0,0,0.0,0.0,0.0,0.0,,,0.0,,0.0
2017-05-18,31,737288.0,0,0,0.0,0.0,0.0,0.0,,,0.0,,0.0
2017-05-19,31,737288.0,1,0,0.03226,0.00674,0.00158,0.00674,,,297879.0,,297879.0
2017-05-22,32,739924.0,0,0,0.0,0.0109,0.0109,0.0109,,,427677.0,,427677.0
2017-05-23,32,744843.0,0,0,0.0,0.00853,0.00853,0.00853,,,147104.0,,147104.0
2017-05-24,32,748385.0,0,0,0.0,0.03935,0.03935,0.03935,,,245931.0,,245931.0
2017-05-25,32,775718.0,0,0,0.0,0.0,0.0,0.0,,,0.0,,0.0
2017-05-26,32,775718.0,0,0,0.0,0.0,0.0,0.0,,,0.0,,0.0
2017-05-30,32,775718.0,0,0,0.0,0.01227,0.01227,0.01227,,,212006.0,,212006.0
2017-05-31,32,781902.0,0,0,0.0,0.00788,0.00788,0.00788,,,142536.0,,142536.0
2017-06-01,32,787001.0,0,0,0.0,0.0709,0.0709,0.0709,,,1034686.0,,1034686.0
2017-06-02,32,842803.0,0,0,0.0,0.00294,0.00294,0.00294,,,61155.0,,61155.0
2017-06-05,32,843739.0,0,0,0.0,0.06621,0.06621,0.06621,,,1037489.0,,1037489.0
2017-06-06,32,899603.0,0,0,0.0,0.00384,0.00384,0.00384,,,193903.0,,193903.0
2017-06-07,32,901670.0,0,0,0.0,0.00996,0.00996,0.00996,,,156240.0,,156240.0
2017-06-08,32,905918.0,0,0,0.0,0.0,0.0,0.0,,,0.0,,0.0
2017-06-09,32,905918.0,0,0,0.0,0.0,0.0,0.0,,,0.0,,0.0
2017-06-12,32,905918.0,0,0,0.0,0.00321,0.00321,0.00321,,,101387.0,,101387.0
2017-06-13,32,907668.0,1,0,0.03125,0.01012,0.00897,0.01012,,,344625.0,,344625.0
2017-06-14,33,914416.0,0,0,0.0,0.0,0.0,0.0,,,0.0,,0.0
2017-06-15,33,914416.0,0,0,0.0,0.0,0.0,0.0,,,0.0,,0.0
2017-06-16,33,914416.0,0,0,0.0,0.0,0.0,0.0,,,0.0,,0.0
2017-06-19,33,914416.0,0,0,0.0,0.0,0.0,0.0,,,0.0,,0.0
2017-06-20,33,914416.0,0,0,0.0,0.0,0.0,0.0,,,0.0,,0.0
2017-06-21,33,914416.0,0,0,0.0,0.00887,0.00887,0.00887,,,259657.0,,259657.0
2017-06-22,33,920794.0,0,0,0.0,0.0695,0.0695,0.0695,,,1142188.0,,1142188.0
2017-06-23,33,984791.0,0,0,0.0,0.0,0.0,0.0,,,0.0,,0.0
2017-06-26,33,984791.0,0,0,0.0,0.05778,0.05778,0.05778,,,1188762.0,,1188762.0
2017-06-27,33,1041253.0,0,0,0.0,0.0,0.0,0.0,,,0.0,,0.0
2017-06-28,33,1041253.0,0,0,0.0,0.0,0.0,0.0,,,0.0,,0.0
2017-06-29,33,1041253.0,0,0,0.0,0.0,0.0,0.0,,,0.0,,0.0
2017-06-30,33,1041253.0,0,0,0.0,0.0,0.0,0.0,,,0.0,,0.0
2017-07-03,33,1041253.0,0,0,0.0,0.0,0.0,0.0,,,0.0,,0.0
2017-07-05,33,1041253.0,0,0,0.0,0.0,0.0,0.0,,,0.0,,0.0
2017-07-06,33,1041253.0,0,0,0.0,0.0,0.0,0.0,,,0.0,,0.0
2017-07-07,33,1041253.0,0,0,0.0,0.0,0.0,0.0,,,0.0,,0.0
2017-07-10,33,1041253.0,0,0,0.0,0.11048,0.11048,0.11048,,,2184646.0,,2184646.0
2017-07-11,33,1156290.0,0,0,0.0,0.0,0.0,0.0,,,0.0,,0.0
2017-07-12,33,1156290.0,0,0,0.0,0.04974,0.04974,0.04974,,,1114414.0,,1114414.0
2017-07-13,33,1213808.0,0,0,0.0,0.0,0.0,0.0,,,0.0,,0.0
2017-07-14,33,1213808.0,0,0,0.0,0.00591,0.00591,0.00591,,,196081.0,,196081.0
2017-07-17,33,1215722.0,0,0,0.0,0.00268,0.00268,0.00268,,,139656.0,,139656.0
2017-07-18,33,1217619.0,0,0,0.0,0.0,0.0,0.0,,,0.0,,0.0
2017-07-19,33,1217619.0,0,0,0.0,0.00502,0.00502,0.00502,,,170933.0,,170933.0
2017-07-20,33,1222127.0,0,0,0.0,0.0,0.0,0.0,,,0.0,,0.0
2017-07-21,33,1222127.0,0,0,0.0,0.00485,0.00485,0.00485,,,214197.0,,214197.0
2017-07-24,33,1219561.0,0,0,0.0,0.0,0.0,0.0,,,0.0,,0.0
2017-07-25,33,1219561.0,0,0,0.0,0.0,0.0,0.0,,,0.0,,0.0
2017-07-26,33,1219561.0,0,0,0.0,0.00296,0.00296,0.00296,,,44227.0,,44227.0
2017-07-27,33,1222418.0,0,0,0.0,0.00817,0.00817,0.00817,,,221123.0,,221123.0
2017-07-28,33,1224452.0,0,0,0.0,0.01706,0.01706,0.01706,,,94607.0,,94607.0
2017-07-31,33,1244181.0,0,0,0.0,0.01176,0.01176,0.01176,,,66406.0,,66406.0
2017-08-01,33,1258188.0,0,0,0.0,0.00799,0.00799,0.00799,,,187382.0,,187382.0
2017-08-02,33,1265939.0,0,0,0.0,0.0,0.0,0.0,,,0.0,,0.0
2017-08-03,33,1265939.0,0,0,0.0,0.01812,0.01812,0.01812,,,366338.0,,366338.0
2017-08-04,33,1287125.0,0,0,0.0,0.00045,0.00045,0.00045,,,126863.0,,126863.0
2017-08-07,33,1286613.0,0,0,0.0,0.0,0.0,0.0,,,0.0,,0.0
2017-08-08,33,1286613.0,0,0,0.0,0.0,0.0,0.0,,,0.0,,0.0
2017-08-09,33,1286613.0,0,0,0.0,0.05137,0.05137,0.05137,,,1082296.0,,1082296.0
2017-08-10,33,1352702.0,0,0,0.0,0.00438,0.00438,0.00438,,,151778.0,,151778.0
2017-08-11,33,1357941.0,0,0,0.0,0.0,0.0,0.0,,,0.0,,0.0
2017-08-14,33,1357941.0,0,0,0.0,0.01464,0.01464,0.01464,,,154479.0,,154479.0
2017-08-15,33,1375745.0,0,0,0.0,0.0,0.0,0.0,,,0.0,,0.0
2017-08-16,33,1375745.0,0,0,0.0,0.0,0.0,0.0,,,0.0,,0.0
2017-08-17,33,1375745.0,0,0,0.0,0.00262,0.00262,0.00262,,,81733.0,,81733.0
2017-08-18,33,1378665.0,0,0,0.0,0.0,0.0,0.0,,,0.0,,0.0
2017-08-21,33,1378665.0,0,0,0.0,0.0,0.0,0.0,,,0.0,,0.0
2017-08-22,33,1378665.0,0,0,0.0,0.0,0.0,0.0,,,0.0,,0.0
2017-08-23,33,1378665.0,0,0,0.0,0.00084,0.00084,0.00084,,,68461.0,,68461.0
2017-08-24,33,1379327.0,0,0,0.0,0.0,0.0,0.0,,,0.0,,0.0
2017-08-25,33,1379327.0,0,0,0.0,0.0,0.0,0.0,,,0.0,,0.0
2017-08-28,33,1379327.0,0,0,0.0,0.0,0.0,0.0,,,0.0,,0.0
2017-08-29,33,1379327.0,0,0,0.0,0.00124,0.00124,0.00124,,,181558.0,,181558.0
2017-08-30,33,1378197.0,0,0,0.0,0.0,0.0,0.0,,,0.0,,0.0
2017-08-31,33,1378197.0,0,0,0.0,0.0,0.0,0.0,,,0.0,,0.0
2017-09-01,33,1378197.0,2,1,0.09091,0.0065,0.00057,0.0065,,,419675.0,,419675.0
2017-09-05,34,1383951.0,0,0,0.0,0.1357,0.1357,0.1357,,,3764109.0,,3764109.0
2017-09-06,34,1571755.0,0,0,0.0,0.00789,0.00789,0.00789,,,492250.0,,492250.0
2017-09-07,34,1581359.0,0,0,0.0,0.01496,0.01496,0.01496,,,326701.0,,326701.0
2017-09-08,34,1603640.0,0,0,0.0,0.00612,0.00612,0.00612,,,484898.0,,484898.0
2017-09-11,34,1610484.0,0,0,0.0,0.00101,0.00101,0.00101,,,203011.0,,203011.0
2017-09-12,34,1610598.0,1,0,0.02941,0.00343,0.0011,0.00343,,,634006.0,,634006.0
2017-09-13,35,1612581.0,0,0,0.0,0.00625,0.00625,0.00625,,,690153.0,,690153.0
2017-09-14,35,1615144.0,0,0,0.0,0.0,0.0,0.0,,,0.0,,0.0
2017-09-15,35,1615144.0,0,0,0.0,0.0,0.0,0.0,,,0.0,,0.0
2017-09-18,35,1615144.0,0,0,0.0,0.00086,0.00086,0.00086,,,158064.0,,158064.0
2017-09-19,35,1615632.0,1,0,0.02857,0.00146,0.0,0.00146,,,74049.0,,74049.0
2017-09-20,36,1617994.0,0,0,0.0,0.07966,0.07966,0.07966,,,2571451.0,,2571451.0
2017-09-21,36,1746880.0,0,0,0.0,0.03876,0.03876,0.03876,,,1415738.0,,1415738.0
2017-09-22,36,1813155.0,0,0,0.0,0.0023,0.0023,0.0023,,,281840.0,,281840.0
2017-09-25,36,1814764.0,0,1,0.02778,0.00649,0.00555,0.00649,,,541121.0,,541121.0
2017-09-26,35,1823115.0,1,0,0.02857,0.02783,0.00879,0.02783,,,830857.0,,830857.0
2017-09-27,36,1864738.0,0,0,0.0,0.00668,0.00668,0.00668,,,256445.0,,256445.0
2017-09-28,36,1861301.0,0,0,0.0,0.00609,0.00609,0.00609,,,284970.0,,284970.0
2017-09-29,36,1869927.0,0,0,0.0,0.0,0.0,0.0,,,0.0,,0.0
2017-10-02,36,1869927.0,0,0,0.0,0.03558,0.03558,0.03558,,,1315960.0,,1315960.0
2017-10-03,36,1936451.0,0,0,0.0,0.01732,0.01732,0.01732,,,1263999.0,,1263999.0
2017-10-04,36,1938288.0,0,0,0.0,0.0,0.0,0.0,,,0.0,,0.0
2017-10-05,36,1938288.0,0,0,0.0,0.03435,0.03435,0.03435,,,1338184.0,,1338184.0
2017-10-06,36,2004872.0,0,0,0.0,0.0,0.0,0.0,,,0.0,,0.0
2017-10-09,36,2004872.0,0,0,0.0,0.0,0.0,0.0,,,0.0,,0.0
2017-10-10,36,2004872.0,0,0,0.0,0.0,0.0,0.0,,,0.0,,0.0
2017-10-11,36,2004872.0,0,0,0.0,0.0,0.0,0.0,,,0.0,,0.0
2017-10-12,36,2004872.0,0,0,0.0,0.03321,0.03321,0.03321,,,1324012.0,,1324012.0
2017-10-13,36,2071457.0,0,0,0.0,0.01721,0.01721,0.01721,,,457129.0,,457129.0
2017-10-16,36,2093099.0,0,0,0.0,0.00617,0.00617,0.00617,,,231305.0,,231305.0
2017-10-17,36,2098861.0,0,0,0.0,0.00735,0.00735,0.00735,,,443396.0,,443396.0
2017-10-18,36,2096254.0,0,0,0.0,0.0,0.0,0.0,,,0.0,,0.0
2017-10-19,36,2096254.0,0,0,0.0,0.08634,0.08634,0.08634,,,2610306.0,,2610306.0
2017-10-20,36,2277235.0,0,0,0.0,0.00722,0.00722,0.00722,,,532579.0,,532579.0
2017-10-23,36,2281710.0,0,0,0.0,0.00322,0.00322,0.00322,,,530145.0,,530145.0
2017-10-24,36,2278905.0,0,0,0.0,0.01369,0.01369,0.01369,,,481521.0,,481521.0
2017-10-25,36,2305969.0,0,0,0.0,0.00368,0.00368,0.00368,,,347962.0,,347962.0
2017-10-26,36,2304806.0,0,0,0.0,0.00333,0.00333,0.00333,,,431313.0,,431313.0
2017-10-27,36,2307765.0,0,0,0.0,0.00233,0.00233,0.00233,,,479679.0,,479679.0
2017-10-30,36,2308037.0,0,0,0.0,0.06773,0.06773,0.06773,,,3206484.0,,3206484.0
2017-10-31,36,2437893.0,0,0,0.0,0.03831,0.03831,0.03831,,,1669545.0,,1669545.0
2017-11-01,36,2487783.0,0,1,0.02778,0.00791,0.00765,0.00791,,,159794.0,,159794.0
2017-11-02,35,2476963.0,0,0,0.0,0.01533,0.01533,0.01533,,,646311.0,,646311.0
2017-11-03,35,2464619.0,0,0,0.0,0.04033,0.04033,0.04033,,,1945695.0,,1945695.0
2017-11-06,35,2554589.0,0,0,0.0,0.0192,0.0192,0.0192,,,442790.0,,442790.0
2017-11-07,35,2594314.0,0,0,0.0,0.0,0.0,0.0,,,0.0,,0.0
2017-11-08,35,2594314.0,0,0,0.0,0.06598,0.06598,0.06598,,,2774301.0,,2774301.0
2017-11-09,35,2745515.0,0,0,0.0,0.02137,0.02137,0.02137,,,1105912.0,,1105912.0
2017-11-10,35,2783486.0,0,0,0.0,0.0,0.0,0.0,,,0.0,,0.0
2017-11-13,35,2783486.0,0,0,0.0,0.00715,0.00715,0.00715,,,378702.0,,378702.0
2017-11-14,35,2774217.0,0,0,0.0,0.0039,0.0039,0.0039,,,94706.0,,94706.0
2017-11-15,35,2767044.0,0,0,0.0,0.0,0.0,0.0,,,0.0,,0.0
2017-11-16,35,2767044.0,0,0,0.0,0.0,0.0,0.0,,,0.0,,0.0
2017-11-17,35,2767044.0,0,0,0.0,0.0,0.0,0.0,,,0.0,,0.0
2017-11-20,35,2767044.0,0,0,0.0,0.0,0.0,0.0,,,0.0,,0.0
2017-11-21,35,2767044.0,0,0,0.0,0.0043,0.0043,0.0043,,,476117.0,,476117.0
2017-11-22,35,2774880.0,0,0,0.0,0.0,0.0,0.0,,,0.0,,0.0
2017-11-27,35,2774880.0,0,0,0.0,0.0,0.0,0.0,,,0.0,,0.0
2017-11-28,35,2774880.0,0,0,0.0,0.02624,0.02624,0.02624,,,1259645.0,,1259645.0
2017-11-29,35,2847694.0,0,0,0.0,0.0,0.0,0.0,,,0.0,,0.0
2017-11-30,35,2847694.0,1,0,0.02857,0.01425,0.00476,0.01425,,,751767.0,,751767.0
2017-12-01,36,2864780.0,0,0,0.0,0.0,0.0,0.0,,,0.0,,0.0
2017-12-04,36,2864780.0,0,0,0.0,0.01142,0.01142,0.01142,,,503125.0,,503125.0
2017-12-05,36,2889665.0,0,0,0.0,0.05112,0.05112,0.05112,,,2463759.0,,2463759.0
2017-12-06,36,3037393.0,0,0,0.0,0.00652,0.00652,0.00652,,,112902.0,,112902.0
2017-12-07,36,3025187.0,0,2,0.05556,0.00566,0.00463,0.00566,,,1075558.0,,1075558.0
2017-12-08,34,3036049.0,0,0,0.0,0.0,0.0,0.0,,,0.0,,0.0
2017-12-11,34,3036049.0,0,0,0.0,0.0,0.0,0.0,,,0.0,,0.0
2017-12-12,34,3036049.0,0,0,0.0,0.01914,0.01914,0.01914,,,1234499.0,,1234499.0
2017-12-13,34,3079577.0,0,1,0.02941,0.01282,0.0102,0.01282,,,1076274.0,,1076274.0
2017-12-14,33,3093426.0,0,0,0.0,0.00322,0.00322,0.00322,,,295204.0,,295204.0
2017-12-15,33,3100449.0,0,1,0.0303,0.02345,0.01853,0.02345,,,1556701.0,,1556701.0
2017-12-18,32,3142078.0,0,0,0.0,0.00122,0.00122,0.00122,,,32610.0,,32610.0
2017-12-19,32,3145919.0,0,0,0.0,0.0,0.0,0.0,,,0.0,,0.0
2017-12-20,32,3145919.0,0,0,0.0,0.0,0.0,0.0,,,0.0,,0.0
2017-12-21,32,3145919.0,0,0,0.0,0.04865,0.04865,0.04865,,,2460270.0,,2460270.0
2017-12-22,32,3298969.0,0,0,0.0,0.0,0.0,0.0,,,0.0,,0.0
2017-12-26,32,3298969.0,0,0,0.0,0.0,0.0,0.0,,,0.0,,0.0
2017-12-27,32,3298969.0,0,0,0.0,0.0,0.0,0.0,,,0.0,,0.0
2017-12-28,32,3298969.0,0,0,0.0,0.01206,0.01206,0.01206,,,712347.0,,712347.0
2017-12-29,32,3259182.0,0,0,0.0,0.0,0.0,0.0,,,0.0,,0.0
2018-01-02,32,3259182.0,0,0,0.0,0.00203,0.00203,0.00203,,,216577.0,,216577.0
2018-01-03,32,3264206.0,0,0,0.0,0.0232,0.0232,0.0232,,,1273947.0,,1273947.0
2018-01-04,32,3339932.0,0,0,0.0,0.02267,0.02267,0.02267,,,1281395.0,,1281395.0
2018-01-05,32,3415653.0,0,0,0.0,0.0,0.0,0.0,,,0.0,,0.0
2018-01-08,32,3415653.0,0,0,0.0,0.0,0.0,0.0,,,0.0,,0.0
2018-01-09,32,3415653.0,0,0,0.0,0.05831,0.05831,0.05831,,,2762075.0,,2762075.0
2018-01-10,32,3453240.0,0,0,0.0,0.04126,0.04126,0.04126,,,1116976.0,,1116976.0
2018-01-11,32,3529495.0,0,0,0.0,0.0,0.0,0.0,,,0.0,,0.0
2018-01-12,32,3529495.0,0,0,0.0,0.03226,0.03226,0.03226,,,629005.0,,629005.0
2018-01-16,32,3570943.0,0,0,0.0,0.05539,0.05539,0.05539,,,2873426.0,,2873426.0
2018-01-17,32,3768609.0,0,0,0.0,0.0,0.0,0.0,,,0.0,,0.0
2018-01-18,32,3768609.0,1,0,0.03125,0.04704,0.04156,0.04704,,,2585441.0,,2585441.0
2018-01-19,33,3945902.0,0,0,0.0,0.02661,0.02661,0.02661,,,1502544.0,,1502544.0
2018-01-22,33,4029781.0,0,0,0.0,0.0,0.0,0.0,,,0.0,,0.0
2018-01-23,33,4029781.0,0,0,0.0,0.07981,0.07981,0.07981,,,5609726.0,,5609726.0
2018-01-24,33,4351416.0,1,0,0.0303,0.08032,0.06929,0.08032,,,10915070.0,,10915070.0
2018-01-25,34,4572826.0,0,0,0.0,0.07381,0.07381,0.07381,,,5384409.0,,5384409.0
2018-01-26,34,4897795.0,0,0,0.0,0.03502,0.03502,0.03502,,,2853123.0,,2853123.0
2018-01-29,34,5069308.0,0,0,0.0,0.05075,0.05075,0.05075,,,4373414.0,,4373414.0
2018-01-30,34,5326574.0,0,0,0.0,0.01418,0.01418,0.01418,,,1196779.0,,1196779.0
2018-01-31,34,5368765.0,0,0,0.0,0.04928,0.04928,0.04928,,,3690364.0,,3690364.0
2018-02-01,34,5619461.0,0,0,0.0,0.0,0.0,0.0,,,0.0,,0.0
2018-02-02,34,5619461.0,0,0,0.0,0.0,0.0,0.0,,,0.0,,0.0
2018-02-05,34,5619461.0,0,1,0.02941,0.01763,0.01756,0.01763,,,543821.0,,543821.0
2018-02-06,33,5710156.0,0,0,0.0,0.00898,0.00898,0.00898,,,933211.0,,933211.0
2018-02-07,33,5740287.0,0,0,0.0,0.01854,0.01854,0.01854,,,1069574.0,,1069574.0
2018-02-08,33,5811965.0,0,0,0.0,0.00284,0.00284,0.00284,,,103341.0,,103341.0
2018-02-09,33,5823975.0,0,0,0.0,0.00147,0.00147,0.00147,,,594647.0,,594647.0
2018-02-12,33,5825001.0,0,0,0.0,0.00313,0.00313,0.00313,,,353979.0,,353979.0
2018-02-13,33,5822644.0,0,0,0.0,0.02491,0.02491,0.02491,,,1162253.0,,1162253.0
2018-02-14,33,5920141.0,0,0,0.0,0.00427,0.00427,0.00427,,,62412.0,,62412.0
2018-02-15,33,5945409.0,0,0,0.0,0.01637,0.01637,0.01637,,,1741948.0,,1741948.0
2018-02-16,33,6037694.0,0,0,0.0,0.00276,0.00276,0.00276,,,778524.0,,778524.0
2018-02-20,33,6028705.0,0,0,0.0,0.0,0.0,0.0,,,0.0,,0.0
2018-02-21,33,6028705.0,0,0,0.0,0.01535,0.01535,0.01535,,,1326348.0,,1326348.0
2018-02-22,33,6121272.0,0,0,0.0,0.03024,0.03024,0.03024,,,2650675.0,,2650675.0
2018-02-23,33,6306408.0,0,0,0.0,0.01468,0.01468,0.01468,,,1348995.0,,1348995.0
2018-02-26,33,6398975.0,0,0,0.0,0.0,0.0,0.0,,,0.0,,0.0
2018-02-27,33,6398975.0,0,0,0.0,0.01447,0.01447,0.01447,,,1364135.0,,1364135.0
2018-02-28,33,6491543.0,0,0,0.0,0.02318,0.02318,0.02318,,,1720545.0,,1720545.0
2018-03-01,33,6436935.0,0,0,0.0,0.08704,0.08704,0.08704,,,8181171.0,,8181171.0
2018-03-02,33,6995713.0,0,0,0.0,0.0,0.0,0.0,,,0.0,,0.0
2018-03-05,33,6995713.0,0,0,0.0,0.0,0.0,0.0,,,0.0,,0.0
2018-03-06,33,6995713.0,0,0,0.0,0.0,0.0,0.0,,,0.0,,0.0
2018-03-07,33,6995713.0,0,0,0.0,0.0,0.0,0.0,,,0.0,,0.0
2018-03-08,33,6995713.0,0,0,0.0,0.02627,0.02627,0.02627,,,2912032.0,,2912032.0
2018-03-09,33,7179482.0,0,0,0.0,0.0,0.0,0.0,,,0.0,,0.0
2018-03-12,33,7179482.0,0,0,0.0,0.01726,0.01726,0.01726,,,1661766.0,,1661766.0
2018-03-13,33,7298203.0,0,0,0.0,0.06318,0.06318,0.06318,,,7426339.0,,7426339.0
2018-03-14,33,7759326.0,0,0,0.0,0.01189,0.01189,0.01189,,,1462612.0,,1462612.0
2018-03-15,33,7851551.0,0,0,0.0,0.00957,0.00957,0.00957,,,2393622.0,,2393622.0
2018-03-16,33,7862612.0,0,0,0.0,0.01484,0.01484,0.01484,,,3206536.0,,3206536.0
2018-03-19,33,7842447.0,0,0,0.0,0.00702,0.00702,0.00702,,,598679.0,,598679.0
2018-03-20,33,7787534.0,0,0,0.0,0.0,0.0,0.0,,,0.0,,0.0
2018-03-21,33,7787534.0,0,0,0.0,0.0,0.0,0.0,,,0.0,,0.0
2018-03-22,33,7787534.0,0,0,0.0,0.0,0.0,0.0,,,0.0,,0.0
2018-03-23,33,7787534.0,0,0,0.0,0.0,0.0,0.0,,,0.0,,0.0
2018-03-26,33,7787534.0,0,0,0.0,0.0,0.0,0.0,,,0.0,,0.0
2018-03-27,33,7787534.0,0,0,0.0,0.01109,0.01109,0.01109,,,1093288.0,,1093288.0
2018-03-28,33,7760447.0,0,1,0.0303,0.01827,0.01761,0.01827,,,2603610.0,,2603610.0
2018-03-29,32,7889634.0,0,0,0.0,0.02887,0.02887,0.02887,,,1906551.0,,1906551.0
2018-04-02,32,8045049.0,0,0,0.0,0.01972,0.01972,0.01972,,,1680924.0,,1680924.0
2018-04-03,32,8127490.0,0,0,0.0,0.00534,0.00534,0.00534,,,2637652.0,,2637652.0
2018-04-04,32,8140162.0,0,0,0.0,0.00529,0.00529,0.00529,,,981285.0,,981285.0
2018-04-05,32,8172047.0,0,0,0.0,0.0,0.0,0.0,,,0.0,,0.0
2018-04-06,32,8172047.0,0,0,0.0,0.0087,0.0087,0.0087,,,1122125.0,,1122125.0
2018-04-09,32,8148212.0,0,0,0.0,0.0,0.0,0.0,,,0.0,,0.0
2018-04-10,32,8148212.0,0,0,0.0,0.01509,0.01509,0.01509,,,1008439.0,,1008439.0
2018-04-11,32,8087854.0,0,0,0.0,0.0,0.0,0.0,,,0.0,,0.0
2018-04-12,32,8087854.0,0,0,0.0,0.0,0.0,0.0,,,0.0,,0.0
2018-04-13,32,8087854.0,0,0,0.0,0.0,0.0,0.0,,,0.0,,0.0
2018-04-16,32,8087854.0,0,0,0.0,0.0,0.0,0.0,,,0.0,,0.0
2018-04-17,32,8087854.0,0,0,0.0,0.01267,0.01267,0.01267,,,1642291.0,,1642291.0
2018-04-18,32,8133466.0,1,0,0.03125,0.0086,0.00771,0.0086,,,1137222.0,,1137222.0
2018-04-19,33,8077954.0,0,0,0.0,0.06971,0.06971,0.06971,,,8347950.0,,8347950.0
2018-04-20,33,8637796.0,0,0,0.0,0.02172,0.02172,0.02172,,,2632331.0,,2632331.0
2018-04-23,33,8825375.0,0,0,0.0,0.00385,0.00385,0.00385,,,1324123.0,,1324123.0
2018-04-24,33,8823281.0,0,0,0.0,0.03399,0.03399,0.03399,,,4241777.0,,4241777.0
2018-04-25,33,9117557.0,0,0,0.0,0.0222,0.0222,0.0222,,,3373205.0,,3373205.0
2018-04-26,33,9272604.0,0,0,0.0,0.01075,0.01075,0.01075,,,2137961.0,,2137961.0
2018-04-27,33,9362364.0,0,0,0.0,0.00999,0.00999,0.00999,,,1287177.0,,1287177.0
2018-04-30,33,9455891.0,0,0,0.0,0.02004,0.02004,0.02004,,,3482365.0,,3482365.0
2018-05-01,33,9596072.0,0,0,0.0,0.0,0.0,0.0,,,0.0,,0.0
2018-05-02,33,9596072.0,0,0,0.0,0.00049,0.00049,0.00049,,,643505.0,,643505.0
2018-05-03,33,9593565.0,0,0,0.0,0.00397,0.00397,0.00397,,,639030.0,,639030.0
2018-05-04,33,9565221.0,0,0,0.0,0.05928,0.05928,0.05928,,,4987447.0,,4987447.0
2018-05-07,33,10040972.0,0,0,0.0,0.0,0.0,0.0,,,0.0,,0.0
2018-05-08,33,10040972.0,0,0,0.0,0.00913,0.00913,0.00913,,,2194761.0,,2194761.0
2018-05-09,33,9972448.0,0,0,0.0,0.00102,0.00102,0.00102,,,340921.0,,340921.0
2018-05-10,33,9975494.0,1,0,0.0303,0.01335,0.01291,0.01335,,,4191533.0,,4191533.0
2018-05-11,34,10082036.0,0,0,0.0,0.01892,0.01892,0.01892,,,3068435.0,,3068435.0
2018-05-14,34,10225090.0,0,0,0.0,0.00917,0.00917,0.00917,,,1396433.0,,1396433.0
2018-05-15,34,10318804.0,0,0,0.0,0.0,0.0,0.0,,,0.0,,0.0
2018-05-16,34,10318804.0,0,0,0.0,0.00452,0.00452,0.00452,,,924127.0,,924127.0
2018-05-17,34,10287155.0,0,0,0.0,0.00908,0.00908,0.00908,,,1414144.0,,1414144.0
2018-05-18,34,10380578.0,0,0,0.0,0.02969,0.02969,0.02969,,,4534019.0,,4534019.0
2018-05-21,34,10666389.0,0,0,0.0,0.0,0.0,0.0,,,0.0,,0.0
2018-05-22,34,10666389.0,0,0,0.0,0.01317,0.01317,0.01317,,,4803674.0,,4803674.0
2018-05-23,34,10571761.0,0,0,0.0,0.05248,0.05248,0.05248,,,9484366.0,,9484366.0
2018-05-24,34,10788205.0,0,0,0.0,0.02823,0.02823,0.02823,,,4515026.0,,4515026.0
2018-05-25,34,11077894.0,0,0,0.0,0.01651,0.01651,0.01651,,,2872425.0,,2872425.0
2018-05-29,34,11260829.0,0,0,0.0,0.0,0.0,0.0,,,0.0,,0.0
2018-05-30,34,11260829.0,0,0,0.0,0.00749,0.00749,0.00749,,,1350888.0,,1350888.0
2018-05-31,34,11224409.0,0,0,0.0,0.00812,0.00812,0.00812,,,1453845.0,,1453845.0
2018-06-01,34,11315582.0,0,0,0.0,0.00258,0.00258,0.00258,,,612690.0,,612690.0
2018-06-04,34,11303960.0,0,0,0.0,0.02424,0.02424,0.02424,,,4368965.0,,4368965.0
2018-06-05,34,11577965.0,0,0,0.0,0.02007,0.02007,0.02007,,,5867042.0,,5867042.0
2018-06-06,34,11570091.0,0,0,0.0,0.0078,0.0078,0.0078,,,1487893.0,,1487893.0
2018-06-07,34,11660376.0,0,0,0.0,0.0,0.0,0.0,,,0.0,,0.0
2018-06-08,34,11660376.0,0,0,0.0,0.0,0.0,0.0,,,0.0,,0.0
2018-06-11,34,11660376.0,0,0,0.0,0.00774,0.00774,0.00774,,,1462812.0,,1462812.0
2018-06-12,34,11750650.0,0,0,0.0,0.00182,0.00182,0.00182,,,677151.0,,677151.0
2018-06-13,34,11748003.0,0,0,0.0,0.0,0.0,0.0,,,0.0,,0.0
2018-06-14,34,11748003.0,0,0,0.0,0.0,0.0,0.0,,,0.0,,0.0
2018-06-15,34,11748003.0,0,0,0.0,0.03073,0.03073,0.03073,,,6027160.0,,6027160.0
2018-06-18,34,12108997.0,0,0,0.0,0.0,0.0,0.0,,,0.0,,0.0
2018-06-19,34,12108997.0,0,0,0.0,0.00745,0.00745,0.00745,,,1531953.0,,1531953.0
2018-06-20,34,12199245.0,0,0,0.0,0.0,0.0,0.0,,,0.0,,0.0
2018-06-21,34,12199245.0,0,0,0.0,0.0,0.0,0.0,,,0.0,,0.0
2018-06-22,34,12199245.0,0,0,0.0,0.02959,0.02959,0.02959,,,6110043.0,,6110043.0
2018-06-25,34,12560239.0,0,0,0.0,0.0,0.0,0.0,,,0.0,,0.0
2018-06-26,34,12560239.0,0,0,0.0,0.01613,0.01613,0.01613,,,7125888.0,,7125888.0
2018-06-27,34,12664062.0,1,0,0.02941,0.00352,0.00051,0.00352,,,3942790.0,,3942790.0
2018-06-28,35,12695732.0,0,0,0.0,0.00047,0.00047,0.00047,,,518227.0,,518227.0
2018-06-29,35,12700081.0,0,2,0.05714,0.00059,0.0,0.00059,,,74895.0,,74895.0
2018-07-02,33,12692647.0,0,0,0.0,0.0,0.0,0.0,,,0.0,,0.0
2018-07-03,33,12692647.0,0,0,0.0,0.01034,0.01034,0.01034,,,2935152.0,,2935152.0
2018-07-05,33,12628248.0,0,0,0.0,0.01477,0.01477,0.01477,,,3306200.0,,3306200.0
2018-07-06,33,12698963.0,0,0,0.0,0.00708,0.00708,0.00708,,,1546152.0,,1546152.0
2018-07-09,33,12788931.0,0,0,0.0,0.0,0.0,0.0,,,0.0,,0.0
2018-07-10,33,12788931.0,0,0,0.0,0.01413,0.01413,0.01413,,,3300230.0,,3300230.0
2018-07-11,33,12969676.0,0,0,0.0,0.01391,0.01391,0.01391,,,3236487.0,,3236487.0
2018-07-12,33,13150133.0,0,0,0.0,0.0,0.0,0.0,,,0.0,,0.0
2018-07-13,33,13150133.0,0,0,0.0,0.01368,0.01368,0.01368,,,3153862.0,,3153862.0
2018-07-16,33,13330051.0,0,0,0.0,0.0,0.0,0.0,,,0.0,,0.0
2018-07-17,33,13330051.0,0,0,0.0,0.0,0.0,0.0,,,0.0,,0.0
2018-07-18,33,13330051.0,0,0,0.0,0.00047,0.00047,0.00047,,,115827.0,,115827.0
2018-07-19,33,13323794.0,0,0,0.0,0.03216,0.03216,0.03216,,,7134157.0,,7134157.0
2018-07-20,33,13747556.0,0,0,0.0,0.00657,0.00657,0.00657,,,1552609.0,,1552609.0
2018-07-23,33,13837887.0,0,0,0.0,0.0,0.0,0.0,,,0.0,,0.0
2018-07-24,33,13837887.0,1,0,0.0303,0.00914,0.00865,0.00914,,,3113522.0,,3113522.0
2018-07-25,34,13860621.0,0,1,0.02941,0.01625,0.01459,0.01625,,,5266682.0,,5266682.0
2018-07-26,33,13701483.0,0,0,0.0,0.00296,0.00296,0.00296,,,1179238.0,,1179238.0
2018-07-27,33,13676154.0,0,0,0.0,0.02619,0.02619,0.02619,,,6598449.0,,6598449.0
2018-07-30,33,14028773.0,0,0,0.0,0.01046,0.01046,0.01046,,,2562596.0,,2562596.0
2018-07-31,33,13952456.0,0,2,0.06061,0.00838,0.00449,0.00838,,,10511871.0,,10511871.0
2018-08-01,31,13947215.0,0,0,0.0,0.0,0.0,0.0,,,0.0,,0.0
2018-08-02,31,13947215.0,1,0,0.03226,0.00398,0.00048,0.00398,,,2024931.0,,2024931.0
2018-08-03,32,13989334.0,0,0,0.0,0.00069,0.00069,0.00069,,,353990.0,,353990.0
2018-08-06,32,13996652.0,0,0,0.0,0.00108,0.00108,0.00108,,,77900.0,,77900.0
2018-08-07,32,14011754.0,0,0,0.0,0.0,0.0,0.0,,,0.0,,0.0
2018-08-08,32,14011754.0,1,0,0.03125,0.00891,0.0074,0.00891,,,5443475.0,,5443475.0
2018-08-09,33,14043446.0,0,0,0.0,0.0,0.0,0.0,,,0.0,,0.0
2018-08-10,33,14043446.0,0,0,0.0,0.0,0.0,0.0,,,0.0,,0.0
2018-08-13,33,14043446.0,0,0,0.0,0.0,0.0,0.0,,,0.0,,0.0
2018-08-14,33,14043446.0,0,0,0.0,0.0,0.0,0.0,,,0.0,,0.0
2018-08-15,33,14043446.0,0,0,0.0,0.00653,0.00653,0.00653,,,2297923.0,,2297923.0
2018-08-16,33,14054654.0,0,0,0.0,0.01897,0.01897,0.01897,,,4629511.0,,4629511.0
2018-08-17,33,14321201.0,0,0,0.0,0.01241,0.01241,0.01241,,,3073656.0,,3073656.0
2018-08-20,33,14498914.0,0,0,0.0,0.0173,0.0173,0.0173,,,1531316.0,,1531316.0
2018-08-21,33,14494700.0,0,0,0.0,0.0,0.0,0.0,,,0.0,,0.0
2018-08-22,33,14494700.0,0,0,0.0,0.0,0.0,0.0,,,0.0,,0.0
2018-08-23,33,14494700.0,0,0,0.0,0.00613,0.00613,0.00613,,,1591921.0,,1591921.0
2018-08-24,33,14583526.0,0,0,0.0,0.03045,0.03045,0.03045,,,8031680.0,,8031680.0
2018-08-27,33,15027528.0,0,0,0.0,0.01182,0.01182,0.01182,,,3276960.0,,3276960.0
2018-08-28,33,15205192.0,0,0,0.0,0.0,0.0,0.0,,,0.0,,0.0
2018-08-29,33,15205192.0,0,0,0.0,0.00584,0.00584,0.00584,,,1677478.0,,1677478.0
2018-08-30,33,15294019.0,0,0,0.0,0.01162,0.01162,0.01162,,,3396411.0,,3396411.0
2018-08-31,33,15471673.0,0,0,0.0,0.01147,0.01147,0.01147,,,3427615.0,,3427615.0
2018-09-04,33,15649193.0,0,0,0.0,0.01135,0.01135,0.01135,,,3401650.0,,3401650.0
2018-09-05,33,15826860.0,0,0,0.0,0.01108,0.01108,0.01108,,,4359250.0,,4359250.0
2018-09-06,33,15815528.0,0,0,0.0,0.01358,0.01358,0.01358,,,5843487.0,,5843487.0
2018-09-07,33,15617440.0,0,0,0.0,0.03215,0.03215,0.03215,,,10827638.0,,10827638.0
2018-09-10,33,16071556.0,0,0,0.0,0.00578,0.00578,0.00578,,,1687571.0,,1687571.0
2018-09-11,33,16118333.0,0,0,0.0,0.01221,0.01221,0.01221,,,3065586.0,,3065586.0
2018-09-12,33,16018749.0,0,0,0.0,0.00436,0.00436,0.00436,,,683354.0,,683354.0
2018-09-13,33,15970054.0,0,0,0.0,0.0,0.0,0.0,,,0.0,,0.0
2018-09-14,33,15970054.0,0,0,0.0,0.03257,0.03257,0.03257,,,10052148.0,,10052148.0
2018-09-17,33,16490276.0,0,0,0.0,0.0105,0.0105,0.0105,,,3284407.0,,3284407.0
2018-09-18,33,16663431.0,0,0,0.0,0.01041,0.01041,0.01041,,,3387706.0,,3387706.0
2018-09-19,33,16836836.0,0,0,0.0,0.0103,0.0103,0.0103,,,3334320.0,,3334320.0
2018-09-20,33,17010241.0,0,0,0.0,0.00509,0.00509,0.00509,,,1670314.0,,1670314.0
2018-09-21,33,17096814.0,0,0,0.0,0.00378,0.00378,0.00378,,,1844027.0,,1844027.0
2018-09-24,33,17080378.0,0,0,0.0,0.01418,0.01418,0.01418,,,6250582.0,,6250582.0
2018-09-25,33,17211191.0,0,0,0.0,0.00505,0.00505,0.00505,,,1655546.0,,1655546.0
2018-09-26,33,17298057.0,0,0,0.0,0.01506,0.01506,0.01506,,,4945253.0,,4945253.0
2018-09-27,33,17558581.0,0,0,0.0,0.0,0.0,0.0,,,0.0,,0.0
2018-09-28,33,17558581.0,0,0,0.0,0.00495,0.00495,0.00495,,,1663539.0,,1663539.0
2018-10-01,33,17645423.0,0,0,0.0,0.0,0.0,0.0,,,0.0,,0.0
2018-10-02,33,17645423.0,0,0,0.0,0.01147,0.01147,0.01147,,,5152677.0,,5152677.0
2018-10-03,33,17833467.0,0,0,0.0,0.00196,0.00196,0.00196,,,1533623.0,,1533623.0
2018-10-04,33,17860256.0,0,0,0.0,0.00246,0.00246,0.00246,,,1548785.0,,1548785.0
2018-10-05,33,17882223.0,0,0,0.0,0.0,0.0,0.0,,,0.0,,0.0
2018-10-08,33,17882223.0,1,0,0.0303,0.01049,0.00543,0.01049,,,4505004.0,,4505004.0
2018-10-09,34,17875628.0,0,0,0.0,0.00116,0.00116,0.00116,,,981405.0,,981405.0
2018-10-10,34,17884646.0,0,0,0.0,0.00047,0.00047,0.00047,,,61440.0,,61440.0
2018-10-11,34,17893074.0,0,0,0.0,0.00361,0.00361,0.00361,,,1430942.0,,1430942.0
2018-10-12,34,17850461.0,0,0,0.0,0.01866,0.01866,0.01866,,,7942608.0,,7942608.0
2018-10-15,34,17650087.0,0,0,0.0,0.00312,0.00312,0.00312,,,561691.0,,561691.0
2018-10-16,34,17705087.0,0,1,0.02941,0.0022,0.00197,0.0022,,,914229.0,,914229.0
2018-10-17,33,17735971.0,0,0,0.0,0.00297,0.00297,0.00297,,,1188946.0,,1188946.0
2018-10-18,33,17781861.0,0,0,0.0,0.00788,0.00788,0.00788,,,2922327.0,,2922327.0
2018-10-19,33,17914265.0,0,0,0.0,5e-05,5e-05,5e-05,,,167694.0,,167694.0
2018-10-22,33,17913392.0,0,1,0.0303,0.00162,0.0016,0.00162,,,1748238.0,,1748238.0
2018-10-23,32,17909592.0,0,0,0.0,0.00168,0.00168,0.00168,,,880828.0,,880828.0
2018-10-24,32,17911597.0,0,1,0.03125,0.00148,0.00058,0.00148,,,2262759.0,,2262759.0
2018-10-25,31,17892675.0,0,0,0.0,0.0,0.0,0.0,,,0.0,,0.0
2018-10-26,31,17892675.0,0,0,0.0,0.00855,0.00855,0.00855,,,3212383.0,,3212383.0
2018-10-29,31,17986178.0,0,0,0.0,7e-05,7e-05,7e-05,,,27153.0,,27153.0
2018-10-30,31,17987192.0,0,0,0.0,0.0,0.0,0.0,,,0.0,,0.0
2018-10-31,31,17987192.0,0,0,0.0,0.0036,0.0036,0.0036,,,1294691.0,,1294691.0
2018-11-01,31,18016390.0,0,1,0.03226,0.00127,0.0,0.00127,,,6962002.0,,6962002.0
2018-11-02,30,17993509.0,1,0,0.03333,0.00127,0.0,0.00127,,,7156835.0,,7156835.0
2018-11-05,31,18016380.0,3,0,0.09677,0.1919,0.18642,0.1919,,,38794861.0,,38794861.0
2018-11-06,34,16296762.0,0,0,0.0,0.03596,0.03596,0.03596,,,8986874.0,,8986874.0
2018-11-07,34,16169046.0,0,0,0.0,0.03795,0.03795,0.03795,,,7087616.0,,7087616.0
2018-11-08,34,16050233.0,0,0,0.0,0.01969,0.01969,0.01969,,,6067782.0,,6067782.0
2018-11-09,34,16366244.0,0,0,0.0,0.01448,0.01448,0.01448,,,4452254.0,,4452254.0
2018-11-12,34,16603214.0,0,0,0.0,0.00476,0.00476,0.00476,,,1427922.0,,1427922.0
2018-11-13,34,16682208.0,0,0,0.0,0.00268,0.00268,0.00268,,,560590.0,,560590.0
2018-11-14,34,16675218.0,0,0,0.0,0.00356,0.00356,0.00356,,,723010.0,,723010.0
2018-11-15,34,16669703.0,0,0,0.0,0.01028,0.01028,0.01028,,,1566444.0,,1566444.0
2018-11-16,34,16809019.0,0,0,0.0,0.00381,0.00381,0.00381,,,1919548.0,,1919548.0
2018-11-19,34,16834222.0,0,0,0.0,0.02993,0.02993,0.02993,,,4528125.0,,4528125.0
2018-11-20,34,17238307.0,0,1,0.02941,0.02425,0.02338,0.02425,,,9619099.0,,9619099.0
2018-11-21,33,17625587.0,0,0,0.0,0.01224,0.01224,0.01224,,,1895852.0,,1895852.0
2018-11-23,33,17754867.0,0,1,0.0303,0.00011,0.0,0.00011,,,14081.0,,14081.0
2018-11-26,32,17752982.0,0,0,0.0,0.00947,0.00947,0.00947,,,2876433.0,,2876433.0
2018-11-27,32,17921085.0,0,0,0.0,0.00938,0.00938,0.00938,,,2833994.0,,2833994.0
2018-11-28,32,18089134.0,0,0,0.0,0.01674,0.01674,0.01674,,,7379069.0,,7379069.0
2018-11-29,32,18353819.0,0,0,0.0,0.0,0.0,0.0,,,0.0,,0.0
2018-11-30,32,18353819.0,0,0,0.0,2e-05,2e-05,2e-05,,,66196.0,,66196.0
2018-12-03,32,18353485.0,0,0,0.0,0.0,0.0,0.0,,,0.0,,0.0
2018-12-04,32,18353485.0,0,0,0.0,0.00659,0.00659,0.00659,,,3238567.0,,3238567.0
2018-12-06,32,18233949.0,0,0,0.0,0.01502,0.01502,0.01502,,,4797497.0,,4797497.0
2018-12-07,32,18507869.0,0,0,0.0,3e-05,3e-05,3e-05,,,115164.0,,115164.0
2018-12-10,32,18507239.0,0,0,0.0,0.0,0.0,0.0,,,0.0,,0.0
2018-12-11,32,18507239.0,0,0,0.0,0.00233,0.00233,0.00233,,,2288157.0,,2288157.0
2018-12-12,32,18516378.0,0,0,0.0,1e-05,1e-05,1e-05,,,22872.0,,22872.0
2018-12-13,32,18516263.0,0,1,0.03125,0.0,0.0,0.0,,,7872.0,,7872.0
2018-12-14,31,18516224.0,0,0,0.0,0.0,0.0,0.0,,,0.0,,0.0
2018-12-17,31,18516224.0,0,0,0.0,0.00904,0.00904,0.00904,,,2616294.0,,2616294.0
2018-12-18,31,18348816.0,0,0,0.0,0.00123,0.00123,0.00123,,,1850796.0,,1850796.0
2018-12-19,31,18364988.0,0,0,0.0,0.0,0.0,0.0,,,0.0,,0.0
2018-12-20,31,18364988.0,0,0,0.0,0.00995,0.00995,0.00995,,,714062.0,,714062.0
2018-12-21,31,18509807.0,0,0,0.0,0.00365,0.00365,0.00365,,,2377532.0,,2377532.0
2018-12-24,31,18551733.0,0,0,0.0,0.03734,0.03734,0.03734,,,11365910.0,,11365910.0
2018-12-26,31,18021431.0,0,0,0.0,0.00393,0.00393,0.00393,,,4023961.0,,4023961.0
2018-12-27,31,18000378.0,0,0,0.0,0.0037,0.0037,0.0037,,,1876007.0,,1876007.0
2018-12-28,31,18045547.0,0,0,0.0,0.00169,0.00169,0.00169,,,855792.0,,855792.0
2018-12-31,31,18068275.0,0,0,0.0,0.00023,0.00023,0.00023,,,32154.0,,32154.0
2019-01-02,31,18072355.0,0,0,0.0,0.01338,0.01338,0.01338,,,3550056.0,,3550056.0
2019-01-03,31,17830504.0,0,0,0.0,0.0,0.0,0.0,,,0.0,,0.0
2019-01-04,31,17830504.0,1,0,0.03226,0.00769,0.00452,0.00769,,,7789153.0,,7789153.0
2019-01-07,32,17877464.0,0,0,0.0,0.0,0.0,0.0,,,0.0,,0.0
2019-01-08,32,17877464.0,0,0,0.0,0.01769,0.01769,0.01769,,,16030494.0,,16030494.0
2019-01-09,32,18091530.0,0,0,0.0,0.01083,0.01083,0.01083,,,8857979.0,,8857979.0
2019-01-10,32,18261796.0,0,0,0.0,0.0,0.0,0.0,,,0.0,,0.0
2019-01-11,32,18261796.0,0,0,0.0,0.0,0.0,0.0,,,0.0,,0.0
2019-01-14,32,18261796.0,0,0,0.0,0.01421,0.01421,0.01421,,,4086943.0,,4086943.0
2019-01-15,32,18521218.0,1,0,0.03125,0.00507,0.00499,0.00507,,,2565458.0,,2565458.0
2019-01-16,33,18585127.0,0,0,0.0,0.00064,0.00064,0.00064,,,456724.0,,456724.0
2019-01-17,33,18591644.0,0,0,0.0,0.00494,0.00494,0.00494,,,1540250.0,,1540250.0
2019-01-18,33,18682097.0,0,0,0.0,0.02014,0.02014,0.02014,,,6508851.0,,6508851.0
2019-01-22,33,19051200.0,0,0,0.0,0.00404,0.00404,0.00404,,,1169875.0,,1169875.0
2019-01-23,33,19045313.0,0,3,0.09091,0.0182,0.01819,0.0182,,,10999227.0,,10999227.0
2019-01-24,30,19241606.0,0,0,0.0,0.0107,0.0107,0.0107,,,4292135.0,,4292135.0
2019-01-25,30,19411331.0,0,0,0.0,0.00149,0.00149,0.00149,,,318937.0,,318937.0
2019-01-28,30,19440303.0,0,0,0.0,0.0,0.0,0.0,,,0.0,,0.0
2019-01-29,30,19440303.0,0,0,0.0,0.02194,0.02194,0.02194,,,2379815.0,,2379815.0
2019-01-30,30,19775863.0,0,0,0.0,0.0,0.0,0.0,,,0.0,,0.0
2019-01-31,30,19775863.0,0,0,0.0,0.00277,0.00277,0.00277,,,4586268.0,,4586268.0
2019-02-01,30,19738491.0,0,0,0.0,0.0,0.0,0.0,,,0.0,,0.0
2019-02-04,30,19738491.0,0,0,0.0,0.0,0.0,0.0,,,0.0,,0.0
2019-02-05,30,19738491.0,0,0,0.0,0.02346,0.02346,0.02346,,,7391224.0,,7391224.0
2019-02-06,30,19284829.0,0,0,0.0,0.00339,0.00339,0.00339,,,1732232.0,,1732232.0
2019-02-07,30,19315169.0,0,0,0.0,0.00114,0.00114,0.00114,,,750499.0,,750499.0
2019-02-08,30,19327017.0,0,0,0.0,0.0,0.0,0.0,,,0.0,,0.0
2019-02-11,30,19327017.0,0,0,0.0,0.0,0.0,0.0,,,0.0,,0.0
2019-02-12,30,19327017.0,0,0,0.0,0.00135,0.00135,0.00135,,,1046494.0,,1046494.0
2019-02-13,30,19304381.0,0,0,0.0,0.00264,0.00264,0.00264,,,3103635.0,,3103635.0
2019-02-14,30,19297673.0,0,0,0.0,0.0,0.0,0.0,,,0.0,,0.0
2019-02-15,30,19297673.0,0,0,0.0,0.0027,0.0027,0.0027,,,3122557.0,,3122557.0
2019-02-19,30,19322865.0,0,0,0.0,0.0,0.0,0.0,,,0.0,,0.0
2019-02-20,30,19322865.0,0,0,0.0,0.00925,0.00925,0.00925,,,2925241.0,,2925241.0
2019-02-21,30,19501621.0,0,0,0.0,0.0,0.0,0.0,,,0.0,,0.0
2019-02-22,30,19501621.0,0,0,0.0,0.00051,0.00051,0.00051,,,234573.0,,234573.0
2019-02-25,30,19498159.0,0,0,0.0,0.0,0.0,0.0,,,0.0,,0.0
2019-02-26,30,19498159.0,0,0,0.0,0.00458,0.00458,0.00458,,,1507879.0,,1507879.0
2019-02-27,30,19587522.0,0,0,0.0,0.0,0.0,0.0,,,0.0,,0.0
2019-02-28,30,19587522.0,0,0,0.0,0.00912,0.00912,0.00912,,,3061479.0,,3061479.0
2019-03-01,30,19766248.0,0,0,0.0,0.0,0.0,0.0,,,0.0,,0.0
2019-03-04,30,19766248.0,0,0,0.0,0.0,0.0,0.0,,,0.0,,0.0
2019-03-05,30,19766248.0,0,0,0.0,0.00176,0.00176,0.00176,,,1291340.0,,1291340.0
2019-03-06,30,19735675.0,0,0,0.0,0.01808,0.01808,0.01808,,,6062053.0,,6062053.0
2019-03-07,30,20092569.0,0,0,0.0,0.00444,0.00444,0.00444,,,1515851.0,,1515851.0
2019-03-08,30,20181794.0,0,0,0.0,0.00083,0.00083,0.00083,,,1089852.0,,1089852.0
2019-03-11,30,20188263.0,0,0,0.0,0.003,0.003,0.003,,,990617.0,,990617.0
2019-03-12,30,20221637.0,0,0,0.0,0.00394,0.00394,0.00394,,,542464.0,,542464.0
2019-03-13,30,20301294.0,0,0,0.0,0.00967,0.00967,0.00967,,,3447958.0,,3447958.0
2019-03-14,30,20308653.0,0,0,0.0,0.01216,0.01216,0.01216,,,5124062.0,,5124062.0
2019-03-15,30,20475187.0,0,0,0.0,0.00873,0.00873,0.00873,,,3248570.0,,3248570.0
2019-03-18,30,20653851.0,0,0,0.0,0.00859,0.00859,0.00859,,,2580614.0,,2580614.0
2019-03-19,30,20686222.0,0,0,0.0,0.00431,0.00431,0.00431,,,1627322.0,,1627322.0
2019-03-20,30,20775308.0,0,0,0.0,0.00429,0.00429,0.00429,,,1636631.0,,1636631.0
2019-03-21,30,20864400.0,0,0,0.0,0.0,0.0,0.0,,,0.0,,0.0
2019-03-22,30,20864400.0,0,0,0.0,0.02459,0.02459,0.02459,,,9021510.0,,9021510.0
2019-03-25,30,21287866.0,0,0,0.0,0.00422,0.00422,0.00422,,,1598718.0,,1598718.0
2019-03-26,30,21377627.0,0,0,0.0,0.0,0.0,0.0,,,0.0,,0.0
2019-03-27,30,21377627.0,0,0,0.0,0.0042,0.0042,0.0042,,,1585504.0,,1585504.0
2019-03-28,30,21467377.0,0,0,0.0,0.00418,0.00418,0.00418,,,1611923.0,,1611923.0
2019-03-29,30,21557128.0,0,0,0.0,0.00345,0.00345,0.00345,,,2670575.0,,2670575.0
2019-04-01,30,21520045.0,0,0,0.0,0.0,0.0,0.0,,,0.0,,0.0
2019-04-02,30,21520045.0,0,0,0.0,0.0141,0.0141,0.0141,,,3148129.0,,3148129.0
2019-04-03,30,21283616.0,2,0,0.06667,0.0233,0.01804,0.0233,,,11652819.0,,11652819.0
2019-04-04,32,21399382.0,0,0,0.0,0.00494,0.00494,0.00494,,,2109647.0,,2109647.0
2019-04-05,32,21505049.0,0,0,0.0,0.02922,0.02922,0.02922,,,10904901.0,,10904901.0
2019-04-08,32,22087358.0,0,0,0.0,0.00509,0.00509,0.00509,,,1355273.0,,1355273.0
2019-04-09,32,22147173.0,0,0,0.0,0.01748,0.01748,0.01748,,,8428000.0,,8428000.0
2019-04-10,32,22496763.0,0,0,0.0,0.0,0.0,0.0,,,0.0,,0.0
2019-04-11,32,22496763.0,0,0,0.0,0.00395,0.00395,0.00395,,,1688720.0,,1688720.0
2019-04-12,32,22585634.0,0,0,0.0,0.00296,0.00296,0.00296,,,515354.0,,515354.0
2019-04-15,32,22535744.0,0,0,0.0,0.0003,0.0003,0.0003,,,195138.0,,195138.0
2019-04-16,32,22542567.0,0,0,0.0,0.0285,0.0285,0.0285,,,13783998.0,,13783998.0
2019-04-17,32,22795197.0,0,0,0.0,0.00384,0.00384,0.00384,,,1591086.0,,1591086.0
2019-04-18,32,22882819.0,0,0,0.0,0.02072,0.02072,0.02072,,,5669806.0,,5669806.0
2019-04-22,32,22556175.0,0,0,0.0,0.0,0.0,0.0,,,0.0,,0.0
2019-04-23,32,22556175.0,0,0,0.0,0.00383,0.00383,0.00383,,,1649315.0,,1649315.0
2019-04-24,32,22469803.0,0,0,0.0,0.0,0.0,0.0,,,0.0,,0.0
2019-04-25,32,22469803.0,0,0,0.0,0.00949,0.00949,0.00949,,,4352529.0,,4352529.0
2019-04-26,32,22269139.0,0,0,0.0,0.00769,0.00769,0.00769,,,3323225.0,,3323225.0
2019-04-29,32,22440312.0,0,0,0.0,0.00634,0.00634,0.00634,,,6681196.0,,6681196.0
2019-04-30,32,22484221.0,0,0,0.0,0.0061,0.0061,0.0061,,,11287371.0,,11287371.0
2019-05-01,32,22471172.0,0,0,0.0,0.0,0.0,0.0,,,0.0,,0.0
2019-05-02,32,22471172.0,0,0,0.0,0.005,0.005,0.005,,,2209526.0,,2209526.0
2019-05-03,32,22442863.0,0,0,0.0,0.0,0.0,0.0,,,0.0,,0.0
2019-05-06,32,22442863.0,0,0,0.0,0.0038,0.0038,0.0038,,,1690980.0,,1690980.0
2019-05-07,32,22528133.0,1,0,0.03125,0.00236,0.00096,0.00236,,,1816266.0,,1816266.0
2019-05-08,33,22538086.0,0,0,0.0,0.01143,0.01143,0.01143,,,7561833.0,,7561833.0
2019-05-09,33,22552475.0,0,1,0.0303,0.02272,0.02272,0.02272,,,10888467.0,,10888467.0
2019-05-10,32,23022154.0,0,0,0.0,0.01106,0.01106,0.01106,,,7325032.0,,7325032.0
2019-05-13,32,23124427.0,0,0,0.0,0.0,0.0,0.0,,,0.0,,0.0
2019-05-14,32,23124427.0,1,0,0.03125,0.0116,0.0104,0.0116,,,12228656.0,,12228656.0
2019-05-15,33,23282410.0,0,0,0.0,0.0,0.0,0.0,,,0.0,,0.0
2019-05-16,33,23282410.0,0,0,0.0,0.0,0.0,0.0,,,0.0,,0.0
2019-05-17,33,23282410.0,0,0,0.0,0.0,0.0,0.0,,,0.0,,0.0
2019-05-20,33,23282410.0,0,0,0.0,0.0,0.0,0.0,,,0.0,,0.0
2019-05-21,33,23282410.0,0,0,0.0,0.00374,0.00374,0.00374,,,4371480.0,,4371480.0
2019-05-22,33,23253622.0,0,0,0.0,0.00208,0.00208,0.00208,,,1213552.0,,1213552.0
2019-05-23,33,23270587.0,0,0,0.0,0.0006,0.0006,0.0006,,,1058687.0,,1058687.0
2019-05-24,33,23284552.0,0,0,0.0,0.0,0.0,0.0,,,0.0,,0.0
2019-05-28,33,23284552.0,0,0,0.0,0.0,0.0,0.0,,,0.0,,0.0
2019-05-29,33,23284552.0,0,0,0.0,0.0,0.0,0.0,,,0.0,,0.0
2019-05-30,33,23284552.0,0,0,0.0,0.00169,0.00169,0.00169,,,1192024.0,,1192024.0
2019-05-31,33,23279655.0,0,0,0.0,0.0,0.0,0.0,,,0.0,,0.0
2019-06-03,33,23279655.0,0,0,0.0,0.00091,0.00091,0.00091,,,600847.0,,600847.0
2019-06-04,33,23300782.0,0,0,0.0,0.0,0.0,0.0,,,0.0,,0.0
2019-06-05,33,23300782.0,0,0,0.0,0.00376,0.00376,0.00376,,,1491878.0,,1491878.0
2019-06-06,33,23213252.0,0,0,0.0,0.0,0.0,0.0,,,0.0,,0.0
2019-06-07,33,23213252.0,0,0,0.0,0.0,0.0,0.0,,,0.0,,0.0
2019-06-10,33,23213252.0,0,0,0.0,0.0,0.0,0.0,,,0.0,,0.0
2019-06-11,33,23213252.0,0,0,0.0,0.0,0.0,0.0,,,0.0,,0.0
2019-06-12,33,23213252.0,0,0,0.0,0.0,0.0,0.0,,,0.0,,0.0
2019-06-13,33,23213252.0,0,0,0.0,0.01078,0.01078,0.01078,,,6234339.0,,6234339.0
2019-06-14,33,23406704.0,0,0,0.0,0.00466,0.00466,0.00466,,,1832121.0,,1832121.0
2019-06-17,33,23346552.0,0,0,0.0,0.02046,0.02046,0.02046,,,3271897.0,,3271897.0
2019-06-18,33,23597571.0,0,0,0.0,0.0,0.0,0.0,,,0.0,,0.0
2019-06-19,33,23597571.0,0,0,0.0,0.01086,0.01086,0.01086,,,11811447.0,,11811447.0
2019-06-20,33,23565208.0,0,0,0.0,0.0,0.0,0.0,,,0.0,,0.0
2019-06-21,33,23565208.0,1,0,0.0303,0.0101,0.00162,0.0101,,,9511256.0,,9511256.0
2019-06-24,34,23727122.0,0,0,0.0,0.0,0.0,0.0,,,0.0,,0.0
2019-06-25,34,23727122.0,0,1,0.02941,0.01461,0.01274,0.01461,,,11505347.0,,11505347.0
2019-06-26,33,23462121.0,0,0,0.0,0.00173,0.00173,0.00173,,,584112.0,,584112.0
2019-06-27,33,23502769.0,0,0,0.0,0.0,0.0,0.0,,,0.0,,0.0
2019-06-28,33,23502769.0,0,0,0.0,0.00031,0.00031,0.00031,,,125152.0,,125152.0
2019-07-01,33,23495407.0,0,0,0.0,0.00058,0.00058,0.00058,,,220286.0,,220286.0
2019-07-02,33,23481809.0,0,0,0.0,0.00629,0.00629,0.00629,,,4994015.0,,4994015.0
2019-07-03,33,23498459.0,0,0,0.0,0.00216,0.00216,0.00216,,,943846.0,,943846.0
2019-07-05,33,23540505.0,0,0,0.0,0.0,0.0,0.0,,,0.0,,0.0
2019-07-08,33,23540505.0,0,0,0.0,0.0,0.0,0.0,,,0.0,,0.0
2019-07-09,33,23540505.0,0,0,0.0,0.00385,0.00385,0.00385,,,1715724.0,,1715724.0
2019-07-10,33,23631019.0,0,0,0.0,0.00031,0.00031,0.00031,,,131511.0,,131511.0
2019-07-11,33,23623589.0,0,0,0.0,0.02681,0.02681,0.02681,,,11965187.0,,11965187.0
2019-07-12,33,24256980.0,0,0,0.0,0.0,0.0,0.0,,,0.0,,0.0
2019-07-15,33,24256980.0,0,0,0.0,0.00425,0.00425,0.00425,,,5580353.0,,5580353.0
2019-07-16,33,24171391.0,0,0,0.0,0.00496,0.00496,0.00496,,,2720962.0,,2720962.0
2019-07-17,33,24189935.0,0,0,0.0,0.00081,0.00081,0.00081,,,329836.0,,329836.0
2019-07-18,33,24170302.0,0,0,0.0,0.0116,0.0116,0.0116,,,5274714.0,,5274714.0
2019-07-19,33,24429258.0,0,0,0.0,0.00432,0.00432,0.00432,,,2579916.0,,2579916.0
2019-07-22,33,24441002.0,0,0,0.0,0.0,0.0,0.0,,,0.0,,0.0
2019-07-23,33,24441002.0,1,0,0.0303,0.00868,0.00794,0.00868,,,7484304.0,,7484304.0
2019-07-24,34,24356930.0,0,0,0.0,0.00574,0.00574,0.00574,,,2782395.0,,2782395.0
2019-07-25,34,24376817.0,0,0,0.0,0.00291,0.00291,0.00291,,,587671.0,,587671.0
2019-07-26,34,24427086.0,1,0,0.02941,0.01429,0.00815,0.01429,,,9406209.0,,9406209.0
2019-07-29,35,24378088.0,0,0,0.0,0.00421,0.00421,0.00421,,,4813594.0,,4813594.0
2019-07-30,35,24291109.0,1,0,0.02857,0.00592,0.004,0.00592,,,7799669.0,,7799669.0
2019-07-31,36,24240479.0,0,0,0.0,0.00696,0.00696,0.00696,,,3386291.0,,3386291.0
2019-08-01,36,24300508.0,0,0,0.0,0.0,0.0,0.0,,,0.0,,0.0
2019-08-02,36,24300508.0,0,0,0.0,0.01401,0.01401,0.01401,,,7224671.0,,7224671.0
2019-08-05,36,24634940.0,0,1,0.02778,0.00199,0.00197,0.00199,,,2234231.0,,2234231.0
2019-08-06,35,24683006.0,0,0,0.0,0.0,0.0,0.0,,,0.0,,0.0
2019-08-07,35,24683006.0,0,0,0.0,0.0,0.0,0.0,,,0.0,,0.0
2019-08-08,35,24683006.0,0,0,0.0,0.00896,0.00896,0.00896,,,4236332.0,,4236332.0
2019-08-09,35,24815863.0,0,0,0.0,0.0017,0.0017,0.0017,,,1037163.0,,1037163.0
2019-08-12,35,24783552.0,0,0,0.0,0.0,0.0,0.0,,,0.0,,0.0
2019-08-13,35,24783552.0,0,0,0.0,0.02542,0.02542,0.02542,,,5716143.0,,5716143.0
2019-08-14,35,24178140.0,0,0,0.0,0.00227,0.00227,0.00227,,,673423.0,,673423.0
2019-08-15,35,24233003.0,0,0,0.0,0.0,0.0,0.0,,,0.0,,0.0
2019-08-16,35,24233003.0,0,0,0.0,0.0,0.0,0.0,,,0.0,,0.0
2019-08-19,35,24233003.0,0,0,0.0,0.0,0.0,0.0,,,0.0,,0.0
2019-08-20,35,24233003.0,0,0,0.0,0.0,0.0,0.0,,,0.0,,0.0
2019-08-21,35,24233003.0,0,0,0.0,0.0,0.0,0.0,,,0.0,,0.0
2019-08-22,35,24233003.0,0,0,0.0,0.00069,0.00069,0.00069,,,382064.0,,382064.0
2019-08-23,35,24249797.0,0,0,0.0,0.0,0.0,0.0,,,2350.0,,2350.0
2019-08-26,35,24249897.0,0,0,0.0,0.00408,0.00408,0.00408,,,1709909.0,,1709909.0
2019-08-27,35,24348855.0,0,1,0.02857,0.0099,0.00798,0.0099,,,7864579.0,,7864579.0
2019-08-28,34,24495599.0,0,0,0.0,0.05898,0.05898,0.05898,,,8869621.0,,8869621.0
2019-08-29,34,23457475.0,0,0,0.0,0.01951,0.01951,0.01951,,,3032654.0,,3032654.0
2019-08-30,34,23146216.0,1,0,0.02941,0.00235,0.00179,0.00235,,,1038062.0,,1038062.0
2019-09-03,35,23121597.0,0,0,0.0,0.00589,0.00589,0.00589,,,3108910.0,,3108910.0
2019-09-04,35,23125234.0,0,0,0.0,0.00692,0.00692,0.00692,,,1928651.0,,1928651.0
2019-09-05,35,23285286.0,0,0,0.0,0.00626,0.00626,0.00626,,,1866287.0,,1866287.0
2019-09-06,35,23261580.0,0,1,0.02857,0.01475,0.01207,0.01475,,,3511461.0,,3511461.0
2019-09-09,34,23273146.0,0,0,0.0,0.00248,0.00248,0.00248,,,320851.0,,320851.0
2019-09-10,34,23330957.0,0,0,0.0,0.00357,0.00357,0.00357,,,1695039.0,,1695039.0
2019-09-11,34,23369363.0,0,0,0.0,0.00558,0.00558,0.00558,,,1934873.0,,1934873.0
2019-09-12,34,23437658.0,0,0,0.0,0.01682,0.01682,0.01682,,,4673176.0,,4673176.0
2019-09-13,34,23600245.0,0,0,0.0,0.0,0.0,0.0,,,0.0,,0.0
2019-09-16,34,23600245.0,0,0,0.0,0.0,0.0,0.0,,,0.0,,0.0
2019-09-17,34,23600245.0,0,0,0.0,0.0,0.0,0.0,,,0.0,,0.0
2019-09-18,34,23600245.0,0,0,0.0,0.0,0.0,0.0,,,0.0,,0.0
2019-09-19,34,23600245.0,0,0,0.0,0.01107,0.01107,0.01107,,,4770952.0,,4770952.0
2019-09-20,34,23339074.0,0,0,0.0,0.0,0.0,0.0,,,0.0,,0.0
2019-09-23,34,23339074.0,0,0,0.0,0.0,0.0,0.0,,,0.0,,0.0
2019-09-24,34,23339074.0,0,0,0.0,0.0,0.0,0.0,,,0.0,,0.0
2019-09-25,34,23339074.0,0,0,0.0,0.0,0.0,0.0,,,0.0,,0.0
2019-09-26,34,23339074.0,0,0,0.0,0.00367,0.00367,0.00367,,,435802.0,,435802.0
2019-09-27,34,23253464.0,0,0,0.0,0.00232,0.00232,0.00232,,,562680.0,,562680.0
2019-09-30,34,23307464.0,0,0,0.0,0.0,0.0,0.0,,,0.0,,0.0
2019-10-01,34,23307464.0,0,0,0.0,0.00536,0.00536,0.00536,,,4269381.0,,4269381.0
2019-10-02,34,23302866.0,0,0,0.0,0.0,0.0,0.0,,,0.0,,0.0
2019-10-03,34,23302866.0,0,0,0.0,0.01058,0.01058,0.01058,,,7604750.0,,7604750.0
2019-10-04,34,23243865.0,0,0,0.0,0.00233,0.00233,0.00233,,,894585.0,,894585.0
2019-10-07,34,23298099.0,0,0,0.0,0.00754,0.00754,0.00754,,,2686458.0,,2686458.0
2019-10-08,34,23231000.0,0,0,0.0,0.00302,0.00302,0.00302,,,1047431.0,,1047431.0
2019-10-09,34,23229283.0,0,0,0.0,0.00812,0.00812,0.00812,,,2833919.0,,2833919.0
2019-10-10,34,23196635.0,0,0,0.0,0.00124,0.00124,0.00124,,,639882.0,,639882.0
2019-10-11,34,23213049.0,0,0,0.0,0.00325,0.00325,0.00325,,,744888.0,,744888.0
2019-10-14,34,23177934.0,0,0,0.0,0.00216,0.00216,0.00216,,,438381.0,,438381.0
2019-10-15,34,23154386.0,0,0,0.0,0.00805,0.00805,0.00805,,,4204936.0,,4204936.0
2019-10-16,34,23223200.0,0,0,0.0,0.00313,0.00313,0.00313,,,1125224.0,,1125224.0
2019-10-17,34,23251693.0,0,0,0.0,0.00646,0.00646,0.00646,,,2419918.0,,2419918.0
2019-10-18,34,23198399.0,0,0,0.0,0.0,0.0,0.0,,,0.0,,0.0
2019-10-21,34,23198399.0,0,0,0.0,0.00529,0.00529,0.00529,,,5643067.0,,5643067.0
2019-10-22,34,23300753.0,0,0,0.0,0.00724,0.00724,0.00724,,,2307445.0,,2307445.0
2019-10-23,34,23433240.0,0,0,0.0,0.00708,0.00708,0.00708,,,3408340.0,,3408340.0
2019-10-24,34,23589106.0,0,0,0.0,0.00052,0.00052,0.00052,,,66968.0,,66968.0
2019-10-25,34,23601439.0,0,0,0.0,0.01046,0.01046,0.01046,,,3322770.0,,3322770.0
2019-10-28,34,23837246.0,0,0,0.0,0.0,0.0,0.0,,,0.0,,0.0
2019-10-29,34,23837246.0,0,0,0.0,0.00825,0.00825,0.00825,,,2797106.0,,2797106.0
2019-10-30,34,23971411.0,0,0,0.0,0.00379,0.00379,0.00379,,,1496558.0,,1496558.0
2019-10-31,34,24062183.0,0,0,0.0,0.01375,0.01375,0.01375,,,3823244.0,,3823244.0
2019-11-01,34,24323300.0,0,0,0.0,0.0,0.0,0.0,,,0.0,,0.0
2019-11-04,34,24323300.0,0,0,0.0,0.01808,0.01808,0.01808,,,9227479.0,,9227479.0
2019-11-05,34,24658545.0,0,0,0.0,0.00155,0.00155,0.00155,,,1004580.0,,1004580.0
2019-11-06,34,24676145.0,0,0,0.0,0.00385,0.00385,0.00385,,,685490.0,,685490.0
2019-11-07,34,24771084.0,0,0,0.0,0.00593,0.00593,0.00593,,,2955429.0,,2955429.0
2019-11-08,34,24909473.0,0,0,0.0,0.00359,0.00359,0.00359,,,2811685.0,,2811685.0
2019-11-11,34,24990734.0,0,0,0.0,0.00032,0.00032,0.00032,,,142315.0,,142315.0
2019-11-12,34,24998689.0,0,0,0.0,0.00796,0.00796,0.00796,,,3610323.0,,3610323.0
2019-11-13,34,25146903.0,0,0,0.0,0.0031,0.0031,0.0031,,,734676.0,,734676.0
2019-11-14,34,25214621.0,0,0,0.0,0.00145,0.00145,0.00145,,,158696.0,,158696.0
2019-11-15,34,25251187.0,0,0,0.0,0.0,0.0,0.0,,,0.0,,0.0
2019-11-18,34,25251187.0,0,0,0.0,0.0,0.0,0.0,,,0.0,,0.0
2019-11-19,34,25251187.0,0,0,0.0,0.0,0.0,0.0,,,0.0,,0.0
2019-11-20,34,25251187.0,0,0,0.0,0.0,0.0,0.0,,,0.0,,0.0
2019-11-21,34,25251187.0,0,0,0.0,0.00373,0.00373,0.00373,,,1618507.0,,1618507.0
2019-11-22,34,25345380.0,0,0,0.0,0.00372,0.00372,0.00372,,,1634860.0,,1634860.0
2019-11-25,34,25439573.0,0,0,0.0,0.0,0.0,0.0,,,0.0,,0.0
2019-11-26,34,25439573.0,0,0,0.0,0.0,0.0,0.0,,,0.0,,0.0
2019-11-27,34,25439573.0,0,0,0.0,0.0037,0.0037,0.0037,,,1729509.0,,1729509.0
2019-11-29,34,25533764.0,0,0,0.0,0.01107,0.01107,0.01107,,,5230154.0,,5230154.0
2019-12-02,34,25816343.0,0,0,0.0,0.0,0.0,0.0,,,0.0,,0.0
2019-12-03,34,25816343.0,0,0,0.0,0.00038,0.00038,0.00038,,,757707.0,,757707.0
2019-12-04,34,25818143.0,0,0,0.0,0.00372,0.00372,0.00372,,,1381800.0,,1381800.0
2019-12-05,34,25862164.0,0,0,0.0,0.00396,0.00396,0.00396,,,644713.0,,644713.0
2019-12-06,34,25964601.0,0,0,0.0,0.00365,0.00365,0.00365,,,1726029.0,,1726029.0
2019-12-09,34,25869869.0,0,0,0.0,0.0,0.0,0.0,,,0.0,,0.0
2019-12-10,34,25869869.0,0,0,0.0,0.00262,0.00262,0.00262,,,1355328.0,,1355328.0
2019-12-11,34,25874964.0,0,0,0.0,0.0,0.0,0.0,,,0.0,,0.0
2019-12-12,34,25874964.0,0,0,0.0,0.01831,0.01831,0.01831,,,8616473.0,,8616473.0
2019-12-13,34,26348709.0,0,0,0.0,0.00207,0.00207,0.00207,,,954540.0,,954540.0
2019-12-16,34,26380813.0,0,0,0.0,0.0,0.0,0.0,,,0.0,,0.0
2019-12-17,34,26380813.0,0,0,0.0,0.0,0.0,0.0,,,0.0,,0.0
2019-12-18,34,26380813.0,0,0,0.0,0.0,0.0,0.0,,,0.0,,0.0
2019-12-19,34,26380813.0,0,0,0.0,0.01975,0.01975,0.01975,,,8227321.0,,8227321.0
2019-12-20,34,26838198.0,0,0,0.0,0.00303,0.00303,0.00303,,,1162621.0,,1162621.0
2019-12-23,34,26883242.0,0,0,0.0,0.01455,0.01455,0.01455,,,7533214.0,,7533214.0
2019-12-24,34,27269618.0,0,0,0.0,0.02428,0.02428,0.02428,,,10699013.0,,10699013.0
2019-12-26,34,27902344.0,0,0,0.0,0.00418,0.00418,0.00418,,,11829730.0,,11829730.0
2019-12-27,34,27946525.0,0,1,0.02941,0.00321,0.00119,0.00321,,,3761988.0,,3761988.0
2019-12-30,33,27923068.0,0,0,0.0,0.0,0.0,0.0,,,0.0,,0.0
2019-12-31,33,27923068.0,0,0,0.0,0.00213,0.00213,0.00213,,,2052652.0,,2052652.0
2020-01-02,33,27956989.0,0,0,0.0,0.01718,0.01718,0.01718,,,8326949.0,,8326949.0
2020-01-03,33,27476719.0,0,0,0.0,0.00632,0.00632,0.00632,,,3161399.0,,3161399.0
2020-01-06,33,27547913.0,0,0,0.0,0.00122,0.00122,0.00122,,,2197088.0,,2197088.0
2020-01-07,33,27542122.0,0,0,0.0,0.00018,0.00018,0.00018,,,64599.0,,64599.0
2020-01-08,33,27537115.0,0,0,0.0,0.00017,0.00017,0.00017,,,63891.0,,63891.0
2020-01-09,33,27532311.0,0,0,0.0,0.00038,0.00038,0.00038,,,146712.0,,146712.0
2020-01-10,33,27521906.0,0,0,0.0,0.00396,0.00396,0.00396,,,1915022.0,,1915022.0
2020-01-13,33,27605316.0,0,0,0.0,0.00228,0.00228,0.00228,,,1373925.0,,1373925.0
2020-01-14,33,27634194.0,0,0,0.0,0.00093,0.00093,0.00093,,,731144.0,,731144.0
2020-01-15,33,27647584.0,0,0,0.0,0.01457,0.01457,0.01457,,,11637928.0,,11637928.0
2020-01-16,33,27922933.0,0,0,0.0,0.00669,0.00669,0.00669,,,2607278.0,,2607278.0
2020-01-17,33,28076482.0,0,0,0.0,0.01034,0.01034,0.01034,,,5248306.0,,5248306.0
2020-01-21,33,28366843.0,0,0,0.0,0.0,0.0,0.0,,,0.0,,0.0
2020-01-22,33,28366843.0,0,0,0.0,0.0,0.0,0.0,,,0.0,,0.0
2020-01-23,33,28366843.0,0,0,0.0,0.0,0.0,0.0,,,0.0,,0.0
2020-01-24,33,28366843.0,0,0,0.0,0.0,0.0,0.0,,,0.0,,0.0
2020-01-27,33,28366843.0,0,0,0.0,0.00814,0.00814,0.00814,,,4925679.0,,4925679.0
2020-01-28,33,28567387.0,1,0,0.0303,0.00688,0.00285,0.00688,,,5224304.0,,5224304.0
2020-01-29,34,28686649.0,0,1,0.02941,0.00527,0.00427,0.00527,,,4393349.0,,4393349.0
2020-01-30,33,28593563.0,0,0,0.0,0.00818,0.00818,0.00818,,,1128618.0,,1128618.0
2020-01-31,33,28827432.0,0,0,0.0,0.00441,0.00441,0.00441,,,4742514.0,,4742514.0
2020-02-03,33,28834080.0,0,0,0.0,0.0,0.0,0.0,,,0.0,,0.0
2020-02-04,33,28834080.0,0,0,0.0,0.0005,0.0005,0.0005,,,393494.0,,393494.0
2020-02-05,33,28820172.0,0,0,0.0,0.00382,0.00382,0.00382,,,2816692.0,,2816692.0
2020-02-06,33,28850780.0,0,0,0.0,0.00257,0.00257,0.00257,,,1751205.0,,1751205.0
2020-02-07,33,28808318.0,0,0,0.0,0.00611,0.00611,0.00611,,,3092618.0,,3092618.0
2020-02-10,33,28965521.0,0,0,0.0,0.0061,0.0061,0.0061,,,958964.0,,958964.0
2020-02-11,33,29114294.0,0,0,0.0,0.01309,0.01309,0.01309,,,4610769.0,,4610769.0
2020-02-12,33,29479415.0,0,0,0.0,0.0157,0.0157,0.0157,,,5903912.0,,5903912.0
2020-02-13,33,29934594.0,0,0,0.0,0.00095,0.00095,0.00095,,,516257.0,,516257.0
2020-02-14,33,29906059.0,0,0,0.0,0.00332,0.00332,0.00332,,,1838826.0,,1838826.0
2020-02-18,33,30005390.0,0,0,0.0,0.01986,0.01986,0.01986,,,11063671.0,,11063671.0
2020-02-19,33,30601421.0,0,0,0.0,0.01482,0.01482,0.01482,,,7031614.0,,7031614.0
2020-02-20,33,31009957.0,0,0,0.0,0.00323,0.00323,0.00323,,,1853058.0,,1853058.0
2020-02-21,33,31109967.0,0,0,0.0,0.01612,0.01612,0.01612,,,8142732.0,,8142732.0
2020-02-24,33,31521440.0,0,0,0.0,0.00948,0.00948,0.00948,,,3444550.0,,3444550.0
2020-02-25,33,31597322.0,0,0,0.0,0.00455,0.00455,0.00455,,,3534822.0,,3534822.0
2020-02-26,33,31652567.0,0,0,0.0,0.02056,0.02056,0.02056,,,10575114.0,,10575114.0
2020-02-27,33,32303237.0,0,0,0.0,0.01007,0.01007,0.01007,,,3850050.0,,3850050.0
2020-02-28,33,32255079.0,0,0,0.0,0.02589,0.02589,0.02589,,,21057633.0,,21057633.0
2020-03-02,33,32676939.0,0,0,0.0,0.01125,0.01125,0.01125,,,6637664.0,,6637664.0
2020-03-03,33,32788800.0,0,0,0.0,0.00158,0.00158,0.00158,,,763195.0,,763195.0
2020-03-04,33,32832224.0,0,0,0.0,0.00177,0.00177,0.00177,,,1150854.0,,1150854.0
2020-03-05,33,32885021.0,0,0,0.0,0.00744,0.00744,0.00744,,,5609404.0,,5609404.0
2020-03-06,33,33110657.0,0,0,0.0,0.00364,0.00364,0.00364,,,3699160.0,,3699160.0
2020-03-09,33,33183024.0,0,0,0.0,0.02537,0.02537,0.02537,,,22052565.0,,22052565.0
2020-03-10,33,33854920.0,0,0,0.0,0.01492,0.01492,0.01492,,,10247019.0,,10247019.0
2020-03-11,33,34309448.0,0,0,0.0,0.00357,0.00357,0.00357,,,2747771.0,,2747771.0
2020-03-12,33,34331584.0,0,0,0.0,0.0285,0.0285,0.0285,,,11037767.0,,11037767.0
2020-03-13,33,35275560.0,0,0,0.0,0.02525,0.02525,0.02525,,,10590236.0,,10590236.0
2020-03-16,33,35342631.0,0,0,0.0,0.00064,0.00064,0.00064,,,293404.0,,293404.0
2020-03-17,33,35350833.0,0,0,0.0,0.00389,0.00389,0.00389,,,1606780.0,,1606780.0
2020-03-18,33,35374729.0,0,1,0.0303,0.01434,0.01068,0.01434,,,4925226.0,,4925226.0
2020-03-19,32,35579407.0,0,0,0.0,0.01364,0.01364,0.01364,,,6816140.0,,6816140.0
2020-03-20,32,36017952.0,0,0,0.0,0.00827,0.00827,0.00827,,,4100335.0,,4100335.0
2020-03-23,32,35738958.0,0,0,0.0,0.00307,0.00307,0.00307,,,1346979.0,,1346979.0
2020-03-24,32,35629259.0,0,0,0.0,0.00983,0.00983,0.00983,,,6752145.0,,6752145.0
2020-03-25,32,35848986.0,0,0,0.0,0.01154,0.01154,0.01154,,,1801596.0,,1801596.0
2020-03-26,32,35488195.0,0,0,0.0,0.01063,0.01063,0.01063,,,5308987.0,,5308987.0
2020-03-27,32,35805706.0,0,0,0.0,0.0,0.0,0.0,,,0.0,,0.0
2020-03-30,32,35805706.0,0,0,0.0,0.00125,0.00125,0.00125,,,209216.0,,209216.0
2020-03-31,32,35850506.0,0,0,0.0,0.00733,0.00733,0.00733,,,3332060.0,,3332060.0
2020-04-01,32,36113229.0,0,0,0.0,0.01301,0.01301,0.01301,,,5937958.0,,5937958.0
2020-04-02,32,36583095.0,0,0,0.0,0.00852,0.00852,0.00852,,,3914038.0,,3914038.0
2020-04-03,32,36861721.0,0,0,0.0,0.01122,0.01122,0.01122,,,7481583.0,,7481583.0
2020-04-06,32,37220565.0,0,0,0.0,0.00752,0.00752,0.00752,,,1337387.0,,1337387.0
2020-04-07,32,37477975.0,1,0,0.03125,0.00141,0.00026,0.00141,,,5323201.0,,5323201.0
2020-04-08,33,37511704.0,0,0,0.0,0.0,0.0,0.0,,,0.0,,0.0
2020-04-09,33,37511704.0,0,0,0.0,0.0,0.0,0.0,,,0.0,,0.0
2020-04-13,33,37511704.0,0,0,0.0,0.01201,0.01201,0.01201,,,6690336.0,,6690336.0
2020-04-14,33,37962209.0,0,0,0.0,0.0,0.0,0.0,,,0.0,,0.0
2020-04-15,33,37962209.0,0,0,0.0,0.00593,0.00593,0.00593,,,3497548.0,,3497548.0
2020-04-16,33,38187446.0,0,0,0.0,0.00885,0.00885,0.00885,,,5439519.0,,5439519.0
2020-04-17,33,38525297.0,0,0,0.0,0.02106,0.02106,0.02106,,,13707064.0,,13707064.0
2020-04-20,33,38965915.0,0,0,0.0,0.00578,0.00578,0.00578,,,3848322.0,,3848322.0
2020-04-21,33,39191140.0,0,1,0.0303,0.01587,0.01587,0.01587,,,12215132.0,,12215132.0
2020-04-22,32,39724108.0,0,0,0.0,0.00283,0.00283,0.00283,,,1943736.0,,1943736.0
2020-04-23,32,39836605.0,0,0,0.0,0.0185,0.0185,0.0185,,,12950289.0,,12950289.0
2020-04-24,32,40555269.0,0,0,0.0,0.00831,0.00831,0.00831,,,6002007.0,,6002007.0
2020-04-27,32,40892214.0,0,0,0.0,0.0045,0.0045,0.0045,,,3164272.0,,3164272.0
2020-04-28,32,40918490.0,1,0,0.03125,0.03505,0.03209,0.03505,,,27539836.0,,27539836.0
2020-04-29,33,42317595.0,0,0,0.0,0.01539,0.01539,0.01539,,,12213084.0,,12213084.0
2020-04-30,33,42969066.0,0,0,0.0,0.00276,0.00276,0.00276,,,4944703.0,,4944703.0
2020-05-01,33,43063301.0,0,0,0.0,0.00014,0.00014,0.00014,,,133918.0,,133918.0
2020-05-04,33,43057346.0,0,0,0.0,0.00147,0.00147,0.00147,,,2088851.0,,2088851.0
2020-05-05,33,43062825.0,0,0,0.0,0.00221,0.00221,0.00221,,,5963358.0,,5963358.0
2020-05-06,33,43070521.0,0,0,0.0,0.00798,0.00798,0.00798,,,7690203.0,,7690203.0
2020-05-07,33,43316244.0,0,0,0.0,0.03316,0.03316,0.03316,,,21569668.0,,21569668.0
2020-05-08,33,44601823.0,0,0,0.0,0.01207,0.01207,0.01207,,,5020802.0,,5020802.0
2020-05-11,33,44999088.0,0,0,0.0,0.00875,0.00875,0.00875,,,7356113.0,,7356113.0
2020-05-12,33,45356955.0,0,0,0.0,0.01664,0.01664,0.01664,,,14928874.0,,14928874.0
2020-05-13,33,46111720.0,0,0,0.0,0.00751,0.00751,0.00751,,,6965608.0,,6965608.0
2020-05-14,33,46457960.0,1,0,0.0303,0.01589,0.01406,0.01589,,,22637722.0,,22637722.0
2020-05-15,34,47085665.0,0,0,0.0,0.0,0.0,0.0,,,0.0,,0.0
2020-05-18,34,47085665.0,0,0,0.0,0.00116,0.00116,0.00116,,,2832382.0,,2832382.0
2020-05-19,34,47094186.0,0,0,0.0,0.00634,0.00634,0.00634,,,8720530.0,,8720530.0
2020-05-20,34,47311592.0,0,0,0.0,0.02001,0.02001,0.02001,,,18788255.0,,18788255.0
2020-05-21,34,48258156.0,0,0,0.0,0.01989,0.01989,0.01989,,,19364932.0,,19364932.0
2020-05-22,34,49195377.0,0,0,0.0,0.01866,0.01866,0.01866,,,19547263.0,,19547263.0
2020-05-26,34,50113215.0,0,0,0.0,0.01269,0.01269,0.01269,,,13021688.0,,13021688.0
2020-05-27,34,50599621.0,0,0,0.0,0.01456,0.01456,0.01456,,,16542977.0,,16542977.0
2020-05-28,34,51319257.0,0,0,0.0,0.00264,0.00264,0.00264,,,3356945.0,,3356945.0
2020-05-29,34,51454994.0,0,0,0.0,0.0,0.0,0.0,,,0.0,,0.0
2020-06-01,34,51454994.0,0,0,0.0,0.01495,0.01495,0.01495,,,15372218.0,,15372218.0
2020-06-02,34,52224140.0,0,0,0.0,0.00991,0.00991,0.00991,,,18996787.0,,18996787.0
2020-06-03,34,52211012.0,0,0,0.0,0.00269,0.00269,0.00269,,,3184334.0,,3184334.0
2020-06-04,34,52257626.0,0,0,0.0,0.00978,0.00978,0.00978,,,9322495.0,,9322495.0
2020-06-05,34,52637901.0,0,0,0.0,0.00507,0.00507,0.00507,,,4627841.0,,4627841.0
2020-06-08,34,52905027.0,0,0,0.0,0.00026,0.00026,0.00026,,,102378.0,,102378.0
2020-06-09,34,52919013.0,0,0,0.0,0.00142,0.00142,0.00142,,,912000.0,,912000.0
2020-06-10,34,52844013.0,0,0,0.0,0.00331,0.00331,0.00331,,,5255250.0,,5255250.0
2020-06-11,34,52969013.0,0,0,0.0,0.00749,0.00749,0.00749,,,6801935.0,,6801935.0
2020-06-12,34,53202694.0,0,0,0.0,4e-05,4e-05,4e-05,,,63020.0,,63020.0
2020-06-15,34,53204694.0,0,0,0.0,0.00403,0.00403,0.00403,,,3439847.0,,3439847.0
2020-06-16,34,53124175.0,0,0,0.0,0.00366,0.00366,0.00366,,,1818912.0,,1818912.0
2020-06-17,34,53024590.0,0,0,0.0,0.00371,0.00371,0.00371,,,733292.0,,733292.0
2020-06-18,34,53221183.0,0,0,0.0,0.00562,0.00562,0.00562,,,7095498.0,,7095498.0
2020-06-19,34,53402000.0,0,0,0.0,0.00716,0.00716,0.00716,,,9615549.0,,9615549.0
2020-06-22,34,53611004.0,0,0,0.0,0.00381,0.00381,0.00381,,,6080241.0,,6080241.0
2020-06-23,34,53646778.0,0,0,0.0,0.04726,0.04726,0.04726,,,67699824.0,,67699824.0
2020-06-24,34,55253020.0,0,0,0.0,0.02031,0.02031,0.02031,,,23895150.0,,23895150.0
2020-06-25,34,56375081.0,0,0,0.0,0.01894,0.01894,0.01894,,,24014650.0,,24014650.0
2020-06-26,34,57442630.0,0,0,0.0,0.00226,0.00226,0.00226,,,3072609.0,,3072609.0
2020-06-29,34,57542832.0,0,0,0.0,0.00802,0.00802,0.00802,,,10178891.0,,10178891.0
2020-06-30,34,58004499.0,1,0,0.02941,0.00424,0.00385,0.00424,,,9719366.0,,9719366.0
2020-07-01,35,58091114.0,0,0,0.0,0.00417,0.00417,0.00417,,,5611241.0,,5611241.0
2020-07-02,35,58328682.0,0,0,0.0,0.01035,0.01035,0.01035,,,16857740.0,,16857740.0
2020-07-06,35,58918999.0,0,0,0.0,0.00557,0.00557,0.00557,,,7883517.0,,7883517.0
2020-07-07,35,59247404.0,0,0,0.0,0.01114,0.01114,0.01114,,,16183751.0,,16183751.0
2020-07-08,35,59907149.0,0,0,0.0,0.02055,0.02055,0.02055,,,30702471.0,,30702471.0
2020-07-09,35,61138433.0,0,0,0.0,0.01334,0.01334,0.01334,,,20810366.0,,20810366.0
2020-07-10,35,61918296.0,0,0,0.0,0.00702,0.00702,0.00702,,,10470506.0,,10470506.0
2020-07-13,35,62352926.0,0,0,0.0,0.00351,0.00351,0.00351,,,5213310.0,,5213310.0
2020-07-14,35,62571993.0,1,0,0.02857,0.01591,0.01454,0.01591,,,61005624.0,,61005624.0
2020-07-15,36,63326243.0,0,0,0.0,0.00554,0.00554,0.00554,,,17982000.0,,17982000.0
2020-07-16,36,63293355.0,0,0,0.0,0.0297,0.0297,0.0297,,,46500507.0,,46500507.0
2020-07-17,36,65173016.0,0,0,0.0,0.00671,0.00671,0.00671,,,10969810.0,,10969810.0
2020-07-20,36,65610190.0,1,0,0.02778,0.00212,0.00167,0.00212,,,4675628.0,,4675628.0
2020-07-21,37,65749486.0,0,1,0.02703,0.01365,0.01365,0.01365,,,22837906.0,,22837906.0
2020-07-22,36,66645497.0,0,0,0.0,0.00722,0.00722,0.00722,,,13956524.0,,13956524.0
2020-07-23,36,66998601.0,0,0,0.0,0.00142,0.00142,0.00142,,,3783979.0,,3783979.0
2020-07-24,36,67019217.0,0,0,0.0,0.00679,0.00679,0.00679,,,10810124.0,,10810124.0
2020-07-27,36,67474218.0,0,0,0.0,2e-05,2e-05,2e-05,,,24565.0,,24565.0
2020-07-28,36,67475647.0,0,0,0.0,0.00292,0.00292,0.00292,,,4164258.0,,4164258.0
2020-07-29,36,67495585.0,0,0,0.0,0.00162,0.00162,0.00162,,,2590094.0,,2590094.0
2020-07-30,36,67604931.0,0,0,0.0,0.00014,0.00014,0.00014,,,174598.0,,174598.0
2020-07-31,36,67595237.0,0,0,0.0,0.00029,0.00029,0.00029,,,307767.0,,307767.0
2020-08-03,36,67614840.0,0,0,0.0,0.0,0.0,0.0,,,0.0,,0.0
2020-08-04,36,67614840.0,2,0,0.05556,0.00815,0.00683,0.00815,,,24560532.0,,24560532.0
2020-08-05,38,67586915.0,0,0,0.0,0.01685,0.01685,0.01685,,,32300005.0,,32300005.0
2020-08-06,38,68518830.0,0,0,0.0,0.01839,0.01839,0.01839,,,37088502.0,,37088502.0
2020-08-07,38,69479162.0,0,0,0.0,0.00672,0.00672,0.00672,,,12384305.0,,12384305.0
2020-08-10,38,69766672.0,0,0,0.0,0.02357,0.02357,0.02357,,,36852527.0,,36852527.0
2020-08-11,38,70624622.0,0,0,0.0,0.01181,0.01181,0.01181,,,20136251.0,,20136251.0
2020-08-12,38,70391375.0,0,0,0.0,0.00657,0.00657,0.00657,,,23161132.0,,23161132.0
2020-08-13,38,70415983.0,0,0,0.0,0.03108,0.03108,0.03108,,,39723952.0,,39723952.0
2020-08-14,38,71652583.0,0,0,0.0,0.00514,0.00514,0.00514,,,9743426.0,,9743426.0
2020-08-17,38,71884686.0,0,0,0.0,0.00212,0.00212,0.00212,,,5505876.0,,5505876.0
2020-08-18,38,71915931.0,0,0,0.0,0.00486,0.00486,0.00486,,,8263895.0,,8263895.0
2020-08-19,38,72156253.0,0,0,0.0,0.00263,0.00263,0.00263,,,5257386.0,,5257386.0
2020-08-20,38,72284006.0,0,0,0.0,0.02015,0.02015,0.02015,,,38412680.0,,38412680.0
2020-08-21,38,73625881.0,0,0,0.0,0.01165,0.01165,0.01165,,,22133431.0,,22133431.0
2020-08-24,38,74432320.0,0,0,0.0,0.00432,0.00432,0.00432,,,9235258.0,,9235258.0
2020-08-25,38,74663356.0,1,0,0.02632,0.0157,0.01362,0.0157,,,53817085.0,,53817085.0
2020-08-26,39,75080003.0,0,0,0.0,0.00862,0.00862,0.00862,,,15964105.0,,15964105.0
2020-08-27,39,75500501.0,0,0,0.0,0.02583,0.02583,0.02583,,,48226363.0,,48226363.0
2020-08-28,39,77434498.0,0,0,0.0,0.01403,0.01403,0.01403,,,26782177.0,,26782177.0
2020-08-31,39,78512895.0,0,0,0.0,0.00738,0.00738,0.00738,,,14378521.0,,14378521.0
2020-09-01,39,79055706.0,1,1,0.05128,0.01645,0.0159,0.01645,,,37248666.0,,37248666.0
2020-09-02,39,80253989.0,0,1,0.02564,0.01284,0.01284,0.01284,,,31980252.0,,31980252.0
2020-09-03,38,80647017.0,0,0,0.0,0.01242,0.01242,0.01242,,,21007600.0,,21007600.0
2020-09-04,38,81648275.0,0,0,0.0,0.0017,0.0017,0.0017,,,9105926.0,,9105926.0
2020-09-08,38,81704698.0,0,0,0.0,0.01643,0.01643,0.01643,,,43443167.0,,43443167.0
2020-09-09,38,80608368.0,0,0,0.0,0.00454,0.00454,0.00454,,,8638733.0,,8638733.0
2020-09-10,38,80242347.0,0,0,0.0,0.00519,0.00519,0.00519,,,8663435.0,,8663435.0
2020-09-11,38,80571357.0,0,0,0.0,0.00419,0.00419,0.00419,,,9733246.0,,9733246.0
2020-09-14,38,80354047.0,0,0,0.0,0.00556,0.00556,0.00556,,,11664085.0,,11664085.0
2020-09-15,38,80794772.0,0,0,0.0,0.00519,0.00519,0.00519,,,24287100.0,,24287100.0
2020-09-16,38,81051226.0,0,0,0.0,0.01452,0.01452,0.01452,,,31892026.0,,31892026.0
2020-09-17,38,82163441.0,0,0,0.0,0.01351,0.01351,0.01351,,,71163073.0,,71163073.0
2020-09-18,38,82788752.0,0,0,0.0,0.00199,0.00199,0.00199,,,22284365.0,,22284365.0
2020-09-21,38,82850808.0,0,0,0.0,0.00153,0.00153,0.00153,,,7926767.0,,7926767.0
2020-09-22,38,82864363.0,0,0,0.0,0.00037,0.00037,0.00037,,,573438.0,,573438.0
2020-09-23,38,82833533.0,0,0,0.0,0.00756,0.00756,0.00756,,,15268126.0,,15268126.0
2020-09-24,38,83431113.0,0,0,0.0,0.00857,0.00857,0.00857,,,15571484.0,,15571484.0
2020-09-25,38,84138284.0,0,0,0.0,0.00427,0.00427,0.00427,,,20048113.0,,20048113.0
2020-09-28,38,84296089.0,0,0,0.0,0.00184,0.00184,0.00184,,,5365729.0,,5365729.0
2020-09-29,38,84140780.0,0,0,0.0,0.00178,0.00178,0.00178,,,4945384.0,,4945384.0
2020-09-30,38,84271106.0,0,0,0.0,0.00434,0.00434,0.00434,,,10615543.0,,10615543.0
2020-10-01,38,84636426.0,0,0,0.0,0.0143,0.0143,0.0143,,,30286292.0,,30286292.0
2020-10-02,38,85830316.0,1,0,0.02632,0.01216,0.00867,0.01216,,,28103733.0,,28103733.0
2020-10-05,39,86874117.0,0,0,0.0,0.00029,0.00029,0.00029,,,464688.0,,464688.0
2020-10-06,39,86848917.0,0,0,0.0,0.0078,0.0078,0.0078,,,25202809.0,,25202809.0
2020-10-07,39,87285383.0,0,0,0.0,0.01435,0.01435,0.01435,,,36511778.0,,36511778.0
2020-10-08,39,88494950.0,0,0,0.0,0.00866,0.00866,0.00866,,,22595058.0,,22595058.0
2020-10-09,39,89221062.0,0,0,0.0,0.0148,0.0148,0.0148,,,41008899.0,,41008899.0
2020-10-12,39,90541684.0,0,0,0.0,0.00508,0.00508,0.00508,,,18959649.0,,18959649.0
2020-10-13,39,90991718.0,0,0,0.0,0.01826,0.01826,0.01826,,,56337350.0,,56337350.0
2020-10-14,39,92645408.0,0,0,0.0,0.01293,0.01293,0.01293,,,40226908.0,,40226908.0
2020-10-15,39,93838064.0,2,0,0.05128,0.01499,0.0133,0.01499,,,72150637.0,,72150637.0
2020-10-16,41,95241273.0,0,0,0.0,0.00237,0.00237,0.00237,,,19841614.0,,19841614.0
2020-10-19,41,95464972.0,0,0,0.0,1e-05,1e-05,1e-05,,,22350.0,,22350.0
2020-10-20,41,95463756.0,2,0,0.04878,0.00741,0.00692,0.00741,,,32312668.0,,32312668.0
2020-10-21,43,96155517.0,0,0,0.0,0.00942,0.00942,0.00942,,,53763708.0,,53763708.0
2020-10-22,43,96685828.0,1,0,0.02326,0.00384,0.00271,0.00384,,,22789316.0,,22789316.0
2020-10-23,44,96865783.0,0,1,0.02273,0.00748,0.00638,0.00748,,,33591174.0,,33591174.0
2020-10-26,43,96663205.0,0,1,0.02326,0.00089,0.00085,0.00089,,,3020364.0,,3020364.0
2020-10-27,42,96577624.0,0,0,0.0,0.0,0.0,0.0,,,0.0,,0.0
2020-10-28,42,96577624.0,0,0,0.0,0.00104,0.00104,0.00104,,,16932474.0,,16932474.0
2020-10-29,42,96632966.0,0,0,0.0,0.00526,0.00526,0.00526,,,16100137.0,,16100137.0
2020-10-30,42,97141438.0,0,0,0.0,0.00879,0.00879,0.00879,,,53515447.0,,53515447.0
2020-11-02,42,97199288.0,0,0,0.0,0.0,0.0,0.0,,,0.0,,0.0
2020-11-03,42,97199288.0,0,0,0.0,0.00264,0.00264,0.00264,,,34508642.0,,34508642.0
2020-11-04,42,97224821.0,0,0,0.0,0.0005,0.0005,0.0005,,,2626592.0,,2626592.0
2020-11-05,42,97181404.0,0,1,0.02381,0.00856,0.00856,0.00856,,,31419531.0,,31419531.0
2020-11-06,41,97771490.0,0,0,0.0,0.00943,0.00943,0.00943,,,30662396.0,,30662396.0
2020-11-09,41,98604663.0,0,0,0.0,0.00485,0.00485,0.00485,,,15698174.0,,15698174.0
2020-11-10,41,99083223.0,0,0,0.0,0.02103,0.02103,0.02103,,,73391989.0,,73391989.0
2020-11-11,41,101073602.0,0,0,0.0,0.00446,0.00446,0.00446,,,27159786.0,,27159786.0
2020-11-12,41,101477204.0,0,0,0.0,0.00421,0.00421,0.00421,,,14241799.0,,14241799.0
2020-11-13,41,101768019.0,0,0,0.0,0.00212,0.00212,0.00212,,,7579902.0,,7579902.0
2020-11-16,41,101910711.0,0,0,0.0,0.00295,0.00295,0.00295,,,12984767.0,,12984767.0
2020-11-17,41,102201288.0,0,0,0.0,0.01064,0.01064,0.01064,,,57158634.0,,57158634.0
2020-11-18,41,103020981.0,0,0,0.0,0.00373,0.00373,0.00373,,,14774270.0,,14774270.0
2020-11-19,41,103377771.0,0,0,0.0,0.01115,0.01115,0.01115,,,41653631.0,,41653631.0
2020-11-20,41,104530611.0,0,0,0.0,0.00814,0.00814,0.00814,,,89354371.0,,89354371.0
2020-11-23,41,105145602.0,0,0,0.0,0.00876,0.00876,0.00876,,,38339489.0,,38339489.0
2020-11-24,41,105826132.0,1,0,0.02439,0.01717,0.01283,0.01717,,,71438384.0,,71438384.0
2020-11-25,42,107530647.0,0,0,0.0,0.00865,0.00865,0.00865,,,55010129.0,,55010129.0
2020-11-27,42,108360722.0,0,0,0.0,0.00286,0.00286,0.00286,,,11869344.0,,11869344.0
2020-11-30,42,108670774.0,0,0,0.0,0.0001,0.0001,0.0001,,,91965.0,,91965.0
2020-12-01,42,108659490.0,2,0,0.04762,0.01989,0.01652,0.01989,,,101029105.0,,101029105.0
2020-12-02,44,110452507.0,0,0,0.0,0.02453,0.02453,0.02453,,,114123582.0,,114123582.0
2020-12-03,44,113077091.0,0,0,0.0,0.00701,0.00701,0.00701,,,26366022.0,,26366022.0
2020-12-04,44,113864159.0,0,0,0.0,0.00279,0.00279,0.00279,,,14035228.0,,14035228.0
2020-12-07,44,114181586.0,0,0,0.0,0.02434,0.02434,0.02434,,,128458724.0,,128458724.0
2020-12-08,44,116883843.0,0,0,0.0,0.02503,0.02503,0.02503,,,167207125.0,,167207125.0
2020-12-09,44,119005769.0,0,0,0.0,0.02184,0.02184,0.02184,,,119448588.0,,119448588.0
2020-12-10,44,121339197.0,0,0,0.0,0.02126,0.02126,0.02126,,,118744917.0,,118744917.0
2020-12-11,44,123780564.0,1,0,0.02273,0.01063,0.01057,0.01063,,,96834074.0,,96834074.0
2020-12-14,45,124859102.0,0,0,0.0,0.0188,0.0188,0.0188,,,141278469.0,,141278469.0
2020-12-15,45,127193052.0,0,0,0.0,0.01677,0.01677,0.01677,,,117827091.0,,117827091.0
2020-12-16,45,129300543.0,0,0,0.0,0.01199,0.01199,0.01199,,,117329403.0,,117329403.0
2020-12-17,45,130836126.0,0,0,0.0,0.01851,0.01851,0.01851,,,132428059.0,,132428059.0
2020-12-18,45,133257331.0,0,1,0.02222,0.01823,0.01823,0.01823,,,124688710.0,,124688710.0
2020-12-21,44,135277853.0,1,0,0.02273,0.01767,0.01509,0.01767,,,124242051.0,,124242051.0
2020-12-22,45,137633513.0,0,0,0.0,0.03054,0.03054,0.03054,,,258367215.0,,258367215.0
2020-12-23,45,141740384.0,1,0,0.02222,0.03532,0.03432,0.03532,,,355220409.0,,355220409.0
2020-12-24,46,146235730.0,0,0,0.0,0.02286,0.02286,0.02286,,,249600585.0,,249600585.0
2020-12-28,46,149579112.0,0,0,0.0,0.01034,0.01034,0.01034,,,110489300.0,,110489300.0
2020-12-29,46,151125733.0,0,0,0.0,0.03171,0.03171,0.03171,,,318163091.0,,318163091.0
2020-12-30,46,155918127.0,0,0,0.0,0.01703,0.01703,0.01703,,,166387340.0,,166387340.0
2020-12-31,46,158573233.0,0,0,0.0,0.01681,0.01681,0.01681,,,158171754.0,,158171754.0
2021-01-04,46,161238417.0,0,0,0.0,0.00398,0.00398,0.00398,,,69401891.0,,69401891.0
2021-01-05,46,161148275.0,0,0,0.0,0.00777,0.00777,0.00777,,,112185643.0,,112185643.0
2021-01-06,46,162400171.0,0,0,0.0,0.00632,0.00632,0.00632,,,57467412.0,,57467412.0
2021-01-07,46,163123096.0,0,0,0.0,0.01212,0.01212,0.01212,,,150750233.0,,150750233.0
2021-01-08,46,165099925.0,0,0,0.0,0.00957,0.00957,0.00957,,,104636234.0,,104636234.0
2021-01-11,46,166679733.0,0,0,0.0,0.02462,0.02462,0.02462,,,301730287.0,,301730287.0
2021-01-12,46,170783952.0,1,0,0.02174,0.02215,0.01805,0.02215,,,233020115.0,,233020115.0
2021-01-13,47,173314400.0,0,0,0.0,0.01137,0.01137,0.01137,,,149840509.0,,149840509.0
2021-01-14,47,174527572.0,0,0,0.0,0.01249,0.01249,0.01249,,,166918980.0,,166918980.0
2021-01-15,47,176273353.0,0,0,0.0,0.01275,0.01275,0.01275,,,172740972.0,,172740972.0
2021-01-19,47,178349804.0,0,0,0.0,0.02001,0.02001,0.02001,,,290730312.0,,290730312.0
2021-01-20,47,181918589.0,1,0,0.02128,0.02012,0.01916,0.02012,,,260681570.0,,260681570.0
2021-01-21,48,185336515.0,0,0,0.0,0.02154,0.02154,0.02154,,,249828677.0,,249828677.0
2021-01-22,48,188799936.0,0,0,0.0,0.01707,0.01707,0.01707,,,217058806.0,,217058806.0
2021-01-25,48,192023620.0,0,0,0.0,0.01496,0.01496,0.01496,,,187279862.0,,187279862.0
2021-01-26,48,194877039.0,0,0,0.0,0.01685,0.01685,0.01685,,,192811751.0,,192811751.0
2021-01-27,48,198017230.0,0,0,0.0,0.00395,0.00395,0.00395,,,66876006.0,,66876006.0
2021-01-28,48,198756790.0,1,0,0.02083,0.01595,0.01363,0.01595,,,189676963.0,,189676963.0
2021-01-29,49,197746933.0,0,0,0.0,0.0053,0.0053,0.0053,,,61842865.0,,61842865.0
2021-02-01,49,197284074.0,0,0,0.0,0.00246,0.00246,0.00246,,,24218698.0,,24218698.0
2021-02-02,49,197349014.0,0,0,0.0,0.0,0.0,0.0,,,0.0,,0.0
2021-02-03,49,197349014.0,0,0,0.0,0.01096,0.01096,0.01096,,,172784929.0,,172784929.0
2021-02-04,49,199511830.0,0,0,0.0,0.00797,0.00797,0.00797,,,137463544.0,,137463544.0
2021-02-05,49,200989182.0,0,0,0.0,0.00835,0.00835,0.00835,,,130608819.0,,130608819.0
2021-02-08,49,202667661.0,0,0,0.0,0.00313,0.00313,0.00313,,,102723009.0,,102723009.0
2021-02-09,49,203301127.0,0,0,0.0,0.01147,0.01147,0.01147,,,227791052.0,,227791052.0
2021-02-10,49,205633382.0,0,0,0.0,0.00985,0.00985,0.00985,,,169881664.0,,169881664.0
2021-02-11,49,207545679.0,0,0,0.0,0.00582,0.00582,0.00582,,,79469156.0,,79469156.0
2021-02-12,49,208658203.0,1,0,0.02041,0.01349,0.00608,0.01349,,,111124631.0,,111124631.0
2021-02-16,50,210138930.0,0,0,0.0,0.00381,0.00381,0.00381,,,55398901.0,,55398901.0
2021-02-17,50,210940040.0,2,0,0.04,0.00769,0.00541,0.00769,,,113667156.0,,113667156.0
2021-02-18,52,212482490.0,0,0,0.0,0.00839,0.00839,0.00839,,,148414206.0,,148414206.0
2021-02-19,52,213081265.0,0,0,0.0,0.00969,0.00969,0.00969,,,167444879.0,,167444879.0
2021-02-22,52,214367659.0,0,0,0.0,0.00472,0.00472,0.00472,,,87322523.0,,87322523.0
2021-02-23,52,214863742.0,0,0,0.0,0.00555,0.00555,0.00555,,,85120437.0,,85120437.0
2021-02-24,52,215573327.0,0,0,0.0,0.02537,0.02537,0.02537,,,268175296.0,,268175296.0
2021-02-25,52,213082465.0,0,0,0.0,0.01623,0.01623,0.01623,,,164879827.0,,164879827.0
2021-02-26,52,210502647.0,0,0,0.0,0.01823,0.01823,0.01823,,,197859643.0,,197859643.0
2021-03-01,52,208047517.0,0,0,0.0,0.01695,0.01695,0.01695,,,251484789.0,,251484789.0
2021-03-02,52,206046679.0,0,0,0.0,0.00641,0.00641,0.00641,,,81895199.0,,81895199.0
2021-03-03,52,206554031.0,0,0,0.0,0.00355,0.00355,0.00355,,,33488072.0,,33488072.0
2021-03-04,52,206904836.0,0,0,0.0,0.02061,0.02061,0.02061,,,206595329.0,,206595329.0
2021-03-05,52,205295092.0,0,0,0.0,0.0367,0.0367,0.0367,,,400618883.0,,400618883.0
2021-03-08,52,201720851.0,1,0,0.01923,0.02371,0.02237,0.02371,,,229614898.0,,229614898.0
2021-03-09,53,198421678.0,0,0,0.0,0.014,0.014,0.014,,,149185971.0,,149185971.0
2021-03-10,53,196660771.0,0,0,0.0,0.00213,0.00213,0.00213,,,13668821.0,,13668821.0
2021-03-11,53,196338566.0,0,0,0.0,0.00444,0.00444,0.00444,,,71678679.0,,71678679.0
2021-03-12,53,197078920.0,0,0,0.0,0.00379,0.00379,0.00379,,,48241211.0,,48241211.0
2021-03-15,53,197681569.0,0,0,0.0,0.00798,0.00798,0.00798,,,95865831.0,,95865831.0
2021-03-16,53,199214081.0,0,1,0.01887,0.00137,0.00129,0.00137,,,15871185.0,,15871185.0
2021-03-17,52,199403062.0,0,1,0.01923,0.00399,0.00399,0.00399,,,36885847.0,,36885847.0
2021-03-18,51,200180152.0,0,0,0.0,0.0029,0.0029,0.0029,,,30368520.0,,30368520.0
2021-03-19,51,200691591.0,0,0,0.0,0.00421,0.00421,0.00421,,,37045893.0,,37045893.0
2021-03-22,51,200032607.0,0,0,0.0,0.00181,0.00181,0.00181,,,21387669.0,,21387669.0
2021-03-23,51,200325802.0,0,0,0.0,0.00212,0.00212,0.00212,,,22850507.0,,22850507.0
2021-03-24,51,200749174.0,0,0,0.0,0.00467,0.00467,0.00467,,,33150570.0,,33150570.0
2021-03-25,51,201391725.0,0,0,0.0,0.00907,0.00907,0.00907,,,83485404.0,,83485404.0
2021-03-26,51,200458721.0,0,0,0.0,0.0084,0.0084,0.0084,,,94304492.0,,94304492.0
2021-03-29,51,199924856.0,0,0,0.0,0.00899,0.00899,0.00899,,,70663509.0,,70663509.0
2021-03-30,51,198788962.0,0,0,0.0,0.01098,0.01098,0.01098,,,83050059.0,,83050059.0
2021-03-31,51,197713055.0,0,0,0.0,0.0074,0.0074,0.0074,,,58581987.0,,58581987.0
2021-04-01,51,198110282.0,0,0,0.0,0.0052,0.0052,0.0052,,,28150330.0,,28150330.0
2021-04-05,51,198741262.0,0,0,0.0,0.01256,0.01256,0.01256,,,138819490.0,,138819490.0
2021-04-06,51,200730822.0,0,0,0.0,0.00261,0.00261,0.00261,,,10338475.0,,10338475.0
2021-04-07,51,201026594.0,0,0,0.0,0.00071,0.00071,0.00071,,,4556567.0,,4556567.0
2021-04-08,51,201102213.0,0,0,0.0,0.00162,0.00162,0.00162,,,22889093.0,,22889093.0
2021-04-09,51,201423455.0,0,0,0.0,0.00043,0.00043,0.00043,,,3278112.0,,3278112.0
2021-04-12,51,201436226.0,0,0,0.0,0.00147,0.00147,0.00147,,,11159128.0,,11159128.0
2021-04-13,51,201248448.0,0,0,0.0,0.00381,0.00381,0.00381,,,36214838.0,,36214838.0
2021-04-14,51,200903908.0,0,0,0.0,0.00147,0.00147,0.00147,,,13387346.0,,13387346.0
2021-04-15,51,200959734.0,0,0,0.0,0.00209,0.00209,0.00209,,,17887868.0,,17887868.0
2021-04-16,51,200984687.0,0,0,0.0,0.00028,0.00028,0.00028,,,2611899.0,,2611899.0
2021-04-19,51,200939142.0,1,0,0.01961,0.00608,0.0011,0.00608,,,38425695.0,,38425695.0
2021-04-20,52,201770193.0,0,0,0.0,0.00705,0.00705,0.00705,,,68695956.0,,68695956.0
2021-04-21,52,202538883.0,0,0,0.0,0.00272,0.00272,0.00272,,,28902102.0,,28902102.0
2021-04-22,52,202110176.0,1,0,0.01923,0.01257,0.0099,0.01257,,,143646585.0,,143646585.0
2021-04-23,53,200650668.0,1,0,0.01887,0.00376,0.00227,0.00376,,,40543110.0,,40543110.0
2021-04-26,54,201096585.0,0,0,0.0,0.00158,0.00158,0.00158,,,11794026.0,,11794026.0
2021-04-27,54,200998135.0,0,0,0.0,0.00284,0.00284,0.00284,,,18499311.0,,18499311.0
2021-04-28,54,200871571.0,1,0,0.01852,0.00357,0.00348,0.00357,,,21488043.0,,21488043.0
2021-04-29,55,200756489.0,0,0,0.0,0.00087,0.00087,0.00087,,,5628337.0,,5628337.0
2021-04-30,55,200726483.0,0,0,0.0,0.00868,0.00868,0.00868,,,109374447.0,,109374447.0
2021-05-03,55,200259575.0,0,0,0.0,0.0,0.0,0.0,,,0.0,,0.0
2021-05-04,55,200259575.0,0,0,0.0,0.00823,0.00823,0.00823,,,103402926.0,,103402926.0
2021-05-05,55,199957874.0,0,0,0.0,0.01476,0.01476,0.01476,,,123900483.0,,123900483.0
2021-05-06,55,198090979.0,0,0,0.0,0.02925,0.02925,0.02925,,,235690373.0,,235690373.0
2021-05-07,55,200658456.0,0,0,0.0,0.02394,0.02394,0.02394,,,232847746.0,,232847746.0
2021-05-10,55,197313354.0,0,0,0.0,0.0058,0.0058,0.0058,,,41546107.0,,41546107.0
2021-05-11,55,196915196.0,0,0,0.0,0.02121,0.02121,0.02121,,,177341317.0,,177341317.0
2021-05-12,55,194182605.0,0,0,0.0,0.00841,0.00841,0.00841,,,68907528.0,,68907528.0
2021-05-13,55,192837796.0,0,0,0.0,0.01763,0.01763,0.01763,,,167281332.0,,167281332.0
2021-05-14,55,192577590.0,0,0,0.0,0.03161,0.03161,0.03161,,,249233145.0,,249233145.0
2021-05-17,55,193221487.0,0,0,0.0,0.0074,0.0074,0.0074,,,48607049.0,,48607049.0
2021-05-18,55,193108574.0,0,2,0.03636,0.00482,0.00482,0.00482,,,43838963.0,,43838963.0
2021-05-19,53,193104632.0,0,0,0.0,0.0032,0.0032,0.0032,,,11111476.0,,11111476.0
2021-05-20,53,192946771.0,0,0,0.0,0.00216,0.00216,0.00216,,,12216822.0,,12216822.0
2021-05-21,53,193249967.0,0,0,0.0,0.00522,0.00522,0.00522,,,46966454.0,,46966454.0
2021-05-24,53,193644054.0,0,0,0.0,0.01006,0.01006,0.01006,,,77481489.0,,77481489.0
2021-05-25,53,195345049.0,1,0,0.01887,0.00478,0.00442,0.00478,,,48796683.0,,48796683.0
2021-05-26,54,194774230.0,0,0,0.0,0.00136,0.00136,0.00136,,,10609894.0,,10609894.0
2021-05-27,54,194940652.0,0,0,0.0,0.00535,0.00535,0.00535,,,54086571.0,,54086571.0
2021-05-28,54,195429066.0,0,0,0.0,0.00106,0.00106,0.00106,,,7432361.0,,7432361.0
2021-06-01,54,195411612.0,0,0,0.0,0.00183,0.00183,0.00183,,,13261577.0,,13261577.0
2021-06-02,54,195579433.0,0,0,0.0,0.00353,0.00353,0.00353,,,45529298.0,,45529298.0
2021-06-03,54,195997018.0,0,0,0.0,0.00472,0.00472,0.00472,,,43704805.0,,43704805.0
2021-06-04,54,196714694.0,0,0,0.0,0.004,0.004,0.004,,,33105812.0,,33105812.0
2021-06-07,54,195979808.0,0,0,0.0,0.00213,0.00213,0.00213,,,9979670.0,,9979670.0
2021-06-08,54,195636327.0,0,0,0.0,0.00468,0.00468,0.00468,,,41762913.0,,41762913.0
2021-06-09,54,196273476.0,0,0,0.0,0.00294,0.00294,0.00294,,,25629000.0,,25629000.0
2021-06-10,54,196170602.0,0,1,0.01852,0.01045,0.01045,0.01045,,,90150047.0,,90150047.0
2021-06-11,53,198080432.0,0,0,0.0,0.00912,0.00912,0.00912,,,87322215.0,,87322215.0
2021-06-14,53,196750492.0,0,0,0.0,0.00292,0.00292,0.00292,,,48449609.0,,48449609.0
2021-06-15,53,197234239.0,0,1,0.01887,0.00025,0.00025,0.00025,,,1130498.0,,1130498.0
2021-06-16,52,197226947.0,0,0,0.0,0.00301,0.00301,0.00301,,,37829711.0,,37829711.0
2021-06-17,52,196987088.0,0,0,0.0,0.00627,0.00627,0.00627,,,61618699.0,,61618699.0
2021-06-18,52,196042449.0,2,0,0.03846,0.01148,0.00527,0.01148,,,78688246.0,,78688246.0
2021-06-21,54,196607716.0,0,0,0.0,0.00391,0.00391,0.00391,,,31811822.0,,31811822.0
2021-06-22,54,195852289.0,0,0,0.0,0.0008,0.0008,0.0008,,,4935489.0,,4935489.0
2021-06-23,54,195876842.0,0,0,0.0,0.00017,0.00017,0.00017,,,967644.0,,967644.0
2021-06-24,54,195880255.0,0,0,0.0,0.00479,0.00479,0.00479,,,36199817.0,,36199817.0
2021-06-25,54,196623011.0,0,0,0.0,0.00612,0.00612,0.00612,,,53829246.0,,53829246.0
2021-06-28,54,197775110.0,0,0,0.0,0.00542,0.00542,0.00542,,,44862457.0,,44862457.0
2021-06-29,54,197247516.0,0,0,0.0,0.01809,0.01809,0.01809,,,158138410.0,,158138410.0
2021-06-30,54,200730318.0,0,0,0.0,0.00718,0.00718,0.00718,,,72774310.0,,72774310.0
2021-07-01,54,202045097.0,0,0,0.0,0.00182,0.00182,0.00182,,,8851753.0,,8851753.0
2021-07-02,54,202358225.0,0,0,0.0,0.00357,0.00357,0.00357,,,22192433.0,,22192433.0
2021-07-06,54,202430919.0,0,0,0.0,0.00317,0.00317,0.00317,,,25130765.0,,25130765.0
2021-07-07,54,202938559.0,0,0,0.0,0.00721,0.00721,0.00721,,,84162703.0,,84162703.0
2021-07-08,54,202910940.0,0,0,0.0,0.00841,0.00841,0.00841,,,79507683.0,,79507683.0
2021-07-09,54,202441422.0,0,0,0.0,0.00502,0.00502,0.00502,,,38911105.0,,38911105.0
2021-07-12,54,202124521.0,0,0,0.0,0.00114,0.00114,0.00114,,,8483894.0,,8483894.0
2021-07-13,54,202355103.0,0,0,0.0,0.00463,0.00463,0.00463,,,47516009.0,,47516009.0
2021-07-14,54,202658951.0,0,0,0.0,0.00827,0.00827,0.00827,,,68954517.0,,68954517.0
2021-07-15,54,202331692.0,0,0,0.0,0.01528,0.01528,0.01528,,,118471387.0,,118471387.0
2021-07-16,54,200506039.0,0,0,0.0,0.011,0.011,0.011,,,96331463.0,,96331463.0
2021-07-19,54,199338574.0,0,0,0.0,0.00428,0.00428,0.00428,,,30237345.0,,30237345.0
2021-07-20,54,199242508.0,0,0,0.0,0.0076,0.0076,0.0076,,,81093717.0,,81093717.0
2021-07-21,54,200178775.0,0,0,0.0,0.00843,0.00843,0.00843,,,107027636.0,,107027636.0
2021-07-22,54,200809234.0,0,0,0.0,0.00384,0.00384,0.00384,,,34134829.0,,34134829.0
2021-07-23,54,201283072.0,0,0,0.0,0.00724,0.00724,0.00724,,,45569229.0,,45569229.0
2021-07-26,54,202458527.0,1,0,0.01852,0.01524,0.00783,0.01524,,,99285020.0,,99285020.0
2021-07-27,55,203712633.0,0,1,0.01818,0.0104,0.0104,0.0104,,,57064791.0,,57064791.0
2021-07-28,54,203492980.0,0,0,0.0,0.01133,0.01133,0.01133,,,87834681.0,,87834681.0
2021-07-29,54,203628898.0,0,0,0.0,0.01308,0.01308,0.01308,,,65240628.0,,65240628.0
2021-07-30,54,203008575.0,0,0,0.0,0.00946,0.00946,0.00946,,,61185062.0,,61185062.0
2021-08-02,54,201920730.0,0,0,0.0,0.00622,0.00622,0.00622,,,47772239.0,,47772239.0
2021-08-03,54,201134112.0,0,0,0.0,0.00681,0.00681,0.00681,,,51744459.0,,51744459.0
2021-08-04,54,201771664.0,1,0,0.01852,0.00377,0.00374,0.00377,,,44888621.0,,44888621.0
2021-08-05,55,201579938.0,0,0,0.0,0.02189,0.02189,0.02189,,,156152602.0,,156152602.0
2021-08-06,55,203879729.0,0,0,0.0,0.00277,0.00277,0.00277,,,19941130.0,,19941130.0
2021-08-09,55,203750833.0,0,0,0.0,0.00381,0.00381,0.00381,,,24096251.0,,24096251.0
2021-08-10,55,204404557.0,0,0,0.0,0.00999,0.00999,0.00999,,,106068043.0,,106068043.0
2021-08-11,55,203441279.0,0,0,0.0,0.0098,0.0098,0.0098,,,82322191.0,,82322191.0
2021-08-12,55,203433325.0,0,0,0.0,0.00472,0.00472,0.00472,,,44091327.0,,44091327.0
2021-08-13,55,203258416.0,1,0,0.01818,0.0134,0.0049,0.0134,,,116034656.0,,116034656.0
2021-08-16,56,204666175.0,0,0,0.0,0.01397,0.01397,0.01397,,,67932872.0,,67932872.0
2021-08-17,56,205594169.0,0,0,0.0,0.01979,0.01979,0.01979,,,128258057.0,,128258057.0
2021-08-18,56,206640803.0,0,0,0.0,0.01634,0.01634,0.01634,,,117327064.0,,117327064.0
2021-08-19,56,206339253.0,1,0,0.01786,0.00758,0.00681,0.00758,,,76992728.0,,76992728.0
2021-08-20,57,206925016.0,0,0,0.0,0.00795,0.00795,0.00795,,,61909200.0,,61909200.0
2021-08-23,57,206040161.0,0,0,0.0,0.0064,0.0064,0.0064,,,55049613.0,,55049613.0
2021-08-24,57,205279644.0,0,0,0.0,0.00441,0.00441,0.00441,,,38613336.0,,38613336.0
2021-08-25,57,205232776.0,0,0,0.0,0.00612,0.00612,0.00612,,,62016422.0,,62016422.0
2021-08-26,57,205278162.0,0,0,0.0,0.00614,0.00614,0.00614,,,50038289.0,,50038289.0
2021-08-27,57,205856338.0,0,0,0.0,0.00296,0.00296,0.00296,,,25369566.0,,25369566.0
2021-08-30,57,205908656.0,0,0,0.0,0.00715,0.00715,0.00715,,,42268678.0,,42268678.0
2021-08-31,57,205296943.0,0,0,0.0,0.00568,0.00568,0.00568,,,43382692.0,,43382692.0
2021-09-01,57,206293858.0,0,0,0.0,0.00316,0.00316,0.00316,,,36599795.0,,36599795.0
2021-09-02,57,206134364.0,0,0,0.0,0.00812,0.00812,0.00812,,,51175108.0,,51175108.0
2021-09-03,57,205442680.0,1,1,0.03509,0.00884,0.00437,0.00884,,,42227874.0,,42227874.0
2021-09-07,57,206010539.0,0,0,0.0,0.00246,0.00246,0.00246,,,23360289.0,,23360289.0
2021-09-08,57,205975747.0,0,0,0.0,0.00942,0.00942,0.00942,,,80502878.0,,80502878.0
2021-09-09,57,205713792.0,0,1,0.01754,0.00899,0.00899,0.00899,,,70986517.0,,70986517.0
2021-09-10,56,204953068.0,0,1,0.01786,0.00571,0.00571,0.00571,,,56320582.0,,56320582.0
2021-09-13,55,204670759.0,0,0,0.0,0.00324,0.00324,0.00324,,,26997844.0,,26997844.0
2021-09-14,55,204422602.0,0,3,0.05455,0.00989,0.00989,0.00989,,,85684477.0,,85684477.0
2021-09-15,52,203546148.0,0,0,0.0,0.00392,0.00392,0.00392,,,31121528.0,,31121528.0
2021-09-16,52,203670872.0,0,1,0.01923,0.00483,0.00483,0.00483,,,49232007.0,,49232007.0
2021-09-17,51,203965949.0,0,0,0.0,0.00261,0.00261,0.00261,,,19262729.0,,19262729.0
2021-09-20,51,204227878.0,0,0,0.0,0.00109,0.00109,0.00109,,,8434637.0,,8434637.0
2021-09-21,51,204373144.0,0,0,0.0,0.00665,0.00665,0.00665,,,53828748.0,,53828748.0
2021-09-22,51,203237583.0,0,0,0.0,0.00506,0.00506,0.00506,,,40741443.0,,40741443.0
2021-09-23,51,202822182.0,0,0,0.0,0.00697,0.00697,0.00697,,,56851339.0,,56851339.0
2021-09-24,51,203469592.0,0,0,0.0,0.00362,0.00362,0.00362,,,24199392.0,,24199392.0
2021-09-27,51,203803269.0,0,0,0.0,0.01193,0.01193,0.01193,,,86991037.0,,86991037.0
2021-09-28,51,201897835.0,0,0,0.0,0.00319,0.00319,0.00319,,,32899631.0,,32899631.0
2021-09-29,51,201591364.0,0,0,0.0,0.01095,0.01095,0.01095,,,81745502.0,,81745502.0
2021-09-30,51,200882943.0,0,0,0.0,0.00817,0.00817,0.00817,,,43293771.0,,43293771.0
2021-10-01,51,200830621.0,0,1,0.01961,0.00515,0.00515,0.00515,,,27875744.0,,27875744.0
2021-10-04,50,200270598.0,0,3,0.06,0.09405,0.01278,0.09405,,,426237496.0,,426237496.0
2021-10-05,47,181930050.0,3,1,0.08511,0.09595,0.00725,0.09595,,,402438027.0,,402438027.0
2021-10-06,49,198394638.0,0,0,0.0,0.00561,0.00561,0.00561,,,38283095.0,,38283095.0
2021-10-07,49,199216428.0,0,0,0.0,0.00763,0.00763,0.00763,,,73627535.0,,73627535.0
2021-10-08,49,198740901.0,0,1,0.02041,0.04384,0.04384,0.04384,,,89677736.0,,89677736.0
2021-10-11,48,190382388.0,0,0,0.0,0.00557,0.00557,0.00557,,,55053691.0,,55053691.0
2021-10-12,48,190959513.0,0,0,0.0,0.00668,0.00668,0.00668,,,58405744.0,,58405744.0
2021-10-13,48,191964893.0,0,0,0.0,0.00602,0.00602,0.00602,,,56516860.0,,56516860.0
2021-10-14,48,191485613.0,0,0,0.0,0.00185,0.00185,0.00185,,,40830267.0,,40830267.0
2021-10-15,48,191676806.0,0,0,0.0,0.00171,0.00171,0.00171,,,14079736.0,,14079736.0
2021-10-18,48,192005361.0,0,1,0.02083,0.00524,0.00523,0.00524,,,47033378.0,,47033378.0
2021-10-19,47,191180595.0,0,0,0.0,0.00167,0.00167,0.00167,,,5753235.0,,5753235.0
2021-10-20,47,191482346.0,0,0,0.0,0.01429,0.01429,0.01429,,,101829087.0,,101829087.0
2021-10-21,47,194209690.0,0,0,0.0,0.00111,0.00111,0.00111,,,8301989.0,,8301989.0
2021-10-22,47,194425907.0,0,0,0.0,0.00132,0.00132,0.00132,,,11067428.0,,11067428.0
2021-10-25,47,194682059.0,0,0,0.0,0.00535,0.00535,0.00535,,,46517810.0,,46517810.0
2021-10-26,47,195661939.0,0,0,0.0,0.00109,0.00109,0.00109,,,17949689.0,,17949689.0
2021-10-27,47,195814670.0,0,0,0.0,0.00194,0.00194,0.00194,,,41198511.0,,41198511.0
2021-10-28,47,196032521.0,0,0,0.0,0.00191,0.00191,0.00191,,,19811303.0,,19811303.0
2021-11-12,47,196026608.0,1,2,0.06383,0.06352,0.05057,0.06352,,,528721165.0,,528721165.0
2021-11-15,46,192836295.0,0,0,0.0,0.0053,0.0053,0.0053,,,40340068.0,,40340068.0
2021-11-16,46,191951314.0,0,0,0.0,0.01333,0.01333,0.01333,,,86917846.0,,86917846.0
2021-11-17,46,191510283.0,1,0,0.02174,0.01519,0.01509,0.01519,,,92474341.0,,92474341.0
2021-11-18,47,189340162.0,0,0,0.0,0.0121,0.0121,0.0121,,,76949634.0,,76949634.0
2021-11-19,47,187735369.0,0,0,0.0,0.01406,0.01406,0.01406,,,82049874.0,,82049874.0
2021-11-22,47,185646399.0,0,0,0.0,0.01785,0.01785,0.01785,,,102944048.0,,102944048.0
2021-11-23,47,183456838.0,0,0,0.0,0.01867,0.01867,0.01867,,,135875742.0,,135875742.0
2021-11-24,47,182520716.0,0,0,0.0,0.01695,0.01695,0.01695,,,105625604.0,,105625604.0
2021-11-26,47,182753180.0,0,0,0.0,0.0071,0.0071,0.0071,,,55020656.0,,55020656.0
2021-11-29,47,183461318.0,0,0,0.0,0.00087,0.00087,0.00087,,,2371096.0,,2371096.0
2021-11-30,47,183595653.0,0,0,0.0,0.00733,0.00733,0.00733,,,49879738.0,,49879738.0
2021-12-01,47,182836498.0,0,0,0.0,0.00448,0.00448,0.00448,,,28730242.0,,28730242.0
2021-12-02,47,182963469.0,0,0,0.0,0.0111,0.0111,0.0111,,,63277509.0,,63277509.0
2021-12-03,47,182578723.0,0,0,0.0,0.0068,0.0068,0.0068,,,38533587.0,,38533587.0
2021-12-06,47,181597328.0,0,0,0.0,0.01653,0.01653,0.01653,,,81294523.0,,81294523.0
2021-12-07,47,178630803.0,0,0,0.0,0.01456,0.01456,0.01456,,,52846472.0,,52846472.0
2021-12-08,47,176409801.0,0,0,0.0,0.02381,0.02381,0.02381,,,117051307.0,,117051307.0
2021-12-09,47,179274034.0,0,0,0.0,0.01277,0.01277,0.01277,,,70956823.0,,70956823.0
2021-12-10,47,181562614.0,0,0,0.0,0.00256,0.00256,0.00256,,,18107367.0,,18107367.0
2021-12-13,47,181654444.0,0,0,0.0,0.00203,0.00203,0.00203,,,14321456.0,,14321456.0
2021-12-14,47,181633837.0,0,0,0.0,0.01167,0.01167,0.01167,,,72907563.0,,72907563.0
2021-12-15,47,180240519.0,0,0,0.0,0.01803,0.01803,0.01803,,,78570844.0,,78570844.0
2021-12-16,47,177527101.0,0,0,0.0,0.00271,0.00271,0.00271,,,14974895.0,,14974895.0
2021-12-17,47,177292068.0,0,0,0.0,0.00084,0.00084,0.00084,,,1499077.0,,1499077.0
2021-12-20,47,177440864.0,0,0,0.0,0.00113,0.00113,0.00113,,,6258866.0,,6258866.0
2021-12-21,47,177265034.0,1,0,0.02128,0.00731,0.00722,0.00731,,,40483599.0,,40483599.0
2021-12-22,48,178516972.0,0,0,0.0,0.00655,0.00655,0.00655,,,35502544.0,,35502544.0
2021-12-23,48,177347012.0,0,0,0.0,0.00048,0.00048,0.00048,,,2644331.0,,2644331.0
2021-12-27,48,177319510.0,0,0,0.0,0.0002,0.0002,0.0002,,,985996.0,,985996.0
2021-12-28,48,177284242.0,0,0,0.0,0.0108,0.0108,0.0108,,,64588337.0,,64588337.0
2021-12-29,48,175369722.0,0,0,0.0,0.005,0.005,0.005,,,27705764.0,,27705764.0
2021-12-30,48,174869222.0,0,0,0.0,0.01003,0.01003,0.01003,,,59460175.0,,59460175.0
2021-12-31,48,173226287.0,0,1,0.02083,0.00433,0.00433,0.00433,,,27061817.0,,27061817.0
2022-01-03,47,172476910.0,0,0,0.0,0.00695,0.00695,0.00695,,,35426890.0,,35426890.0
2022-01-04,47,171369231.0,0,0,0.0,0.0212,0.0212,0.0212,,,109818930.0,,109818930.0
2022-01-05,47,175002953.0,0,0,0.0,0.02408,0.02408,0.02408,,,106701217.0,,106701217.0
2022-01-06,47,177669471.0,0,0,0.0,0.01722,0.01722,0.01722,,,71564218.0,,71564218.0
2022-01-07,47,176227327.0,0,0,0.0,0.0192,0.0192,0.0192,,,80895838.0,,80895838.0
2022-01-10,47,172950568.0,0,0,0.0,0.00796,0.00796,0.00796,,,25958160.0,,25958160.0
2022-01-11,47,172450850.0,0,0,0.0,0.01557,0.01557,0.01557,,,57501610.0,,57501610.0
2022-01-12,47,169965172.0,0,0,0.0,0.01789,0.01789,0.01789,,,61588930.0,,61588930.0
2022-01-13,47,171288491.0,0,0,0.0,0.00454,0.00454,0.00454,,,15545528.0,,15545528.0
2022-01-14,47,170859490.0,0,0,0.0,0.00483,0.00483,0.00483,,,27995582.0,,27995582.0
2022-01-18,47,170081274.0,0,0,0.0,0.00623,0.00623,0.00623,,,26739588.0,,26739588.0
2022-01-19,47,169539453.0,0,0,0.0,0.00618,0.00618,0.00618,,,23120438.0,,23120438.0
2022-01-20,47,169452517.0,0,0,0.0,0.00868,0.00868,0.00868,,,32989803.0,,32989803.0
2022-01-21,47,168015923.0,0,0,0.0,0.01863,0.01863,0.01863,,,66103689.0,,66103689.0
2022-01-24,47,165628344.0,0,0,0.0,0.01353,0.01353,0.01353,,,46873547.0,,46873547.0
2022-01-25,47,164114613.0,0,0,0.0,0.00496,0.00496,0.00496,,,14687699.0,,14687699.0
2022-01-26,47,164047959.0,0,0,0.0,0.0079,0.0079,0.0079,,,30083989.0,,30083989.0
2022-01-27,47,165328778.0,0,0,0.0,0.02106,0.02106,0.02106,,,78835157.0,,78835157.0
2022-01-28,47,168811178.0,0,0,0.0,0.01046,0.01046,0.01046,,,36950868.0,,36950868.0
2022-01-31,47,167448531.0,0,0,0.0,0.00377,0.00377,0.00377,,,18685079.0,,18685079.0
2022-02-01,47,167008232.0,0,0,0.0,0.01397,0.01397,0.01397,,,41590869.0,,41590869.0
2022-02-02,47,166241503.0,0,0,0.0,0.00297,0.00297,0.00297,,,13291322.0,,13291322.0
2022-02-03,47,165873035.0,0,0,0.0,0.00115,0.00115,0.00115,,,5320552.0,,5320552.0
2022-02-04,47,165778907.0,0,1,0.02128,0.00052,0.00052,0.00052,,,2466712.0,,2466712.0
2022-02-07,46,165865266.0,0,0,0.0,0.01061,0.01061,0.01061,,,46250402.0,,46250402.0
2022-02-08,46,164254862.0,0,0,0.0,0.00171,0.00171,0.00171,,,4945358.0,,4945358.0
2022-02-09,46,164111096.0,1,0,0.02174,0.00537,0.00487,0.00537,,,23403056.0,,23403056.0
2022-02-10,47,163735849.0,0,0,0.0,0.00554,0.00554,0.00554,,,18963148.0,,18963148.0
2022-02-11,47,163718678.0,0,0,0.0,0.00426,0.00426,0.00426,,,14869691.0,,14869691.0
2022-02-14,47,163843881.0,0,0,0.0,0.01016,0.01016,0.01016,,,42039623.0,,42039623.0
2022-02-15,47,162461703.0,0,0,0.0,0.0038,0.0038,0.0038,,,10988567.0,,10988567.0
2022-02-16,47,162171136.0,0,0,0.0,0.00251,0.00251,0.00251,,,7674894.0,,7674894.0
2022-02-17,47,161764715.0,0,0,0.0,0.00344,0.00344,0.00344,,,5589992.0,,5589992.0
2022-02-18,47,161596296.0,0,0,0.0,0.00249,0.00249,0.00249,,,20289689.0,,20289689.0
2022-02-22,47,161384581.0,0,0,0.0,0.00868,0.00868,0.00868,,,26063595.0,,26063595.0
2022-02-23,47,159984564.0,0,0,0.0,0.01911,0.01911,0.01911,,,60597760.0,,60597760.0
2022-02-24,47,157622857.0,0,0,0.0,0.02287,0.02287,0.02287,,,70181343.0,,70181343.0
2022-02-25,47,160817682.0,0,0,0.0,0.01088,0.01088,0.01088,,,34115815.0,,34115815.0
2022-02-28,47,161536645.0,0,1,0.02128,0.00518,0.00518,0.00518,,,9010502.0,,9010502.0
2022-03-01,46,161365477.0,0,0,0.0,0.02858,0.02858,0.02858,,,81777647.0,,81777647.0
2022-03-02,46,162599000.0,0,0,0.0,0.00345,0.00345,0.00345,,,14994313.0,,14994313.0
2022-03-03,46,162829238.0,0,0,0.0,0.00179,0.00179,0.00179,,,2459516.0,,2459516.0
2022-03-04,46,162958588.0,0,0,0.0,0.01522,0.01522,0.01522,,,70636736.0,,70636736.0
2022-03-07,46,161518662.0,0,0,0.0,0.02819,0.02819,0.02819,,,97028540.0,,97028540.0
2022-03-08,46,157348833.0,0,0,0.0,0.01039,0.01039,0.01039,,,32134779.0,,32134779.0
2022-03-09,46,156330519.0,0,1,0.02174,0.01436,0.01436,0.01436,,,24408055.0,,24408055.0
2022-03-10,45,154461461.0,0,0,0.0,0.00177,0.00177,0.00177,,,1256055.0,,1256055.0
2022-03-11,45,154226332.0,0,0,0.0,0.00138,0.00138,0.00138,,,2151743.0,,2151743.0
2022-03-14,45,154381855.0,0,0,0.0,0.0068,0.0068,0.0068,,,16019896.0,,16019896.0
2022-03-15,45,155408399.0,0,0,0.0,0.01204,0.01204,0.01204,,,40996443.0,,40996443.0
2022-03-16,45,155497011.0,0,0,0.0,0.00446,0.00446,0.00446,,,12825291.0,,12825291.0
2022-03-17,45,156190570.0,0,0,0.0,0.00332,0.00332,0.00332,,,10710959.0,,10710959.0
2022-03-18,45,155672278.0,0,0,0.0,0.0097,0.0097,0.0097,,,33544148.0,,33544148.0
2022-03-21,45,157153149.0,0,0,0.0,0.00515,0.00515,0.00515,,,17001900.0,,17001900.0
2022-03-22,45,157957938.0,0,0,0.0,0.00095,0.00095,0.00095,,,2526530.0,,2526530.0
2022-03-23,45,158092463.0,0,1,0.02222,0.00161,0.0016,0.00161,,,8289002.0,,8289002.0
2022-03-24,44,157931473.0,0,0,0.0,0.00307,0.00307,0.00307,,,11617602.0,,11617602.0
2022-03-25,44,158329197.0,0,0,0.0,0.00094,0.00094,0.00094,,,3709701.0,,3709701.0
2022-03-28,44,158459847.0,0,0,0.0,0.00144,0.00144,0.00144,,,6822813.0,,6822813.0
2022-03-29,44,158597314.0,0,0,0.0,0.00994,0.00994,0.00994,,,35681145.0,,35681145.0
2022-03-30,44,157294480.0,0,0,0.0,0.01923,0.01923,0.01923,,,65822840.0,,65822840.0
2022-03-31,44,160318787.0,0,0,0.0,0.00452,0.00452,0.00452,,,18945670.0,,18945670.0
2022-04-01,44,160132879.0,0,0,0.0,0.01728,0.01728,0.01728,,,76427479.0,,76427479.0
2022-04-04,44,158829611.0,0,0,0.0,0.0002,0.0002,0.0002,,,2383760.0,,2383760.0
2022-04-05,44,158860778.0,0,0,0.0,0.00262,0.00262,0.00262,,,7235941.0,,7235941.0
2022-04-06,44,159249063.0,0,0,0.0,0.00096,0.00096,0.00096,,,4158108.0,,4158108.0
2022-04-07,44,159401707.0,0,0,0.0,0.00316,0.00316,0.00316,,,11272719.0,,11272719.0
2022-04-08,44,158897883.0,0,0,0.0,0.00055,0.00055,0.00055,,,658113.0,,658113.0
2022-04-11,44,158985866.0,0,0,0.0,0.00761,0.00761,0.00761,,,26118657.0,,26118657.0
2022-04-12,44,157776015.0,0,0,0.0,0.00742,0.00742,0.00742,,,26532008.0,,26532008.0
2022-04-13,44,156730843.0,0,0,0.0,0.00583,0.00583,0.00583,,,18791715.0,,18791715.0
2022-04-14,44,156167828.0,0,0,0.0,0.00552,0.00552,0.00552,,,21741692.0,,21741692.0
2022-04-18,44,157011064.0,0,0,0.0,0.00471,0.00471,0.00471,,,16926268.0,,16926268.0
2022-04-19,44,157750321.0,0,0,0.0,0.00827,0.00827,0.00827,,,25715656.0,,25715656.0
2022-04-20,44,158970405.0,0,0,0.0,0.00353,0.00353,0.00353,,,12076127.0,,12076127.0
2022-04-21,44,158591413.0,0,0,0.0,0.00387,0.00387,0.00387,,,14035139.0,,14035139.0
2022-04-22,44,158145584.0,0,0,0.0,0.00874,0.00874,0.00874,,,25849298.0,,25849298.0
2022-04-25,44,157057553.0,0,0,0.0,0.00556,0.00556,0.00556,,,17658505.0,,17658505.0
2022-04-26,44,156691198.0,0,0,0.0,0.00364,0.00364,0.00364,,,9375583.0,,9375583.0
2022-04-27,44,156406412.0,0,0,0.0,0.00867,0.00867,0.00867,,,25523024.0,,25523024.0
2022-04-28,44,155068363.0,0,0,0.0,0.00177,0.00177,0.00177,,,2425054.0,,2425054.0
2022-04-29,44,155327608.0,0,0,0.0,0.00146,0.00146,0.00146,,,4694568.0,,4694568.0
2022-05-02,44,155547314.0,0,0,0.0,0.01118,0.01118,0.01118,,,41228191.0,,41228191.0
2022-05-03,44,156903321.0,0,0,0.0,0.00262,0.00262,0.00262,,,7151715.0,,7151715.0
2022-05-04,44,157312278.0,0,0,0.0,0.00521,0.00521,0.00521,,,14223013.0,,14223013.0
2022-05-05,44,158132142.0,0,0,0.0,0.003,0.003,0.003,,,7804454.0,,7804454.0
2022-05-06,44,158606264.0,0,0,0.0,0.00129,0.00129,0.00129,,,3428613.0,,3428613.0
2022-05-09,44,158401224.0,0,0,0.0,0.01036,0.01036,0.01036,,,26118727.0,,26118727.0
2022-05-10,44,156760755.0,0,0,0.0,0.00751,0.00751,0.00751,,,16647754.0,,16647754.0
2022-05-11,44,156143903.0,0,0,0.0,0.02139,0.02139,0.02139,,,42910842.0,,42910842.0
2022-05-12,44,157992761.0,0,0,0.0,0.01022,0.01022,0.01022,,,20735729.0,,20735729.0
2022-05-13,44,159185194.0,0,0,0.0,0.01808,0.01808,0.01808,,,41210674.0,,41210674.0
2022-05-16,44,161831664.0,0,1,0.02273,0.00141,0.00141,0.00141,,,3502175.0,,3502175.0
2022-05-17,43,162005159.0,0,0,0.0,0.0035,0.0035,0.0035,,,5989672.0,,5989672.0
2022-05-18,43,161438300.0,0,0,0.0,0.0046,0.0046,0.0046,,,12310269.0,,12310269.0
2022-05-19,43,160738850.0,0,0,0.0,0.00422,0.00422,0.00422,,,12634507.0,,12634507.0
2022-05-20,43,161383183.0,0,0,0.0,0.00158,0.00158,0.00158,,,4330412.0,,4330412.0
2022-05-23,43,161489497.0,0,0,0.0,0.00395,0.00395,0.00395,,,10645812.0,,10645812.0
2022-05-24,43,160871596.0,0,0,0.0,0.00921,0.00921,0.00921,,,23318892.0,,23318892.0
2022-05-25,43,161239624.0,0,0,0.0,0.00752,0.00752,0.00752,,,21075065.0,,21075065.0
2022-05-26,43,161573200.0,0,0,0.0,0.00521,0.00521,0.00521,,,12758938.0,,12758938.0
2022-05-27,43,161474894.0,0,0,0.0,0.00723,0.00723,0.00723,,,16532360.0,,16532360.0
2022-05-31,43,160986938.0,0,0,0.0,0.0184,0.0184,0.0184,,,46740757.0,,46740757.0
2022-06-01,43,158373018.0,0,0,0.0,0.01446,0.01446,0.01446,,,35719732.0,,35719732.0
2022-06-02,43,157148263.0,0,0,0.0,0.00633,0.00633,0.00633,,,15391869.0,,15391869.0
2022-06-03,43,157944101.0,0,0,0.0,0.00053,0.00053,0.00053,,,1174056.0,,1174056.0
2022-06-06,43,157860202.0,0,0,0.0,0.00925,0.00925,0.00925,,,19914654.0,,19914654.0
2022-06-07,43,159320176.0,0,0,0.0,0.00436,0.00436,0.00436,,,10714474.0,,10714474.0
2022-06-08,43,158631068.0,0,1,0.02326,0.00102,0.00101,0.00102,,,944250.0,,944250.0
2022-06-09,42,158470029.0,1,0,0.02381,0.00528,0.00418,0.00528,,,48223030.0,,48223030.0
2022-06-10,43,158686604.0,0,0,0.0,0.00577,0.00577,0.00577,,,14271485.0,,14271485.0
2022-06-13,43,159514763.0,0,0,0.0,0.00823,0.00823,0.00823,,,1981309.0,,1981309.0
2022-06-14,43,160826888.0,0,0,0.0,0.00313,0.00313,0.00313,,,2025776.0,,2025776.0
2022-06-15,43,161249446.0,0,0,0.0,0.00342,0.00342,0.00342,,,5673744.0,,5673744.0
2022-06-16,43,161032782.0,0,0,0.0,0.00526,0.00526,0.00526,,,10460351.0,,10460351.0
2022-06-17,43,161834890.0,0,0,0.0,0.00747,0.00747,0.00747,,,12933071.0,,12933071.0
2022-06-21,43,161238502.0,0,0,0.0,0.00712,0.00712,0.00712,,,16088787.0,,16088787.0
2022-06-22,43,160091229.0,0,0,0.0,0.01227,0.01227,0.01227,,,23432219.0,,23432219.0
2022-06-23,43,158126855.0,0,0,0.0,0.00722,0.00722,0.00722,,,3789252.0,,3789252.0
2022-06-28,43,157191859.0,0,0,0.0,0.0109,0.0109,0.0109,,,27402630.0,,27402630.0
2022-06-29,43,155478944.0,0,0,0.0,0.01063,0.01063,0.01063,,,25821070.0,,25821070.0
2022-06-30,43,153826057.0,0,0,0.0,0.00336,0.00336,0.00336,,,8017429.0,,8017429.0
2022-07-01,43,153309549.0,0,0,0.0,0.00999,0.00999,0.00999,,,23150270.0,,23150270.0
2022-07-05,43,154840368.0,0,0,0.0,0.00405,0.00405,0.00405,,,10463644.0,,10463644.0
2022-07-06,43,154231941.0,0,0,0.0,0.02435,0.02435,0.02435,,,65851521.0,,65851521.0
2022-07-07,43,157873319.0,0,1,0.02326,0.01734,0.01734,0.01734,,,40523211.0,,40523211.0
2022-07-08,42,160576795.0,0,0,0.0,0.02283,0.02283,0.02283,,,55636947.0,,55636947.0
2022-07-11,42,164236641.0,0,0,0.0,0.00303,0.00303,0.00303,,,3588061.0,,3588061.0
2022-07-12,42,164677987.0,0,0,0.0,0.00844,0.00844,0.00844,,,14384314.0,,14384314.0
2022-07-13,42,165351834.0,0,0,0.0,0.0083,0.0083,0.0083,,,17557815.0,,17557815.0
2022-07-14,42,166614520.0,0,0,0.0,0.00689,0.00689,0.00689,,,18321869.0,,18321869.0
2022-07-15,42,167635581.0,0,0,0.0,0.00329,0.00329,0.00329,,,4070812.0,,4070812.0
2022-07-18,42,168131577.0,0,0,0.0,0.00539,0.00539,0.00539,,,16722823.0,,16722823.0
2022-07-19,42,168272306.0,0,0,0.0,0.00267,0.00267,0.00267,,,4448802.0,,4448802.0
2022-07-20,42,168694639.0,0,0,0.0,0.00638,0.00638,0.00638,,,16468835.0,,16468835.0
2022-07-21,42,168063008.0,0,0,0.0,0.00659,0.00659,0.00659,,,20294681.0,,20294681.0
2022-07-22,42,169112720.0,0,0,0.0,0.0012,0.0012,0.0012,,,4268544.0,,4268544.0
2022-07-25,42,169315171.0,0,0,0.0,0.02308,0.02308,0.02308,,,60961277.0,,60961277.0
2022-07-26,42,166763693.0,1,0,0.02381,0.01108,0.0106,0.01108,,,35284158.0,,35284158.0
2022-07-27,43,166092605.0,0,0,0.0,0.01907,0.01907,0.01907,,,62478247.0,,62478247.0
2022-07-28,43,164318093.0,0,0,0.0,0.01296,0.01296,0.01296,,,36791076.0,,36791076.0
2022-07-29,43,162851352.0,0,0,0.0,0.0084,0.0084,0.0084,,,21728073.0,,21728073.0
2022-08-01,43,162910070.0,0,0,0.0,0.0092,0.0092,0.0092,,,27967019.0,,27967019.0
2022-08-02,43,161771836.0,0,0,0.0,0.00259,0.00259,0.00259,,,7113519.0,,7113519.0
2022-08-03,43,162190773.0,0,0,0.0,0.00036,0.00036,0.00036,,,1206710.0,,1206710.0
2022-08-04,43,162215230.0,0,0,0.0,0.00178,0.00178,0.00178,,,5811747.0,,5811747.0
2022-08-05,43,161926891.0,0,0,0.0,0.00208,0.00208,0.00208,,,5565891.0,,5565891.0
2022-08-08,43,162206615.0,0,0,0.0,0.01079,0.01079,0.01079,,,33060314.0,,33060314.0
2022-08-09,43,163623742.0,0,0,0.0,0.00849,0.00849,0.00849,,,28710262.0,,28710262.0
2022-08-10,43,162849742.0,0,0,0.0,0.00198,0.00198,0.00198,,,4945850.0,,4945850.0
2022-08-11,43,162827495.0,0,0,0.0,0.00142,0.00142,0.00142,,,3510676.0,,3510676.0
2022-08-12,43,162888231.0,0,0,0.0,0.00742,0.00742,0.00742,,,27741870.0,,27741870.0
2022-08-15,43,162261500.0,0,0,0.0,0.00609,0.00609,0.00609,,,21815989.0,,21815989.0
2022-08-16,43,162636699.0,0,0,0.0,0.00548,0.00548,0.00548,,,21147994.0,,21147994.0
2022-08-17,43,161745401.0,0,0,0.0,0.00789,0.00789,0.00789,,,29777206.0,,29777206.0
2022-08-18,43,160513212.0,0,0,0.0,0.00814,0.00814,0.00814,,,23778366.0,,23778366.0
2022-08-19,43,160049087.0,0,0,0.0,0.00745,0.00745,0.00745,,,28924217.0,,28924217.0
2022-08-22,43,159484584.0,0,0,0.0,0.00344,0.00344,0.00344,,,9892369.0,,9892369.0
2022-08-23,43,159140078.0,1,0,0.02326,0.01821,0.01793,0.01821,,,53325094.0,,53325094.0
2022-08-24,44,159985765.0,0,0,0.0,0.01056,0.01056,0.01056,,,34892539.0,,34892539.0
2022-08-25,44,158833216.0,0,0,0.0,0.00688,0.00688,0.00688,,,22323198.0,,22323198.0
2022-08-26,44,158644373.0,0,0,0.0,0.00333,0.00333,0.00333,,,11087770.0,,11087770.0
2022-08-29,44,158731213.0,0,0,0.0,0.0144,0.0144,0.0144,,,33844712.0,,33844712.0
2022-08-30,44,160856261.0,0,0,0.0,0.01311,0.01311,0.01311,,,37594479.0,,37594479.0
2022-08-31,44,162826385.0,0,0,0.0,0.01403,0.01403,0.01403,,,37202643.0,,37202643.0
2022-09-01,44,160931982.0,0,0,0.0,0.00624,0.00624,0.00624,,,17463278.0,,17463278.0
2022-09-02,44,159928017.0,0,0,0.0,0.00369,0.00369,0.00369,,,9925176.0,,9925176.0
2022-09-06,44,160168053.0,0,0,0.0,0.00473,0.00473,0.00473,,,12051604.0,,12051604.0
2022-09-07,44,160750338.0,0,0,0.0,0.01213,0.01213,0.01213,,,25451177.0,,25451177.0
2022-09-08,44,161120156.0,0,0,0.0,0.00519,0.00519,0.00519,,,15869611.0,,15869611.0
2022-09-09,44,160476548.0,0,0,0.0,0.00373,0.00373,0.00373,,,12159830.0,,12159830.0
2022-09-12,44,159878191.0,0,0,0.0,0.00214,0.00214,0.00214,,,5898107.0,,5898107.0
2022-09-13,44,160188633.0,0,0,0.0,0.00459,0.00459,0.00459,,,14219707.0,,14219707.0
2022-09-14,44,160662475.0,0,0,0.0,0.00967,0.00967,0.00967,,,38687271.0,,38687271.0
2022-09-15,44,160905972.0,0,1,0.02273,0.00511,0.00511,0.00511,,,19908683.0,,19908683.0
2022-09-16,43,161003737.0,0,0,0.0,0.00423,0.00423,0.00423,,,11602156.0,,11602156.0
2022-09-19,43,160450005.0,0,0,0.0,0.01132,0.01132,0.01132,,,35145749.0,,35145749.0
2022-09-20,43,159042594.0,0,0,0.0,0.00299,0.00299,0.00299,,,13768377.0,,13768377.0
2022-09-21,43,159008836.0,0,0,0.0,0.00869,0.00869,0.00869,,,29865688.0,,29865688.0
2022-09-22,43,158916761.0,0,0,0.0,0.00767,0.00767,0.00767,,,19432389.0,,19432389.0
2022-09-23,43,157712199.0,0,0,0.0,0.0097,0.0097,0.0097,,,30729544.0,,30729544.0
2022-09-26,43,156253380.0,0,0,0.0,0.00979,0.00979,0.00979,,,32886544.0,,32886544.0
2022-09-27,43,155040431.0,1,0,0.02326,0.01492,0.01373,0.01492,,,68463968.0,,68463968.0
2022-09-28,44,155436707.0,0,0,0.0,0.00016,0.00016,0.00016,,,502476.0,,502476.0
2022-09-29,44,155460903.0,0,0,0.0,0.0146,0.0146,0.0146,,,35719014.0,,35719014.0
2022-09-30,44,157675987.0,0,0,0.0,0.00157,0.00157,0.00157,,,8413043.0,,8413043.0
2022-10-03,44,157873276.0,0,0,0.0,0.00821,0.00821,0.00821,,,19267381.0,,19267381.0
2022-10-04,44,156833094.0,0,0,0.0,0.01021,0.01021,0.01021,,,24425609.0,,24425609.0
2022-10-05,44,155231357.0,0,0,0.0,0.01885,0.01885,0.01885,,,48031448.0,,48031448.0
2022-10-06,44,158158019.0,0,0,0.0,0.00066,0.00066,0.00066,,,1734159.0,,1734159.0
2022-10-07,44,158055686.0,0,0,0.0,0.00332,0.00332,0.00332,,,8496714.0,,8496714.0
2022-10-10,44,157541732.0,0,0,0.0,0.00919,0.00919,0.00919,,,21057765.0,,21057765.0
2022-10-11,44,156242458.0,0,0,0.0,0.00707,0.00707,0.00707,,,18365828.0,,18365828.0
2022-10-12,44,155488605.0,0,0,0.0,0.00517,0.00517,0.00517,,,14925306.0,,14925306.0
2022-10-13,44,155737767.0,0,0,0.0,0.00994,0.00994,0.00994,,,24340384.0,,24340384.0
2022-10-14,44,155007393.0,0,0,0.0,0.00795,0.00795,0.00795,,,19137434.0,,19137434.0
2022-10-17,44,153972426.0,0,0,0.0,0.01236,0.01236,0.01236,,,26803089.0,,26803089.0
2022-10-18,44,152854771.0,0,0,0.0,0.00216,0.00216,0.00216,,,5843453.0,,5843453.0
2022-10-19,44,152545447.0,0,0,0.0,0.00412,0.00412,0.00412,,,8597710.0,,8597710.0
2022-10-20,44,153160758.0,0,0,0.0,0.00449,0.00449,0.00449,,,9481411.0,,9481411.0
2022-10-21,44,153796357.0,1,1,0.04545,0.05939,0.00732,0.05939,,,63369594.0,,63369594.0
2022-10-24,44,147897961.0,0,0,0.0,0.00717,0.00717,0.00717,,,15947986.0,,15947986.0
2022-10-25,44,146837625.0,0,0,0.0,0.00695,0.00695,0.00695,,,19613417.0,,19613417.0
2022-10-26,44,146477410.0,0,0,0.0,0.00285,0.00285,0.00285,,,7384715.0,,7384715.0
2022-10-27,44,146148449.0,0,0,0.0,0.00232,0.00232,0.00232,,,5469293.0,,5469293.0
2022-10-28,44,146106878.0,0,0,0.0,0.00134,0.00134,0.00134,,,3007293.0,,3007293.0
2022-10-31,44,146231929.0,0,0,0.0,0.00111,0.00111,0.00111,,,3772311.0,,3772311.0
2022-11-01,44,146169676.0,0,0,0.0,0.00187,0.00187,0.00187,,,4682268.0,,4682268.0
2022-11-02,44,146004002.0,0,0,0.0,0.00075,0.00075,0.00075,,,3008902.0,,3008902.0
2022-11-03,44,145983088.0,0,0,0.0,0.00749,0.00749,0.00749,,,15473820.0,,15473820.0
2022-11-04,44,147047834.0,0,0,0.0,0.01171,0.01171,0.01171,,,19224092.0,,19224092.0
2022-11-07,44,147213110.0,0,0,0.0,0.00408,0.00408,0.00408,,,6133006.0,,6133006.0
2022-11-08,44,147764041.0,0,0,0.0,0.00323,0.00323,0.00323,,,8400902.0,,8400902.0
2022-11-09,44,148141985.0,0,0,0.0,0.00065,0.00065,0.00065,,,2117864.0,,2117864.0
2022-11-10,44,148186470.0,0,0,0.0,0.00267,0.00267,0.00267,,,5629718.0,,5629718.0
2022-11-11,44,148011592.0,0,0,0.0,0.01293,0.01293,0.01293,,,30705723.0,,30705723.0
2022-11-14,44,149925509.0,0,0,0.0,0.01351,0.01351,0.01351,,,34479748.0,,34479748.0
2022-11-15,44,151929105.0,0,0,0.0,0.00131,0.00131,0.00131,,,2880673.0,,2880673.0
2022-11-16,44,152077937.0,0,0,0.0,0.00796,0.00796,0.00796,,,20745678.0,,20745678.0
2022-11-17,44,153114657.0,0,0,0.0,0.00179,0.00179,0.00179,,,5063166.0,,5063166.0
2022-11-18,44,153260490.0,0,0,0.0,0.00959,0.00959,0.00959,,,27988351.0,,27988351.0
2022-11-21,44,154554625.0,0,0,0.0,0.01143,0.01143,0.01143,,,26700365.0,,26700365.0
2022-11-22,44,152822261.0,0,0,0.0,0.00741,0.00741,0.00741,,,17293520.0,,17293520.0
2022-11-23,44,152929952.0,0,0,0.0,0.00634,0.00634,0.00634,,,14426758.0,,14426758.0
2022-11-25,44,151989908.0,0,0,0.0,0.0,0.0,0.0,,,0.0,,0.0
2022-11-28,44,151989908.0,0,0,0.0,0.00013,0.00013,0.00013,,,505246.0,,505246.0
2022-11-29,44,151970552.0,0,0,0.0,0.00846,0.00846,0.00846,,,18478024.0,,18478024.0
2022-11-30,44,150726696.0,0,0,0.0,0.01284,0.01284,0.01284,,,27496866.0,,27496866.0
2022-12-01,44,148792065.0,0,0,0.0,0.01676,0.01676,0.01676,,,37603676.0,,37603676.0
2022-12-02,44,146471367.0,0,0,0.0,0.00023,0.00023,0.00023,,,884783.0,,884783.0
2022-12-05,44,146438210.0,0,0,0.0,0.00131,0.00131,0.00131,,,3510953.0,,3510953.0
2022-12-06,44,146247018.0,0,0,0.0,0.00913,0.00913,0.00913,,,17515528.0,,17515528.0
2022-12-07,44,146730081.0,0,0,0.0,0.00615,0.00615,0.00615,,,13374920.0,,13374920.0
2022-12-08,44,145955286.0,0,0,0.0,0.00506,0.00506,0.00506,,,10591060.0,,10591060.0
2022-12-09,44,145237757.0,0,1,0.02273,0.00013,0.00013,0.00013,,,614445.0,,614445.0
2022-12-12,43,145255270.0,0,0,0.0,0.00995,0.00995,0.00995,,,20061793.0,,20061793.0
2022-12-13,43,143813565.0,0,0,0.0,9e-05,9e-05,9e-05,,,276879.0,,276879.0
2022-12-14,43,143825251.0,0,0,0.0,0.00968,0.00968,0.00968,,,19899141.0,,19899141.0
2022-12-15,43,145103984.0,0,0,0.0,0.00089,0.00089,0.00089,,,1774493.0,,1774493.0
2022-12-16,43,145223746.0,0,0,0.0,0.00291,0.00291,0.00291,,,5860228.0,,5860228.0
2022-12-19,43,144812036.0,0,0,0.0,0.00208,0.00208,0.00208,,,4826437.0,,4826437.0
2022-12-20,43,144510569.0,0,0,0.0,0.00291,0.00291,0.00291,,,6122250.0,,6122250.0
2022-12-21,43,144113703.0,0,0,0.0,0.0062,0.0062,0.0062,,,13845695.0,,13845695.0
2022-12-22,43,145007320.0,0,0,0.0,0.01283,0.01283,0.01283,,,25170715.0,,25170715.0
2022-12-23,43,143157745.0,0,0,0.0,0.00843,0.00843,0.00843,,,17323343.0,,17323343.0
2022-12-27,43,144364751.0,0,0,0.0,0.00438,0.00438,0.00438,,,8085509.0,,8085509.0
2022-12-28,43,143732036.0,0,0,0.0,0.00253,0.00253,0.00253,,,4390827.0,,4390827.0
2022-12-29,43,143367696.0,0,0,0.0,0.00099,0.00099,0.00099,,,1898191.0,,1898191.0
2022-12-30,43,143454274.0,0,0,0.0,0.0106,0.0106,0.0106,,,17965979.0,,17965979.0
2023-01-03,43,141953475.0,0,0,0.0,0.01207,0.01207,0.01207,,,20801376.0,,20801376.0
2023-01-04,43,140240706.0,0,0,0.0,0.02492,0.02492,0.02492,,,39442201.0,,39442201.0
2023-01-05,43,139185813.0,0,0,0.0,0.00556,0.00556,0.00556,,,10856734.0,,10856734.0
2023-01-06,43,138952926.0,0,0,0.0,0.00652,0.00652,0.00652,,,12798456.0,,12798456.0
2023-01-09,43,139859325.0,0,0,0.0,0.00669,0.00669,0.00669,,,12434991.0,,12434991.0
2023-01-10,43,140783409.0,0,0,0.0,0.00376,0.00376,0.00376,,,7050425.0,,7050425.0
2023-01-11,43,141114907.0,0,0,0.0,0.01368,0.01368,0.01368,,,23994234.0,,23994234.0
2023-01-12,43,141375707.0,0,0,0.0,0.00312,0.00312,0.00312,,,4670591.0,,4670591.0
2023-01-13,43,141658875.0,0,0,0.0,0.01219,0.01219,0.01219,,,10143623.0,,10143623.0
2023-01-17,43,141022726.0,0,0,0.0,0.00269,0.00269,0.00269,,,6388048.0,,6388048.0
2023-01-18,43,141320237.0,0,0,0.0,0.01135,0.01135,0.01135,,,10876839.0,,10876839.0
2023-01-19,43,140603863.0,0,0,0.0,0.01492,0.01492,0.01492,,,14684346.0,,14684346.0
2023-01-20,43,140528670.0,0,0,0.0,0.01291,0.01291,0.01291,,,12672672.0,,12672672.0
2023-01-23,43,141535323.0,0,0,0.0,0.01039,0.01039,0.01039,,,16731561.0,,16731561.0
2023-01-24,43,140882284.0,0,1,0.02326,0.00689,0.00689,0.00689,,,10971089.0,,10971089.0
2023-01-25,42,141140348.0,0,0,0.0,0.00257,0.00257,0.00257,,,6255975.0,,6255975.0
2023-01-26,42,141174031.0,0,0,0.0,0.00745,0.00745,0.00745,,,24594513.0,,24594513.0
2023-01-27,42,141002918.0,0,0,0.0,0.0026,0.0026,0.0026,,,6446856.0,,6446856.0
2023-01-30,42,141328325.0,0,0,0.0,0.00283,0.00283,0.00283,,,6873227.0,,6873227.0
2023-01-31,42,141177282.0,0,0,0.0,0.00474,0.00474,0.00474,,,10909274.0,,10909274.0
2023-02-01,42,141110061.0,0,0,0.0,0.01021,0.01021,0.01021,,,9538896.0,,9538896.0
2023-02-02,42,141915772.0,0,0,0.0,0.00538,0.00538,0.00538,,,12512538.0,,12512538.0
2023-02-03,42,141315719.0,0,0,0.0,0.01524,0.01524,0.01524,,,36575283.0,,36575283.0
2023-02-06,42,143460084.0,0,0,0.0,0.00406,0.00406,0.00406,,,10397457.0,,10397457.0
2023-02-07,42,143028049.0,0,0,0.0,0.00254,0.00254,0.00254,,,12112943.0,,12112943.0
2023-02-08,42,143300617.0,0,0,0.0,0.0046,0.0046,0.0046,,,10856638.0,,10856638.0
2023-02-09,42,143959520.0,0,0,0.0,0.00383,0.00383,0.00383,,,8421032.0,,8421032.0
2023-02-10,42,143689219.0,0,0,0.0,0.00471,0.00471,0.00471,,,10679307.0,,10679307.0
2023-02-13,42,143195468.0,0,0,0.0,0.0013,0.0013,0.0013,,,3867367.0,,3867367.0
2023-02-14,42,143316017.0,0,0,0.0,0.00674,0.00674,0.00674,,,15015700.0,,15015700.0
2023-02-15,42,142350158.0,0,0,0.0,0.0038,0.0038,0.0038,,,8304596.0,,8304596.0
2023-02-16,42,141809169.0,0,0,0.0,0.00305,0.00305,0.00305,,,6702240.0,,6702240.0
2023-02-17,42,141377138.0,0,0,0.0,0.0053,0.0053,0.0053,,,11351439.0,,11351439.0
2023-02-21,42,140628008.0,0,0,0.0,0.0137,0.0137,0.0137,,,29182441.0,,29182441.0
2023-02-22,42,138701490.0,0,0,0.0,0.00924,0.00924,0.00924,,,16208955.0,,16208955.0
2023-02-23,42,139982840.0,0,0,0.0,0.00931,0.00931,0.00931,,,18630109.0,,18630109.0
2023-02-24,42,141273970.0,0,0,0.0,0.00066,0.00066,0.00066,,,735802.0,,735802.0
2023-02-27,42,141275484.0,0,0,0.0,0.00887,0.00887,0.00887,,,22872955.0,,22872955.0
2023-02-28,42,140316090.0,0,0,0.0,0.003,0.003,0.003,,,5446707.0,,5446707.0
2023-03-01,42,140288984.0,0,0,0.0,0.0043,0.0043,0.0043,,,6425994.0,,6425994.0
2023-03-02,42,139725637.0,0,0,0.0,0.00267,0.00267,0.00267,,,2440626.0,,2440626.0
2023-03-03,42,139921194.0,0,0,0.0,0.00352,0.00352,0.00352,,,7224766.0,,7224766.0
2023-03-06,42,139548516.0,0,0,0.0,0.00464,0.00464,0.00464,,,3958571.0,,3958571.0
2023-03-07,42,139647659.0,0,0,0.0,0.00368,0.00368,0.00368,,,4987956.0,,4987956.0
2023-03-08,42,139515683.0,0,0,0.0,0.00517,0.00517,0.00517,,,7620284.0,,7620284.0
2023-03-09,42,139943195.0,0,1,0.02381,0.00726,0.00726,0.00726,,,13404491.0,,13404491.0
2023-03-10,41,140919066.0,0,0,0.0,0.01325,0.01325,0.01325,,,23426769.0,,23426769.0
2023-03-13,41,142785951.0,0,0,0.0,0.00429,0.00429,0.00429,,,6120125.0,,6120125.0
2023-03-14,41,142739590.0,0,0,0.0,0.00418,0.00418,0.00418,,,7047773.0,,7047773.0
2023-03-15,41,143328470.0,0,0,0.0,0.00332,0.00332,0.00332,,,5953306.0,,5953306.0
2023-03-16,41,143786909.0,0,0,0.0,0.00389,0.00389,0.00389,,,7445756.0,,7445756.0
2023-03-17,41,143269411.0,0,0,0.0,0.00152,0.00152,0.00152,,,2897229.0,,2897229.0
2023-03-20,41,143487105.0,0,0,0.0,0.00218,0.00218,0.00218,,,4246148.0,,4246148.0
2023-03-21,41,143190342.0,0,0,0.0,0.0151,0.0151,0.0151,,,30469296.0,,30469296.0
2023-03-22,41,141037180.0,0,0,0.0,0.00033,0.00033,0.00033,,,1620591.0,,1620591.0
2023-03-23,41,141012400.0,0,0,0.0,0.00327,0.00327,0.00327,,,6245303.0,,6245303.0
2023-03-24,41,141456263.0,0,0,0.0,0.00063,0.00063,0.00063,,,1166131.0,,1166131.0
2023-03-27,41,141442115.0,0,0,0.0,0.0,0.0,0.0,,,0.0,,0.0
2023-03-28,41,141442115.0,0,0,0.0,0.00237,0.00237,0.00237,,,4569749.0,,4569749.0
2023-03-29,41,141145036.0,0,0,0.0,0.01085,0.01085,0.01085,,,9151084.0,,9151084.0
2023-03-30,41,139773256.0,0,0,0.0,0.01199,0.01199,0.01199,,,22236934.0,,22236934.0
2023-03-31,41,138113768.0,0,0,0.0,0.00631,0.00631,0.00631,,,11155921.0,,11155921.0
2023-04-03,41,138974531.0,0,0,0.0,0.01509,0.01509,0.01509,,,26892355.0,,26892355.0
2023-04-04,41,141040316.0,0,1,0.02439,0.00138,0.00138,0.00138,,,2683884.0,,2683884.0
2023-04-05,40,141028466.0,0,0,0.0,0.02893,0.02893,0.02893,,,32794931.0,,32794931.0
2023-04-06,40,142036569.0,0,0,0.0,0.01512,0.01512,0.01512,,,21757146.0,,21757146.0
2023-04-10,40,142142714.0,0,0,0.0,0.00064,0.00064,0.00064,,,4168770.0,,4168770.0
2023-04-11,40,142125280.0,0,0,0.0,0.00028,0.00028,0.00028,,,1113140.0,,1113140.0
2023-04-12,40,142147584.0,0,0,0.0,0.00312,0.00312,0.00312,,,6531242.0,,6531242.0
2023-04-13,40,141704270.0,0,0,0.0,0.00295,0.00295,0.00295,,,5282493.0,,5282493.0
2023-04-14,40,141332231.0,0,0,0.0,0.00628,0.00628,0.00628,,,12832183.0,,12832183.0
2023-04-17,40,140444503.0,0,0,0.0,0.0056,0.0056,0.0056,,,11088344.0,,11088344.0
2023-04-18,40,141230973.0,0,0,0.0,0.00866,0.00866,0.00866,,,17205905.0,,17205905.0
2023-04-19,40,142454553.0,0,0,0.0,0.00648,0.00648,0.00648,,,12912465.0,,12912465.0
2023-04-20,40,143377530.0,0,0,0.0,0.00641,0.00641,0.00641,,,12975064.0,,12975064.0
2023-04-21,40,144296614.0,0,0,0.0,5e-05,5e-05,5e-05,,,222799.0,,222799.0
2023-04-24,40,144302057.0,0,0,0.0,0.00838,0.00838,0.00838,,,16947517.0,,16947517.0
2023-04-25,40,143104718.0,0,0,0.0,0.00454,0.00454,0.00454,,,9491199.0,,9491199.0
2023-04-26,40,143723671.0,0,0,0.0,0.00128,0.00128,0.00128,,,2064761.0,,2064761.0
2023-04-27,40,143901906.0,0,0,0.0,0.00752,0.00752,0.00752,,,15785552.0,,15785552.0
2023-04-28,40,142841468.0,0,0,0.0,0.00096,0.00096,0.00096,,,2939955.0,,2939955.0
2023-05-01,40,142720929.0,0,0,0.0,0.0042,0.0042,0.0042,,,12782044.0,,12782044.0
2023-05-02,40,142593487.0,0,0,0.0,0.00824,0.00824,0.00824,,,15214295.0,,15214295.0
2023-05-03,40,141418906.0,0,0,0.0,0.00232,0.00232,0.00232,,,1596491.0,,1596491.0
2023-05-04,40,141746916.0,0,0,0.0,0.00556,0.00556,0.00556,,,11514600.0,,11514600.0
2023-05-05,40,141090819.0,0,0,0.0,0.00021,0.00021,0.00021,,,635657.0,,635657.0
2023-05-08,40,141109351.0,0,0,0.0,0.00468,0.00468,0.00468,,,15082228.0,,15082228.0
2023-05-09,40,140799421.0,0,0,0.0,0.0069,0.0069,0.0069,,,11812785.0,,11812785.0
2023-05-10,40,141724415.0,0,0,0.0,0.00488,0.00488,0.00488,,,10666442.0,,10666442.0
2023-05-11,40,141958095.0,0,0,0.0,0.00613,0.00613,0.00613,,,9962947.0,,9962947.0
2023-05-12,40,142810864.0,0,0,0.0,0.00877,0.00877,0.00877,,,16878242.0,,16878242.0
2023-05-15,40,143945408.0,0,0,0.0,0.00452,0.00452,0.00452,,,8781535.0,,8781535.0
2023-05-16,40,143376631.0,0,0,0.0,0.02021,0.02021,0.02021,,,39043236.0,,39043236.0
2023-05-17,40,146274265.0,0,0,0.0,0.00384,0.00384,0.00384,,,7416002.0,,7416002.0
2023-05-18,40,146835997.0,0,0,0.0,0.0,0.0,0.0,,,0.0,,0.0
2023-05-19,40,146835997.0,0,0,0.0,0.00765,0.00765,0.00765,,,15182405.0,,15182405.0
2023-05-22,40,145712512.0,0,0,0.0,0.0,0.0,0.0,,,0.0,,0.0
2023-05-23,40,145712512.0,0,0,0.0,0.01394,0.01394,0.01394,,,29946089.0,,29946089.0
2023-05-24,40,143681150.0,0,0,0.0,0.00857,0.00857,0.00857,,,16652840.0,,16652840.0
2023-05-25,40,144903630.0,0,0,0.0,0.00229,0.00229,0.00229,,,5544722.0,,5544722.0
2023-05-26,40,145108841.0,0,0,0.0,0.00743,0.00743,0.00743,,,23781054.0,,23781054.0
2023-05-30,40,146101450.0,0,0,0.0,0.00049,0.00049,0.00049,,,1440876.0,,1440876.0
2023-05-31,40,146114712.0,0,0,0.0,0.00102,0.00102,0.00102,,,1726724.0,,1726724.0
2023-06-01,40,146223187.0,0,0,0.0,0.01381,0.01381,0.01381,,,29138148.0,,29138148.0
2023-06-02,40,144389417.0,0,0,0.0,0.00111,0.00111,0.00111,,,3305196.0,,3305196.0
2023-06-05,40,144394616.0,0,0,0.0,0.00438,0.00438,0.00438,,,8185023.0,,8185023.0
2023-06-06,40,145025913.0,0,0,0.0,0.00696,0.00696,0.00696,,,11675766.0,,11675766.0
2023-06-07,40,146032815.0,0,0,0.0,0.00179,0.00179,0.00179,,,3974627.0,,3974627.0
2023-06-08,40,146233125.0,0,0,0.0,0.00931,0.00931,0.00931,,,20129027.0,,20129027.0
2023-06-09,40,144871637.0,0,0,0.0,8e-05,8e-05,8e-05,,,520147.0,,520147.0
2023-06-12,40,144883633.0,0,0,0.0,0.00157,0.00157,0.00157,,,3307446.0,,3307446.0
2023-06-13,40,144656358.0,0,0,0.0,0.0,0.0,0.0,,,0.0,,0.0
2023-06-14,40,144656358.0,0,0,0.0,0.00157,0.00157,0.00157,,,3503880.0,,3503880.0
2023-06-15,40,144429118.0,0,0,0.0,0.0,0.0,0.0,,,0.0,,0.0
2023-06-16,40,144429118.0,0,0,0.0,0.00083,0.00083,0.00083,,,1874975.0,,1874975.0
2023-06-20,40,144326005.0,0,0,0.0,0.00262,0.00262,0.00262,,,4695793.0,,4695793.0
2023-06-21,40,144279276.0,0,0,0.0,0.01804,0.01804,0.01804,,,24219164.0,,24219164.0
2023-06-22,40,142181023.0,0,0,0.0,0.02256,0.02256,0.02256,,,21688460.0,,21688460.0
2023-06-23,40,139755185.0,0,0,0.0,0.0028,0.0028,0.0028,,,839575.0,,839575.0
2023-06-26,40,139646875.0,0,0,0.0,0.01336,0.01336,0.01336,,,12949723.0,,12949723.0
2023-06-27,40,140534434.0,0,0,0.0,0.01064,0.01064,0.01064,,,17501978.0,,17501978.0
2023-06-28,40,141971132.0,0,0,0.0,0.00408,0.00408,0.00408,,,4555610.0,,4555610.0
2023-06-29,40,141641011.0,0,0,0.0,0.00349,0.00349,0.00349,,,8494678.0,,8494678.0
2023-06-30,40,142036060.0,0,0,0.0,0.00193,0.00193,0.00193,,,3690269.0,,3690269.0
2023-07-03,40,142310129.0,0,0,0.0,0.00084,0.00084,0.00084,,,1849763.0,,1849763.0
2023-07-05,40,142229292.0,0,0,0.0,0.00044,0.00044,0.00044,,,127333.0,,127333.0
2023-07-06,40,142291309.0,0,0,0.0,0.00645,0.00645,0.00645,,,7299175.0,,7299175.0
2023-07-07,40,142323308.0,0,0,0.0,0.00075,0.00075,0.00075,,,542131.0,,542131.0
2023-07-10,40,142429889.0,0,0,0.0,0.00378,0.00378,0.00378,,,5175841.0,,5175841.0
2023-07-11,40,141909568.0,0,0,0.0,0.00668,0.00668,0.00668,,,10104709.0,,10104709.0
2023-07-12,40,141953861.0,0,0,0.0,0.00355,0.00355,0.00355,,,6888197.0,,6888197.0
2023-07-13,40,141896365.0,0,0,0.0,0.01413,0.01413,0.01413,,,28175291.0,,28175291.0
2023-07-14,40,143346197.0,0,0,0.0,0.01461,0.01461,0.01461,,,13026244.0,,13026244.0
2023-07-17,40,145204532.0,0,0,0.0,0.00319,0.00319,0.00319,,,6638256.0,,6638256.0
2023-07-18,40,145507969.0,0,0,0.0,0.00199,0.00199,0.00199,,,324303.0,,324303.0
2023-07-19,40,145232761.0,0,0,0.0,0.0076,0.0076,0.0076,,,16976919.0,,16976919.0
2023-07-20,40,146150983.0,0,0,0.0,0.0031,0.0031,0.0031,,,7596857.0,,7596857.0
2023-07-21,40,146596886.0,0,0,0.0,0.00919,0.00919,0.00919,,,21819213.0,,21819213.0
2023-07-24,40,145249038.0,0,0,0.0,0.00389,0.00389,0.00389,,,9234943.0,,9234943.0
2023-07-25,40,145806667.0,0,0,0.0,0.00222,0.00222,0.00222,,,14898569.0,,14898569.0
2023-07-26,40,145628234.0,0,0,0.0,0.00313,0.00313,0.00313,,,19430155.0,,19430155.0
2023-07-27,40,145468743.0,0,0,0.0,0.00542,0.00542,0.00542,,,11004466.0,,11004466.0
2023-07-28,40,146002701.0,0,0,0.0,0.00018,0.00018,0.00018,,,668158.0,,668158.0
2023-07-31,40,146026863.0,0,0,0.0,0.00294,0.00294,0.00294,,,4140881.0,,4140881.0
2023-08-01,40,145597231.0,0,0,0.0,0.01202,0.01202,0.01202,,,28839269.0,,28839269.0
2023-08-02,40,147202083.0,0,1,0.025,0.0,0.0,0.0,,,782.0,,782.0
2023-08-03,39,147201918.0,0,0,0.0,0.00039,0.00039,0.00039,,,969649.0,,969649.0
2023-08-04,39,147201677.0,0,0,0.0,0.00325,0.00325,0.00325,,,8003636.0,,8003636.0
2023-08-07,39,147651185.0,0,0,0.0,0.00509,0.00509,0.00509,,,13464330.0,,13464330.0
2023-08-08,39,147342590.0,0,0,0.0,0.00364,0.00364,0.00364,,,7212372.0,,7212372.0
2023-08-09,39,147512524.0,0,0,0.0,0.00338,0.00338,0.00338,,,6511649.0,,6511649.0
2023-08-10,39,147483090.0,0,0,0.0,0.00616,0.00616,0.00616,,,12507201.0,,12507201.0
2023-08-11,39,148194884.0,0,0,0.0,0.00414,0.00414,0.00414,,,11853168.0,,11853168.0
2023-08-14,39,148441146.0,0,0,0.0,0.00125,0.00125,0.00125,,,763126.0,,763126.0
2023-08-15,39,148273326.0,0,1,0.02564,0.01177,0.01177,0.01177,,,23835758.0,,23835758.0
2023-08-16,38,146528154.0,0,0,0.0,0.00588,0.00588,0.00588,,,11981384.0,,11981384.0
2023-08-17,38,146376135.0,0,0,0.0,0.01361,0.01361,0.01361,,,27439155.0,,27439155.0
2023-08-18,38,144671452.0,0,0,0.0,0.00443,0.00443,0.00443,,,7401315.0,,7401315.0
2023-08-21,38,145109372.0,0,0,0.0,0.0105,0.0105,0.0105,,,4337861.0,,4337861.0
2023-08-22,38,143710419.0,0,0,0.0,0.00415,0.00415,0.00415,,,1987111.0,,1987111.0
2023-08-23,38,143308031.0,0,0,0.0,0.01033,0.01033,0.01033,,,11664640.0,,11664640.0
2023-08-24,38,143615504.0,0,0,0.0,0.02321,0.02321,0.02321,,,21702965.0,,21702965.0
2023-08-25,38,142936942.0,0,0,0.0,0.00549,0.00549,0.00549,,,8040091.0,,8040091.0
2023-08-28,38,143113887.0,0,0,0.0,0.0,0.0,0.0,,,0.0,,0.0
2023-08-29,38,143113887.0,0,0,0.0,0.00104,0.00104,0.00104,,,1050656.0,,1050656.0
2023-08-30,38,143023648.0,0,0,0.0,0.00314,0.00314,0.00314,,,6388349.0,,6388349.0
2023-08-31,38,142575180.0,0,0,0.0,0.00615,0.00615,0.00615,,,12801018.0,,12801018.0
2023-09-01,38,141698120.0,0,1,0.02632,0.00038,0.00038,0.00038,,,1365577.0,,1365577.0
2023-09-05,37,141745309.0,0,0,0.0,0.00313,0.00313,0.00313,,,6510750.0,,6510750.0
2023-09-06,37,141302172.0,0,0,0.0,0.00171,0.00171,0.00171,,,5478134.0,,5478134.0
2023-09-07,37,141134872.0,0,0,0.0,0.00638,0.00638,0.00638,,,7752241.0,,7752241.0
2023-09-08,37,141279084.0,0,1,0.02703,0.00307,0.00307,0.00307,,,10354715.0,,10354715.0
2023-09-11,36,141681806.0,0,0,0.0,0.00521,0.00521,0.00521,,,11953609.0,,11953609.0
2023-09-12,36,140944173.0,0,0,0.0,0.00657,0.00657,0.00657,,,14258686.0,,14258686.0
2023-09-13,36,140017470.0,0,0,0.0,0.00798,0.00798,0.00798,,,15885294.0,,15885294.0
2023-09-14,36,139016097.0,0,0,0.0,0.00416,0.00416,0.00416,,,8543630.0,,8543630.0
2023-09-15,36,138480796.0,0,0,0.0,0.00244,0.00244,0.00244,,,4648461.0,,4648461.0
2023-09-18,36,138189314.0,0,0,0.0,0.00302,0.00302,0.00302,,,5236206.0,,5236206.0
2023-09-19,36,137982689.0,0,0,0.0,0.0015,0.0015,0.0015,,,2701858.0,,2701858.0
2023-09-20,36,138174189.0,0,0,0.0,0.00193,0.00193,0.00193,,,10954177.0,,10954177.0
2023-09-21,36,138401415.0,0,0,0.0,0.00378,0.00378,0.00378,,,7336450.0,,7336450.0
2023-09-22,36,138919950.0,0,0,0.0,0.00198,0.00198,0.00198,,,4429428.0,,4429428.0
2023-09-25,36,138922158.0,0,0,0.0,0.0025,0.0025,0.0025,,,4308948.0,,4308948.0
2023-09-26,36,139269309.0,0,0,0.0,0.00012,0.00012,0.00012,,,200065.0,,200065.0
2023-09-27,36,139281867.0,0,0,0.0,0.00092,0.00092,0.00092,,,1554046.0,,1554046.0
2023-09-28,36,139196391.0,0,0,0.0,0.00553,0.00553,0.00553,,,9489049.0,,9489049.0
2023-09-29,36,139966710.0,0,0,0.0,0.00318,0.00318,0.00318,,,5556522.0,,5556522.0
2023-10-02,36,140412374.0,0,0,0.0,0.0,0.0,0.0,,,0.0,,0.0
2023-10-03,36,140412374.0,0,0,0.0,0.00366,0.00366,0.00366,,,8069068.0,,8069068.0
2023-10-04,36,140908497.0,0,0,0.0,0.00011,0.00011,0.00011,,,519800.0,,519800.0
2023-10-05,36,140922808.0,0,0,0.0,0.00548,0.00548,0.00548,,,15136979.0,,15136979.0
2023-10-06,36,140155422.0,0,0,0.0,0.00071,0.00071,0.00071,,,5253542.0,,5253542.0
2023-10-09,36,140237221.0,0,0,0.0,0.00095,0.00095,0.00095,,,1775854.0,,1775854.0
2023-10-10,36,140160808.0,0,0,0.0,0.00054,0.00054,0.00054,,,1910052.0,,1910052.0
2023-10-11,36,140236279.0,0,0,0.0,5e-05,5e-05,5e-05,,,200980.0,,200980.0
2023-10-12,36,140243565.0,0,0,0.0,0.00038,0.00038,0.00038,,,1517455.0,,1517455.0
2023-10-13,36,140297179.0,0,0,0.0,0.00764,0.00764,0.00764,,,11823762.0,,11823762.0
2023-10-16,36,139269727.0,0,0,0.0,0.00171,0.00171,0.00171,,,4515333.0,,4515333.0
2023-10-17,36,139367932.0,0,0,0.0,0.00706,0.00706,0.00706,,,11121442.0,,11121442.0
2023-10-18,36,138628601.0,0,0,0.0,0.00061,0.00061,0.00061,,,616228.0,,616228.0
2023-10-19,36,138712814.0,0,0,0.0,0.00063,0.00063,0.00063,,,2458099.0,,2458099.0
2023-10-20,36,138749838.0,0,0,0.0,0.00099,0.00099,0.00099,,,3493279.0,,3493279.0
2023-10-23,36,138747934.0,0,0,0.0,0.00206,0.00206,0.00206,,,3176296.0,,3176296.0
2023-10-24,36,138637735.0,0,0,0.0,0.00515,0.00515,0.00515,,,16900216.0,,16900216.0
2023-10-25,36,138542423.0,0,0,0.0,0.00475,0.00475,0.00475,,,7091163.0,,7091163.0
2023-10-26,36,139084758.0,0,0,0.0,0.01404,0.01404,0.01404,,,19472983.0,,19472983.0
2023-10-27,36,141037827.0,0,0,0.0,3e-05,3e-05,3e-05,,,39235.0,,39235.0
2023-10-30,36,141041957.0,0,0,0.0,0.00229,0.00229,0.00229,,,3836647.0,,3836647.0
2023-10-31,36,140932164.0,0,0,0.0,0.00561,0.00561,0.00561,,,8673945.0,,8673945.0
2023-11-01,36,140467509.0,0,0,0.0,0.00316,0.00316,0.00316,,,5905594.0,,5905594.0
2023-11-02,36,140558330.0,0,0,0.0,0.00415,0.00415,0.00415,,,5312985.0,,5312985.0
2023-11-03,36,141141484.0,0,0,0.0,0.00734,0.00734,0.00734,,,15738219.0,,15738219.0
2023-11-06,36,142167125.0,0,0,0.0,0.00251,0.00251,0.00251,,,4311431.0,,4311431.0
2023-11-07,36,142441917.0,0,0,0.0,0.00796,0.00796,0.00796,,,14946762.0,,14946762.0
2023-11-08,36,141694806.0,0,0,0.0,0.0012,0.0012,0.0012,,,3279964.0,,3279964.0
2023-11-09,36,141664594.0,0,0,0.0,0.00735,0.00735,0.00735,,,11634621.0,,11634621.0
2023-11-10,36,141190198.0,0,0,0.0,0.00949,0.00949,0.00949,,,10288896.0,,10288896.0
2023-11-13,36,141320570.0,0,0,0.0,0.00435,0.00435,0.00435,,,7862208.0,,7862208.0
2023-11-14,36,140717366.0,0,0,0.0,0.0087,0.0087,0.0087,,,12198971.0,,12198971.0
2023-11-15,36,141942244.0,0,0,0.0,0.01607,0.01607,0.01607,,,25661829.0,,25661829.0
2023-11-16,36,144222964.0,0,0,0.0,0.00317,0.00317,0.00317,,,5295219.0,,5295219.0
2023-11-17,36,143766247.0,0,0,0.0,0.00318,0.00318,0.00318,,,5173082.0,,5173082.0
2023-11-20,36,144222968.0,0,0,0.0,0.00238,0.00238,0.00238,,,4117626.0,,4117626.0
2023-11-21,36,144565518.0,0,0,0.0,0.00079,0.00079,0.00079,,,1402722.0,,1402722.0
2023-11-22,36,144451339.0,0,0,0.0,0.00435,0.00435,0.00435,,,7698700.0,,7698700.0
2023-11-24,36,145079272.0,0,0,0.0,8e-05,8e-05,8e-05,,,216446.0,,216446.0
2023-11-27,36,145089535.0,0,0,0.0,0.0001,0.0001,0.0001,,,279283.0,,279283.0
2023-11-28,36,145103994.0,0,0,0.0,5e-05,5e-05,5e-05,,,158503.0,,158503.0
2023-11-29,36,145109600.0,0,0,0.0,0.0,0.0,0.0,,,3898.0,,3898.0
2023-11-30,36,145109540.0,0,0,0.0,0.00337,0.00337,0.00337,,,6493069.0,,6493069.0
2023-12-01,36,145582571.0,0,0,0.0,0.00385,0.00385,0.00385,,,6660878.0,,6660878.0
2023-12-04,36,145022451.0,0,0,0.0,0.00868,0.00868,0.00868,,,15942969.0,,15942969.0
2023-12-05,36,146280689.0,0,0,0.0,0.0,0.0,0.0,,,0.0,,0.0
2023-12-06,36,146280689.0,0,0,0.0,0.00439,0.00439,0.00439,,,9946750.0,,9946750.0
2023-12-07,36,145668901.0,0,0,0.0,0.00252,0.00252,0.00252,,,7261088.0,,7261088.0
2023-12-08,36,145325980.0,0,0,0.0,0.0002,0.0002,0.0002,,,228451.0,,228451.0
2023-12-11,36,145355313.0,0,0,0.0,0.0024,0.0024,0.0024,,,6191928.0,,6191928.0
2023-12-12,36,145419921.0,0,0,0.0,0.00255,0.00255,0.00255,,,5636377.0,,5636377.0
2023-12-13,36,145502530.0,0,0,0.0,0.00407,0.00407,0.00407,,,7549075.0,,7549075.0
2023-12-14,36,145134925.0,0,0,0.0,0.03845,0.03845,0.03845,,,71938624.0,,71938624.0
2023-12-15,36,139554732.0,0,0,0.0,0.00164,0.00164,0.00164,,,3151858.0,,3151858.0
2023-12-18,36,139783650.0,0,0,0.0,0.00328,0.00328,0.00328,,,6173314.0,,6173314.0
2023-12-19,36,140241608.0,0,0,0.0,0.0,0.0,0.0,,,0.0,,0.0
2023-12-20,36,140241608.0,0,0,0.0,0.0302,0.0302,0.0302,,,60330885.0,,60330885.0
2023-12-21,36,144477339.0,0,0,0.0,0.00872,0.00872,0.00872,,,17038879.0,,17038879.0
2023-12-22,36,145736621.0,0,0,0.0,0.0,0.0,0.0,,,0.0,,0.0
2023-12-26,36,145736621.0,0,0,0.0,0.00314,0.00314,0.00314,,,6547027.0,,6547027.0
2023-12-27,36,146194567.0,0,0,0.0,0.00313,0.00313,0.00313,,,6705934.0,,6705934.0
2023-12-28,36,146652476.0,0,0,0.0,0.01952,0.01952,0.01952,,,41948710.0,,41948710.0
2023-12-29,36,149514459.0,0,0,0.0,0.03828,0.03828,0.03828,,,85296512.0,,85296512.0
2024-01-02,36,155238425.0,0,0,0.0,0.00077,0.00077,0.00077,,,1645162.0,,1645162.0
2024-01-03,36,155338256.0,0,0,0.0,0.00213,0.00213,0.00213,,,4794674.0,,4794674.0
2024-01-04,36,155615138.0,0,0,0.0,0.00147,0.00147,0.00147,,,3106867.0,,3106867.0
2024-01-05,36,155790955.0,0,0,0.0,0.00165,0.00165,0.00165,,,4829211.0,,4829211.0
2024-01-08,36,155573007.0,0,0,0.0,0.00393,0.00393,0.00393,,,8156200.0,,8156200.0
2024-01-09,36,154961394.0,1,0,0.02778,0.11066,0.0097,0.11066,,,48491679.0,,48491679.0
2024-01-10,37,169150766.0,0,0,0.0,0.00451,0.00451,0.00451,,,28692080.0,,28692080.0
2024-01-11,37,169313464.0,0,0,0.0,0.00897,0.00897,0.00897,,,22517045.0,,22517045.0
2024-01-12,37,168126618.0,0,0,0.0,0.02019,0.02019,0.02019,,,41497344.0,,41497344.0
2024-01-16,37,165065300.0,0,0,0.0,0.01847,0.01847,0.01847,,,38200422.0,,38200422.0
2024-01-17,37,162041510.0,1,0,0.02703,0.00986,0.00967,0.00986,,,37815264.0,,37815264.0
2024-01-18,38,160530745.0,0,0,0.0,0.02424,0.02424,0.02424,,,45325597.0,,45325597.0
2024-01-19,38,156638974.0,0,0,0.0,0.00714,0.00714,0.00714,,,14092852.0,,14092852.0
2024-01-22,38,155673673.0,0,0,0.0,0.00334,0.00334,0.00334,,,5916880.0,,5916880.0
2024-01-23,38,156194129.0,0,0,0.0,5e-05,5e-05,5e-05,,,193846.0,,193846.0
2024-01-24,38,156189547.0,0,0,0.0,0.01416,0.01416,0.01416,,,26345097.0,,26345097.0
2024-01-25,38,153978394.0,0,0,0.0,0.00583,0.00583,0.00583,,,10493178.0,,10493178.0
2024-01-26,38,153080566.0,0,0,0.0,3e-05,3e-05,3e-05,,,144450.0,,144450.0
2024-01-29,38,153085911.0,0,0,0.0,0.0,0.0,0.0,,,3253.0,,3253.0
2024-01-30,38,153086410.0,0,0,0.0,0.01312,0.01312,0.01312,,,24419004.0,,24419004.0
2024-01-31,38,151078109.0,0,0,0.0,0.0147,0.0147,0.0147,,,26301703.0,,26301703.0
2024-02-01,38,148857618.0,0,0,0.0,0.01914,0.01914,0.01914,,,32406797.0,,32406797.0
2024-02-02,38,146009135.0,0,0,0.0,0.0345,0.0345,0.0345,,,60916303.0,,60916303.0
2024-02-05,38,150826332.0,0,0,0.0,0.00109,0.00109,0.00109,,,6050608.0,,6050608.0
2024-02-06,38,150779266.0,0,0,0.0,0.00337,0.00337,0.00337,,,6948732.0,,6948732.0
2024-02-07,38,151155218.0,0,0,0.0,0.00332,0.00332,0.00332,,,5923028.0,,5923028.0
2024-02-08,38,151657042.0,0,0,0.0,0.0577,0.0577,0.0577,,,13393221.0,,13393221.0
2024-02-09,38,143291117.0,0,0,0.0,0.00789,0.00789,0.00789,,,11337281.0,,11337281.0
2024-02-12,38,142161397.0,0,0,0.0,0.00201,0.00201,0.00201,,,4571091.0,,4571091.0
2024-02-13,38,141947414.0,0,0,0.0,0.00027,0.00027,0.00027,,,1552023.0,,1552023.0
2024-02-14,38,141969116.0,0,0,0.0,0.01377,0.01377,0.01377,,,24708979.0,,24708979.0
2024-02-15,38,143900402.0,0,0,0.0,0.00089,0.00089,0.00089,,,2236426.0,,2236426.0
2024-02-16,38,143809329.0,0,0,0.0,0.00479,0.00479,0.00479,,,8861186.0,,8861186.0
2024-02-20,38,144406819.0,0,0,0.0,0.00121,0.00121,0.00121,,,3513944.0,,3513944.0
2024-02-21,38,144475832.0,0,0,0.0,0.00572,0.00572,0.00572,,,10320782.0,,10320782.0
2024-02-22,38,143651329.0,0,0,0.0,0.00987,0.00987,0.00987,,,17396441.0,,17396441.0
2024-02-23,38,142232835.0,1,0,0.02632,0.00236,0.00212,0.00236,,,16413185.0,,16413185.0
2024-02-26,39,142325146.0,0,1,0.02564,0.00233,0.00231,0.00233,,,12184744.0,,12184744.0
2024-02-27,38,142436337.0,0,0,0.0,0.00897,0.00897,0.00897,,,19336570.0,,19336570.0
2024-02-28,38,141208969.0,0,0,0.0,0.00197,0.00197,0.00197,,,10330616.0,,10330616.0
2024-02-29,38,140989074.0,0,0,0.0,0.03023,0.03023,0.03023,,,95828354.0,,95828354.0
2024-03-01,38,144209539.0,0,0,0.0,0.00061,0.00061,0.00061,,,4402621.0,,4402621.0
2024-03-04,38,144182968.0,0,0,0.0,0.00277,0.00277,0.00277,,,6481363.0,,6481363.0
2024-03-05,38,143987091.0,0,0,0.0,0.00718,0.00718,0.00718,,,18639172.0,,18639172.0
2024-03-06,38,143157388.0,0,0,0.0,0.01499,0.01499,0.01499,,,28893079.0,,28893079.0
2024-03-07,38,141223373.0,0,0,0.0,0.00364,0.00364,0.00364,,,6679969.0,,6679969.0
2024-03-08,38,140856996.0,0,0,0.0,0.00048,0.00048,0.00048,,,328125.0,,328125.0
2024-03-11,38,140911324.0,0,0,0.0,0.01363,0.01363,0.01363,,,24226623.0,,24226623.0
2024-03-12,38,138990695.0,0,0,0.0,0.00284,0.00284,0.00284,,,1238596.0,,1238596.0
2024-03-13,38,139361988.0,0,1,0.02632,0.00318,0.00318,0.00318,,,2258566.0,,2258566.0
2024-03-14,37,139571640.0,0,0,0.0,0.0102,0.0102,0.0102,,,15940274.0,,15940274.0
2024-03-15,37,138626692.0,0,0,0.0,0.00323,0.00323,0.00323,,,1473214.0,,1473214.0
2024-03-18,37,139014979.0,0,0,0.0,0.00312,0.00312,0.00312,,,4548910.0,,4548910.0
2024-03-19,37,139167821.0,0,0,0.0,0.01205,0.01205,0.01205,,,21672757.0,,21672757.0
2024-03-20,37,140687273.0,0,0,0.0,0.00211,0.00211,0.00211,,,4306450.0,,4306450.0
2024-03-21,37,140937752.0,0,0,0.0,0.00376,0.00376,0.00376,,,3273260.0,,3273260.0
2024-03-22,37,141030194.0,0,0,0.0,0.00291,0.00291,0.00291,,,9020092.0,,9020092.0
2024-03-25,37,141373478.0,0,0,0.0,0.00494,0.00494,0.00494,,,6725917.0,,6725917.0
2024-03-26,37,141558200.0,0,0,0.0,0.01079,0.01079,0.01079,,,19968205.0,,19968205.0
2024-03-27,37,140030483.0,0,0,0.0,0.00466,0.00466,0.00466,,,8883295.0,,8883295.0
2024-03-28,37,139568560.0,0,0,0.0,0.00043,0.00043,0.00043,,,463675.0,,463675.0
2024-04-01,37,139628803.0,0,0,0.0,0.00292,0.00292,0.00292,,,5024771.0,,5024771.0
2024-04-02,37,140036234.0,0,0,0.0,0.00235,0.00235,0.00235,,,3656179.0,,3656179.0
2024-04-03,37,139938373.0,0,0,0.0,0.00339,0.00339,0.00339,,,10378636.0,,10378636.0
2024-04-04,37,140254650.0,0,0,0.0,0.00139,0.00139,0.00139,,,1741190.0,,1741190.0
2024-04-05,37,140449448.0,0,0,0.0,0.00061,0.00061,0.00061,,,1500207.0,,1500207.0
2024-04-08,37,140534571.0,0,0,0.0,0.00185,0.00185,0.00185,,,2653001.0,,2653001.0
2024-04-09,37,140314976.0,0,0,0.0,0.01182,0.01182,0.01182,,,21343523.0,,21343523.0
2024-04-10,37,138657537.0,0,0,0.0,0.00091,0.00091,0.00091,,,2341633.0,,2341633.0
2024-04-11,37,138671592.0,0,0,0.0,0.0042,0.0042,0.0042,,,8806865.0,,8806865.0
2024-04-12,37,139201898.0,0,0,0.0,0.00742,0.00742,0.00742,,,14110138.0,,14110138.0
2024-04-15,37,138243930.0,0,0,0.0,0.00511,0.00511,0.00511,,,9369086.0,,9369086.0
2024-04-16,37,137935204.0,0,1,0.02703,0.00459,0.00458,0.00459,,,6040178.0,,6040178.0
2024-04-17,36,138501970.0,0,0,0.0,0.01046,0.01046,0.01046,,,13277448.0,,13277448.0
2024-04-18,36,139951387.0,0,0,0.0,0.0009,0.0009,0.0009,,,1174836.0,,1174836.0
2024-04-19,36,139824865.0,0,0,0.0,0.01254,0.01254,0.01254,,,15261697.0,,15261697.0
2024-04-22,36,141576820.0,0,0,0.0,0.00824,0.00824,0.00824,,,11191836.0,,11191836.0
2024-04-23,36,142743640.0,0,0,0.0,0.00177,0.00177,0.00177,,,2352911.0,,2352911.0
2024-04-24,36,142490351.0,0,0,0.0,0.00356,0.00356,0.00356,,,4780683.0,,4780683.0
2024-04-25,36,142996917.0,0,0,0.0,0.00354,0.00354,0.00354,,,4722474.0,,4722474.0
2024-04-26,36,143503487.0,0,0,0.0,0.00265,0.00265,0.00265,,,3436343.0,,3436343.0
2024-04-29,36,143123560.0,0,0,0.0,0.0,0.0,0.0,,,0.0,,0.0
2024-04-30,36,143123560.0,0,0,0.0,0.0,0.0,0.0,,,0.0,,0.0
2024-05-01,36,143123560.0,0,0,0.0,0.0,0.0,0.0,,,0.0,,0.0
2024-05-02,36,143123560.0,0,0,0.0,0.00424,0.00424,0.00424,,,8294090.0,,8294090.0
2024-05-03,36,143673327.0,0,0,0.0,0.00298,0.00298,0.00298,,,4838410.0,,4838410.0
2024-05-06,36,143258631.0,0,0,0.0,0.00574,0.00574,0.00574,,,16202481.0,,16202481.0
2024-05-07,36,143850034.0,0,0,0.0,0.00532,0.00532,0.00532,,,7701183.0,,7701183.0
2024-05-08,36,143084725.0,0,0,0.0,0.0,0.0,0.0,,,0.0,,0.0
2024-05-09,36,143084725.0,0,0,0.0,0.00531,0.00531,0.00531,,,7357192.0,,7357192.0
2024-05-10,36,142325105.0,0,0,0.0,0.00322,0.00322,0.00322,,,10280724.0,,10280724.0
2024-05-13,36,142253935.0,0,0,0.0,0.01265,0.01265,0.01265,,,18549905.0,,18549905.0
2024-05-14,36,143906695.0,0,0,0.0,0.00029,0.00029,0.00029,,,263664.0,,263664.0
2024-05-15,36,143870825.0,0,0,0.0,0.00103,0.00103,0.00103,,,1505890.0,,1505890.0
2024-05-16,36,143731035.0,0,0,0.0,0.02037,0.02037,0.02037,,,30604962.0,,30604962.0
2024-05-17,36,140803084.0,0,0,0.0,0.00604,0.00604,0.00604,,,9567213.0,,9567213.0
2024-05-20,36,140023685.0,0,0,0.0,0.00593,0.00593,0.00593,,,9160965.0,,9160965.0
2024-05-21,36,140765119.0,0,0,0.0,0.01444,0.01444,0.01444,,,21968770.0,,21968770.0
2024-05-22,36,142739149.0,0,0,0.0,0.00146,0.00146,0.00146,,,1722659.0,,1722659.0
2024-05-23,36,142809768.0,0,0,0.0,0.0136,0.0136,0.0136,,,20636984.0,,20636984.0
2024-05-24,36,140867331.0,0,0,0.0,0.00451,0.00451,0.00451,,,6394734.0,,6394734.0
2024-05-28,36,140327854.0,0,0,0.0,0.00786,0.00786,0.00786,,,11343149.0,,11343149.0
2024-05-29,36,139225561.0,0,0,0.0,0.01032,0.01032,0.01032,,,21019343.0,,21019343.0
2024-05-30,36,140634949.0,0,0,0.0,0.00329,0.00329,0.00329,,,10992643.0,,10992643.0
2024-05-31,36,141038548.0,0,0,0.0,0.00292,0.00292,0.00292,,,18164383.0,,18164383.0
2024-06-03,36,140986779.0,0,0,0.0,0.01314,0.01314,0.01314,,,21081267.0,,21081267.0
2024-06-04,36,142723431.0,0,0,0.0,0.00406,0.00406,0.00406,,,5663217.0,,5663217.0
2024-06-05,36,143273905.0,0,0,0.0,0.00177,0.00177,0.00177,,,3301824.0,,3301824.0
2024-06-06,36,143170953.0,0,0,0.0,0.00292,0.00292,0.00292,,,4357478.0,,4357478.0
2024-06-07,36,142763685.0,0,0,0.0,0.00304,0.00304,0.00304,,,5033814.0,,5033814.0
2024-06-10,36,143136075.0,0,0,0.0,0.00118,0.00118,0.00118,,,3266860.0,,3266860.0
2024-06-11,36,143102413.0,0,0,0.0,0.0047,0.0047,0.0047,,,9295524.0,,9295524.0
2024-06-12,36,142540992.0,0,0,0.0,0.00612,0.00612,0.00612,,,9756076.0,,9756076.0
2024-06-13,36,143320683.0,0,0,0.0,0.00217,0.00217,0.00217,,,3916874.0,,3916874.0
2024-06-14,36,143591322.0,0,0,0.0,0.0003,0.0003,0.0003,,,368575.0,,368575.0
2024-06-17,36,143563044.0,1,0,0.02778,0.00302,0.00198,0.00302,,,13342185.0,,13342185.0
2024-06-18,37,143475090.0,0,0,0.0,0.01888,0.01888,0.01888,,,25032210.0,,25032210.0
2024-06-20,37,140766190.0,0,0,0.0,0.00531,0.00531,0.00531,,,9715989.0,,9715989.0
2024-06-21,37,140347981.0,0,0,0.0,0.00729,0.00729,0.00729,,,23494682.0,,23494682.0
2024-06-24,37,140532739.0,0,0,0.0,0.01055,0.01055,0.01055,,,14246389.0,,14246389.0
2024-06-25,37,139578189.0,0,0,0.0,0.00464,0.00464,0.00464,,,7000211.0,,7000211.0
2024-06-26,37,139282781.0,0,0,0.0,0.01222,0.01222,0.01222,,,18117354.0,,18117354.0
2024-06-27,37,140822424.0,0,0,0.0,0.00346,0.00346,0.00346,,,5694024.0,,5694024.0
2024-06-28,37,140817602.0,0,0,0.0,0.01143,0.01143,0.01143,,,15256261.0,,15256261.0
2024-07-01,37,140355594.0,0,0,0.0,0.00331,0.00331,0.00331,,,5493800.0,,5493800.0
2024-07-02,37,140196540.0,0,0,0.0,0.0084,0.0084,0.0084,,,7047506.0,,7047506.0
2024-07-03,37,140528522.0,0,0,0.0,0.00663,0.00663,0.00663,,,9396978.0,,9396978.0
2024-07-05,37,139596848.0,0,0,0.0,0.00658,0.00658,0.00658,,,8055422.0,,8055422.0
2024-07-08,37,138678565.0,0,0,0.0,0.0034,0.0034,0.0034,,,4669545.0,,4669545.0
2024-07-09,37,138239396.0,0,0,0.0,0.00705,0.00705,0.00705,,,9460788.0,,9460788.0
2024-07-10,37,139161893.0,0,0,0.0,0.0029,0.0029,0.0029,,,6197960.0,,6197960.0
2024-07-11,37,139023395.0,0,0,0.0,0.00511,0.00511,0.00511,,,10376735.0,,10376735.0
2024-07-12,37,139610703.0,0,0,0.0,0.01498,0.01498,0.01498,,,19744917.0,,19744917.0
2024-07-15,37,141702210.0,0,0,0.0,0.00428,0.00428,0.00428,,,7503195.0,,7503195.0
2024-07-16,37,141236689.0,0,0,0.0,0.00728,0.00728,0.00728,,,18252421.0,,18252421.0
2024-07-17,37,140598407.0,0,0,0.0,0.00045,0.00045,0.00045,,,1070103.0,,1070103.0
2024-07-18,37,140541839.0,0,0,0.0,0.00577,0.00577,0.00577,,,8747794.0,,8747794.0
2024-07-19,37,141352490.0,0,0,0.0,0.00059,0.00059,0.00059,,,2061734.0,,2061734.0
2024-07-22,37,141435998.0,0,0,0.0,0.01301,0.01301,0.01301,,,17880444.0,,17880444.0
2024-07-23,37,139595327.0,0,0,0.0,0.00798,0.00798,0.00798,,,11140152.0,,11140152.0
2024-07-24,37,138500401.0,0,0,0.0,0.00414,0.00414,0.00414,,,6026834.0,,6026834.0
2024-07-25,37,139002161.0,0,0,0.0,0.00636,0.00636,0.00636,,,9425283.0,,9425283.0
2024-07-26,37,139807631.0,0,0,0.0,0.00814,0.00814,0.00814,,,12643037.0,,12643037.0
2024-07-29,37,140707627.0,0,0,0.0,0.00125,0.00125,0.00125,,,2245603.0,,2245603.0
2024-07-30,37,140536507.0,0,0,0.0,0.00346,0.00346,0.00346,,,6879514.0,,6879514.0
2024-07-31,37,140185765.0,0,0,0.0,0.00367,0.00367,0.00367,,,12628201.0,,12628201.0
2024-08-01,37,140000685.0,0,0,0.0,0.01055,0.01055,0.01055,,,19873160.0,,19873160.0
2024-08-02,37,141007978.0,0,0,0.0,0.00938,0.00938,0.00938,,,41910479.0,,41910479.0
2024-08-05,37,140072339.0,0,0,0.0,0.00197,0.00197,0.00197,,,8644195.0,,8644195.0
2024-08-06,37,139978080.0,0,0,0.0,0.00723,0.00723,0.00723,,,13383132.0,,13383132.0
2024-08-07,37,139875584.0,0,0,0.0,0.01154,0.01154,0.01154,,,14329519.0,,14329519.0
2024-08-08,37,138263214.0,0,0,0.0,0.00746,0.00746,0.00746,,,12787957.0,,12787957.0
2024-08-09,37,137672309.0,0,0,0.0,0.00482,0.00482,0.00482,,,10305557.0,,10305557.0
2024-08-12,37,137318141.0,0,1,0.02703,0.00424,0.00424,0.00424,,,8079184.0,,8079184.0
2024-08-13,36,137279673.0,0,0,0.0,0.00762,0.00762,0.00762,,,7334985.0,,7334985.0
2024-08-14,36,136502162.0,0,0,0.0,0.01213,0.01213,0.01213,,,8218239.0,,8218239.0
2024-08-15,36,135023523.0,0,0,0.0,0.01257,0.01257,0.01257,,,10869033.0,,10869033.0
2024-08-16,36,134036348.0,0,0,0.0,0.02668,0.02668,0.02668,,,35111589.0,,35111589.0
2024-08-19,36,136471825.0,0,0,0.0,0.02717,0.02717,0.02717,,,40664823.0,,40664823.0
2024-08-20,36,134580275.0,0,0,0.0,0.0101,0.0101,0.0101,,,10572611.0,,10572611.0
2024-08-21,36,134370883.0,0,0,0.0,0.00494,0.00494,0.00494,,,6502347.0,,6502347.0
2024-08-22,36,134290451.0,0,0,0.0,0.00668,0.00668,0.00668,,,9703559.0,,9703559.0
2024-08-23,36,134857232.0,0,0,0.0,0.01309,0.01309,0.01309,,,19687876.0,,19687876.0
2024-08-26,36,133384877.0,0,0,0.0,0.01224,0.01224,0.01224,,,18736127.0,,18736127.0
2024-08-27,36,131752342.0,0,0,0.0,0.01003,0.01003,0.01003,,,13149874.0,,13149874.0
2024-08-28,36,130557062.0,0,0,0.0,0.003,0.003,0.003,,,2532914.0,,2532914.0
2024-08-29,36,130408925.0,0,2,0.05556,0.00159,0.00159,0.00159,,,2203857.0,,2203857.0
2024-08-30,34,130339765.0,0,0,0.0,0.00183,0.00183,0.00183,,,2340364.0,,2340364.0
2024-09-03,34,130101652.0,0,0,0.0,0.01343,0.01343,0.01343,,,18806261.0,,18806261.0
2024-09-04,34,128354045.0,0,0,0.0,0.01429,0.01429,0.01429,,,17616303.0,,17616303.0
2024-09-05,34,130188066.0,0,0,0.0,0.0044,0.0044,0.0044,,,4625454.0,,4625454.0
2024-09-06,34,130711631.0,0,0,0.0,0.00394,0.00394,0.00394,,,5673288.0,,5673288.0
2024-09-09,34,130249541.0,0,0,0.0,0.01035,0.01035,0.01035,,,12352107.0,,12352107.0
2024-09-10,34,131499468.0,0,0,0.0,0.00396,0.00396,0.00396,,,6185842.0,,6185842.0
2024-09-11,34,131030592.0,0,1,0.02941,0.00726,0.00726,0.00726,,,11602484.0,,11602484.0
2024-09-12,33,130721241.0,0,0,0.0,0.01252,0.01252,0.01252,,,16184029.0,,16184029.0
2024-09-13,33,130066741.0,0,0,0.0,0.01469,0.01469,0.01469,,,18071815.0,,18071815.0
2024-09-16,33,128542879.0,0,0,0.0,0.01768,0.01768,0.01768,,,24447934.0,,24447934.0
2024-09-17,33,130815688.0,0,0,0.0,0.00767,0.00767,0.00767,,,15414189.0,,15414189.0
2024-09-18,33,130139395.0,0,0,0.0,0.0072,0.0072,0.0072,,,8350241.0,,8350241.0
2024-09-19,33,130481249.0,0,0,0.0,0.0008,0.0008,0.0008,,,1210961.0,,1210961.0
2024-09-20,33,130377026.0,0,0,0.0,0.00983,0.00983,0.00983,,,13364578.0,,13364578.0
2024-09-23,33,129095444.0,0,0,0.0,0.00195,0.00195,0.00195,,,2612434.0,,2612434.0
2024-09-24,33,129347154.0,0,0,0.0,0.00673,0.00673,0.00673,,,7761679.0,,7761679.0
2024-09-25,33,130216666.0,0,0,0.0,0.00554,0.00554,0.00554,,,5424136.0,,5424136.0
2024-09-26,33,130937813.0,0,0,0.0,0.0233,0.0233,0.0233,,,29789641.0,,29789641.0
2024-09-27,33,127886730.0,0,0,0.0,0.01709,0.01709,0.01709,,,21969132.0,,21969132.0
2024-09-30,33,125701356.0,0,0,0.0,0.04194,0.04194,0.04194,,,53567037.0,,53567037.0
2024-10-01,33,130972963.0,0,0,0.0,0.00231,0.00231,0.00231,,,2639898.0,,2639898.0
2024-10-02,33,131141044.0,0,0,0.0,0.0048,0.0048,0.0048,,,6182301.0,,6182301.0
2024-10-03,33,130511074.0,0,0,0.0,0.0,0.0,0.0,,,0.0,,0.0
2024-10-04,33,130511074.0,0,0,0.0,0.0029,0.0029,0.0029,,,3635260.0,,3635260.0
2024-10-07,33,130133098.0,0,0,0.0,0.0,0.0,0.0,,,0.0,,0.0
2024-10-08,33,130133098.0,0,0,0.0,0.00338,0.00338,0.00338,,,7528802.0,,7528802.0
2024-10-09,33,130472915.0,0,0,0.0,0.00657,0.00657,0.00657,,,9326849.0,,9326849.0
2024-10-10,33,129615101.0,0,0,0.0,0.00074,0.00074,0.00074,,,847092.0,,847092.0
2024-10-11,33,129711024.0,0,0,0.0,0.00296,0.00296,0.00296,,,6389321.0,,6389321.0
2024-10-14,33,130036960.0,0,0,0.0,0.00018,0.00018,0.00018,,,1376460.0,,1376460.0
2024-10-15,33,130013346.0,0,0,0.0,0.01071,0.01071,0.01071,,,13794826.0,,13794826.0
2024-10-16,33,128620614.0,0,0,0.0,0.00314,0.00314,0.00314,,,4972167.0,,4972167.0
2024-10-17,33,128246030.0,0,0,0.0,0.00493,0.00493,0.00493,,,6570926.0,,6570926.0
2024-10-18,33,127614322.0,0,0,0.0,0.01019,0.01019,0.01019,,,13120930.0,,13120930.0
2024-10-21,33,126322988.0,0,0,0.0,0.01675,0.01675,0.01675,,,21117339.0,,21117339.0
2024-10-22,33,128406783.0,0,0,0.0,0.00238,0.00238,0.00238,,,2570887.0,,2570887.0
2024-10-23,33,128711882.0,0,0,0.0,0.00114,0.00114,0.00114,,,3487581.0,,3487581.0
2024-10-24,33,128790402.0,0,0,0.0,0.00117,0.00117,0.00117,,,1434848.0,,1434848.0
2024-10-25,33,128697433.0,0,0,0.0,0.02357,0.02357,0.02357,,,28945138.0,,28945138.0
2024-10-28,33,131722329.0,0,0,0.0,0.00957,0.00957,0.00957,,,9706906.0,,9706906.0
2024-10-29,33,132982126.0,0,0,0.0,0.00676,0.00676,0.00676,,,12017738.0,,12017738.0
2024-10-30,33,132974304.0,1,0,0.0303,0.01454,0.01437,0.01454,,,20512646.0,,20512646.0
2024-10-31,34,131772752.0,0,0,0.0,0.01713,0.01713,0.01713,,,14181018.0,,14181018.0
2024-11-01,34,131816191.0,0,0,0.0,0.01989,0.01989,0.01989,,,26125131.0,,26125131.0
2024-11-04,34,129217697.0,0,0,0.0,0.0029,0.0029,0.0029,,,7665304.0,,7665304.0
2024-11-05,34,129340922.0,0,0,0.0,0.00576,0.00576,0.00576,,,7834115.0,,7834115.0
2024-11-06,34,128887303.0,0,0,0.0,0.0152,0.0152,0.0152,,,18442774.0,,18442774.0
2024-11-07,34,129702041.0,0,0,0.0,0.01005,0.01005,0.01005,,,20958016.0,,20958016.0
2024-11-08,34,128935553.0,0,0,0.0,0.01364,0.01364,0.01364,,,20782841.0,,20782841.0
2024-11-11,34,127241536.0,0,0,0.0,0.00439,0.00439,0.00439,,,7673254.0,,7673254.0
2024-11-12,34,127671579.0,0,0,0.0,0.00361,0.00361,0.00361,,,6624834.0,,6624834.0
2024-11-13,34,127896983.0,0,0,0.0,0.00833,0.00833,0.00833,,,16023489.0,,16023489.0
2024-11-14,34,128194720.0,0,0,0.0,0.00767,0.00767,0.00767,,,11492491.0,,11492491.0
2024-11-15,34,128961624.0,0,0,0.0,0.00894,0.00894,0.00894,,,11279869.0,,11279869.0
2024-11-18,34,129934616.0,0,0,0.0,0.01876,0.01876,0.01876,,,23820090.0,,23820090.0
2024-11-19,34,127501987.0,0,0,0.0,0.013,0.013,0.013,,,12168168.0,,12168168.0
2024-11-20,34,125857048.0,0,0,0.0,0.01941,0.01941,0.01941,,,19580498.0,,19580498.0
2024-11-21,34,123429757.0,0,0,0.0,0.01213,0.01213,0.01213,,,11158390.0,,11158390.0
2024-11-22,34,121932804.0,0,1,0.02941,0.00457,0.00457,0.00457,,,4717097.0,,4717097.0
2024-11-25,33,121401834.0,0,0,0.0,0.00211,0.00211,0.00211,,,2389989.0,,2389989.0
2024-11-26,33,121146165.0,0,0,0.0,0.00881,0.00881,0.00881,,,9064140.0,,9064140.0
2024-11-27,33,121735360.0,0,0,0.0,0.00275,0.00275,0.00275,,,3351356.0,,3351356.0
2024-11-29,33,122044740.0,0,0,0.0,0.00684,0.00684,0.00684,,,4986330.0,,4986330.0
2024-12-02,33,122330972.0,0,0,0.0,0.00107,0.00107,0.00107,,,1312004.0,,1312004.0
2024-12-03,33,122200202.0,0,0,0.0,0.00457,0.00457,0.00457,,,4458736.0,,4458736.0
2024-12-04,33,122097632.0,0,0,0.0,0.01629,0.01629,0.01629,,,17585721.0,,17585721.0
2024-12-05,33,120479044.0,0,0,0.0,0.00429,0.00429,0.00429,,,4677139.0,,4677139.0
2024-12-06,33,120136661.0,0,0,0.0,0.02881,0.02881,0.02881,,,34253756.0,,34253756.0
2024-12-09,33,116675293.0,0,0,0.0,0.0165,0.0165,0.0165,,,18197574.0,,18197574.0
2024-12-10,33,114776960.0,0,0,0.0,0.00991,0.00991,0.00991,,,12420028.0,,12420028.0
2024-12-11,33,115912134.0,0,0,0.0,0.00539,0.00539,0.00539,,,6617214.0,,6617214.0
2024-12-12,33,115287484.0,0,0,0.0,0.00862,0.00862,0.00862,,,14422997.0,,14422997.0
2024-12-13,33,114432420.0,0,0,0.0,0.01851,0.01851,0.01851,,,21566564.0,,21566564.0
2024-12-16,33,112314277.0,0,0,0.0,0.04088,0.04088,0.04088,,,45925554.0,,45925554.0
2024-12-17,33,116905182.0,0,0,0.0,0.00128,0.00128,0.00128,,,889387.0,,889387.0
2024-12-18,33,117017248.0,0,0,0.0,0.01717,0.01717,0.01717,,,20453734.0,,20453734.0
2024-12-19,33,115112323.0,0,0,0.0,0.05242,0.05242,0.05242,,,58055426.0,,58055426.0
2024-12-20,33,109078396.0,0,0,0.0,0.01047,0.01047,0.01047,,,11406232.0,,11406232.0
2024-12-23,33,110220406.0,0,1,0.0303,0.05769,0.05769,0.05769,,,58093480.0,,58093480.0
2024-12-24,32,116578459.0,0,0,0.0,0.01621,0.01621,0.01621,,,17997446.0,,17997446.0
2024-12-26,32,118468232.0,0,0,0.0,0.00707,0.00707,0.00707,,,8088815.0,,8088815.0
2024-12-27,32,119305661.0,0,0,0.0,0.00152,0.00152,0.00152,,,1570727.0,,1570727.0
2024-12-30,32,119355866.0,0,0,0.0,0.02674,0.02674,0.02674,,,24891201.0,,24891201.0
2024-12-31,32,116430294.0,0,0,0.0,0.03972,0.03972,0.03972,,,44005845.0,,44005845.0
2025-01-02,32,111805678.0,0,0,0.0,0.00564,0.00564,0.00564,,,5877942.0,,5877942.0
2025-01-03,32,111174545.0,0,0,0.0,0.01001,0.01001,0.01001,,,10919932.0,,10919932.0
2025-01-06,32,110061366.0,0,0,0.0,0.02117,0.02117,0.02117,,,24684780.0,,24684780.0
2025-01-07,32,111816912.0,0,0,0.0,0.00951,0.00951,0.00951,,,12437437.0,,12437437.0
2025-01-08,32,111026042.0,0,0,0.0,0.00355,0.00355,0.00355,,,3563817.0,,3563817.0
2025-01-10,32,111184325.0,0,0,0.0,0.01991,0.01991,0.01991,,,22617872.0,,22617872.0
2025-01-13,32,109639902.0,0,0,0.0,0.01014,0.01014,0.01014,,,10840131.0,,10840131.0
2025-01-14,32,108565477.0,0,0,0.0,0.0171,0.0171,0.0171,,,20428505.0,,20428505.0
2025-01-15,32,110337703.0,0,0,0.0,0.01005,0.01005,0.01005,,,10959810.0,,10959810.0
2025-01-16,32,111446615.0,0,0,0.0,0.01409,0.01409,0.01409,,,15595194.0,,15595194.0
2025-01-17,32,113016352.0,0,0,0.0,0.01056,0.01056,0.01056,,,11708520.0,,11708520.0
2025-01-21,32,111822523.0,0,0,0.0,0.04291,0.04291,0.04291,,,46331042.0,,46331042.0
2025-01-22,32,107023863.0,0,0,0.0,0.0188,0.0188,0.0188,,,23229934.0,,23229934.0
2025-01-23,32,108890434.0,0,0,0.0,0.00399,0.00399,0.00399,,,4762866.0,,4762866.0
2025-01-24,32,109324832.0,0,0,0.0,0.01023,0.01023,0.01023,,,12516829.0,,12516829.0
2025-01-27,32,108206592.0,0,0,0.0,0.00906,0.00906,0.00906,,,10799095.0,,10799095.0
2025-01-28,32,109187120.0,0,0,0.0,0.00898,0.00898,0.00898,,,10584546.0,,10584546.0
2025-01-29,32,110167600.0,0,0,0.0,0.00139,0.00139,0.00139,,,1692638.0,,1692638.0
2025-01-30,32,110320820.0,0,0,0.0,0.00127,0.00127,0.00127,,,1682242.0,,1682242.0
2025-01-31,32,110255878.0,0,0,0.0,0.01237,0.01237,0.01237,,,10335683.0,,10335683.0
2025-02-03,32,110450911.0,0,0,0.0,0.02121,0.02121,0.02121,,,25587823.0,,25587823.0
2025-02-04,32,108107801.0,0,0,0.0,0.00047,0.00047,0.00047,,,559841.0,,559841.0
2025-02-05,32,108057104.0,0,0,0.0,0.00965,0.00965,0.00965,,,12086697.0,,12086697.0
2025-02-06,32,107030112.0,0,0,0.0,0.01421,0.01421,0.01421,,,17357892.0,,17357892.0
2025-02-07,32,108550959.0,0,0,0.0,0.01163,0.01163,0.01163,,,14608140.0,,14608140.0
2025-02-10,32,109516376.0,0,0,0.0,0.00616,0.00616,0.00616,,,9296615.0,,9296615.0
2025-02-11,32,108921560.0,0,0,0.0,0.0124,0.0124,0.0124,,,16812295.0,,16812295.0
2025-02-12,32,107669938.0,0,0,0.0,0.00861,0.00861,0.00861,,,17471157.0,,17471157.0
2025-02-13,32,107241859.0,0,0,0.0,0.0019,0.0019,0.0019,,,1087796.0,,1087796.0
2025-02-14,32,107445875.0,0,0,0.0,0.0091,0.0091,0.0091,,,11260487.0,,11260487.0
2025-02-18,32,108423728.0,0,0,0.0,0.02124,0.02124,0.02124,,,27857334.0,,27857334.0
2025-02-19,32,110726163.0,0,0,0.0,0.0296,0.0296,0.0296,,,39811025.0,,39811025.0
2025-02-20,32,114003633.0,0,0,0.0,0.01563,0.01563,0.01563,,,26301524.0,,26301524.0
2025-02-21,32,114550391.0,0,0,0.0,0.01331,0.01331,0.01331,,,17177463.0,,17177463.0
2025-02-24,32,113028093.0,0,0,0.0,0.00848,0.00848,0.00848,,,10786053.0,,10786053.0
2025-02-25,32,113987092.0,0,0,0.0,0.00211,0.00211,0.00211,,,2641687.0,,2641687.0
2025-02-26,32,114227858.0,0,0,0.0,0.02193,0.02193,0.02193,,,30487859.0,,30487859.0
2025-02-27,32,115702955.0,0,0,0.0,0.00044,0.00044,0.00044,,,666008.0,,666008.0
2025-02-28,32,115753623.0,0,0,0.0,0.01792,0.01792,0.01792,,,20918314.0,,20918314.0
2025-03-03,32,113678910.0,0,0,0.0,0.0178,0.0178,0.0178,,,23744900.0,,23744900.0
2025-03-04,32,114917891.0,0,0,0.0,0.00997,0.00997,0.00997,,,10604686.0,,10604686.0
2025-03-05,32,113771819.0,0,0,0.0,0.03971,0.03971,0.03971,,,49403623.0,,49403623.0
2025-03-06,32,118288770.0,0,0,0.0,0.00543,0.00543,0.00543,,,6114554.0,,6114554.0
2025-03-07,32,117651088.0,0,1,0.03125,0.00481,0.00481,0.00481,,,5605061.0,,5605061.0
2025-03-10,31,117426458.0,0,0,0.0,0.0086,0.0086,0.0086,,,9319943.0,,9319943.0
2025-03-11,31,118090484.0,0,0,0.0,0.03312,0.03312,0.03312,,,32535971.0,,32535971.0
2025-03-12,31,114218770.0,0,0,0.0,0.00289,0.00289,0.00289,,,3099814.0,,3099814.0
2025-03-13,31,114376709.0,0,0,0.0,0.00453,0.00453,0.00453,,,4761673.0,,4761673.0
2025-03-14,31,113858427.0,0,0,0.0,0.01421,0.01421,0.01421,,,14837342.0,,14837342.0
2025-03-17,31,112240593.0,0,0,0.0,0.00607,0.00607,0.00607,,,6519404.0,,6519404.0
2025-03-18,31,111559132.0,0,0,0.0,0.00144,0.00144,0.00144,,,3211889.0,,3211889.0
2025-03-19,31,111606039.0,0,0,0.0,0.01439,0.01439,0.01439,,,15921439.0,,15921439.0
2025-03-20,31,110040248.0,0,0,0.0,0.0054,0.0054,0.0054,,,8794058.0,,8794058.0
2025-03-21,31,110349904.0,0,0,0.0,0.0146,0.0146,0.0146,,,15530722.0,,15530722.0
2025-03-24,31,108947999.0,0,0,0.0,0.0098,0.0098,0.0098,,,10679396.0,,10679396.0
2025-03-25,31,109918594.0,0,0,0.0,0.01811,0.01811,0.01811,,,19534250.0,,19534250.0
2025-03-26,31,107927434.0,0,0,0.0,0.02537,0.02537,0.02537,,,27945093.0,,27945093.0
2025-03-27,31,110646367.0,0,0,0.0,0.04643,0.04643,0.04643,,,47176288.0,,47176288.0
2025-03-28,31,105509536.0,0,0,0.0,0.01354,0.01354,0.01354,,,12523077.0,,12523077.0
2025-03-31,31,104081075.0,0,0,0.0,0.03968,0.03968,0.03968,,,37493178.0,,37493178.0
2025-04-01,31,108207465.0,0,0,0.0,0.02342,0.02342,0.02342,,,25624251.0,,25624251.0
2025-04-02,31,110636138.0,0,0,0.0,0.00091,0.00091,0.00091,,,102748.0,,102748.0
2025-04-03,31,110535405.0,0,0,0.0,0.01971,0.01971,0.01971,,,18744433.0,,18744433.0
2025-04-04,31,112606150.0,0,0,0.0,0.00529,0.00529,0.00529,,,4052041.0,,4052041.0
2025-04-07,31,112010045.0,0,0,0.0,0.00552,0.00552,0.00552,,,4747652.0,,4747652.0
2025-04-08,31,112572047.0,0,0,0.0,0.00036,0.00036,0.00036,,,38489.0,,38489.0
2025-04-09,31,112531942.0,0,0,0.0,0.02115,0.02115,0.02115,,,18245391.0,,18245391.0
2025-04-10,31,110151501.0,0,0,0.0,0.00777,0.00777,0.00777,,,6277209.0,,6277209.0
2025-04-11,31,110712160.0,0,0,0.0,0.00566,0.00566,0.00566,,,4848596.0,,4848596.0
2025-04-14,31,110085280.0,0,0,0.0,0.00472,0.00472,0.00472,,,3505812.0,,3505812.0
2025-04-15,31,109565362.0,0,0,0.0,0.00831,0.00831,0.00831,,,5657240.0,,5657240.0
2025-04-16,31,108654798.0,0,0,0.0,0.00739,0.00739,0.00739,,,6476122.0,,6476122.0
2025-04-17,31,107852200.0,0,0,0.0,0.00559,0.00559,0.00559,,,5200702.0,,5200702.0
2025-04-21,31,107249254.0,0,0,0.0,0.00331,0.00331,0.00331,,,3088761.0,,3088761.0
2025-04-22,31,106894211.0,0,0,0.0,0.04529,0.04529,0.04529,,,41519495.0,,41519495.0
2025-04-23,31,102052987.0,0,0,0.0,0.01844,0.01844,0.01844,,,13149627.0,,13149627.0
2025-04-24,31,102529202.0,0,1,0.03226,0.00535,0.00534,0.00535,,,5203322.0,,5203322.0
2025-04-25,30,102340334.0,0,0,0.0,0.00993,0.00993,0.00993,,,9456936.0,,9456936.0
2025-04-28,30,101324213.0,0,0,0.0,0.00582,0.00582,0.00582,,,5569940.0,,5569940.0
2025-04-29,30,101914138.0,0,0,0.0,0.00093,0.00093,0.00093,,,1716831.0,,1716831.0
2025-04-30,30,101885068.0,0,0,0.0,0.00458,0.00458,0.00458,,,4913506.0,,4913506.0
2025-05-01,30,102232090.0,0,0,0.0,0.00076,0.00076,0.00076,,,420524.0,,420524.0
2025-05-02,30,102298828.0,0,0,0.0,0.00251,0.00251,0.00251,,,2237825.0,,2237825.0
2025-05-05,30,102555318.0,0,0,0.0,0.00464,0.00464,0.00464,,,7807256.0,,7807256.0
2025-05-06,30,102236268.0,0,0,0.0,0.00129,0.00129,0.00129,,,1151577.0,,1151577.0
2025-05-07,30,102148803.0,0,0,0.0,0.02108,0.02108,0.02108,,,18280901.0,,18280901.0
2025-05-08,30,100348854.0,0,0,0.0,0.00948,0.00948,0.00948,,,8563048.0,,8563048.0
2025-05-09,30,101139000.0,0,0,0.0,0.00698,0.00698,0.00698,,,6893674.0,,6893674.0
2025-05-12,30,101756657.0,0,0,0.0,0.00595,0.00595,0.00595,,,14097125.0,,14097125.0
2025-05-13,30,101316125.0,0,0,0.0,0.0,0.0,0.0,,,0.0,,0.0
2025-05-14,30,101316125.0,0,0,0.0,0.00233,0.00233,0.00233,,,2183601.0,,2183601.0
2025-05-15,30,101552063.0,0,0,0.0,0.00116,0.00116,0.00116,,,1052569.0,,1052569.0
2025-05-16,30,101434094.0,0,0,0.0,0.00349,0.00349,0.00349,,,3162012.0,,3162012.0
2025-05-19,30,101787998.0,0,0,0.0,0.01027,0.01027,0.01027,,,9619903.0,,9619903.0
2025-05-20,30,102833555.0,0,0,0.0,0.0,0.0,0.0,,,0.0,,0.0
2025-05-21,30,102833555.0,0,0,0.0,0.03326,0.03326,0.03326,,,31516022.0,,31516022.0
2025-05-22,30,99412976.0,0,0,0.0,0.00119,0.00119,0.00119,,,1029288.0,,1029288.0
2025-05-23,30,99295026.0,0,0,0.0,0.00594,0.00594,0.00594,,,5182236.0,,5182236.0
2025-05-27,30,99884771.0,0,0,0.0,0.01653,0.01653,0.02235,0.00353,1.0,20825110.0,4486746.0,14564947.0
2025-05-28,30,101536057.0,0,0,0.0,0.00348,0.00348,0.00488,0.00366,1.0,9798731.0,5782730.0,4608190.0
2025-05-29,30,101322649.0,0,0,0.0,0.00889,0.00889,0.00957,0.00263,1.0,10757800.0,2769100.0,10037544.0
2025-05-30,30,101642826.0,0,0,0.0,0.04565,0.04565,0.04715,0.00237,1.0,42520086.0,2189598.0,41208368.0
2025-06-02,30,97003226.0,0,0,0.0,0.00468,0.00468,0.00855,0.00399,1.0,18434890.0,9109420.0,4093785.0
2025-06-03,30,97149511.0,0,0,0.0,0.00399,0.00399,0.00399,0.0007,1.0,9087398.0,855002.0,9087398.0
2025-06-04,30,96956835.0,0,0,0.0,0.0043,0.0043,0.0043,0.0,,4026951.0,0.0,4026951.0
2025-06-05,30,96544054.0,0,0,0.0,0.02906,0.02906,0.02906,0.0,,26982927.0,0.0,26982927.0
2025-06-06,30,99349558.0,0,0,0.0,0.01412,0.01412,0.01412,0.0,,13269673.0,0.0,13269673.0
2025-06-09,30,97946818.0,0,0,0.0,0.01074,0.01074,0.01074,0.0,,10441727.0,0.0,10441727.0
2025-06-10,30,96894727.0,0,0,0.0,0.00603,0.00603,0.00603,0.0,,5921788.0,0.0,5921788.0
2025-06-11,30,96310257.0,0,0,0.0,0.02063,0.02063,0.02063,0.0,,20489380.0,0.0,20489380.0
2025-06-12,30,94323025.0,0,0,0.0,0.02355,0.02355,0.02355,0.0,,22933346.0,0.0,22933346.0
2025-06-13,30,96544049.0,0,0,0.0,0.00363,0.00363,0.00363,0.0,,3535592.0,0.0,3535592.0
2025-06-16,30,96193361.0,0,0,0.0,0.01701,0.01701,0.01701,0.0,,16339926.0,0.0,16339926.0
2025-06-17,30,97829989.0,0,0,0.0,0.02031,0.02031,0.02031,0.0,,20230648.0,0.0,20230648.0
2025-06-18,30,99817255.0,0,0,0.0,0.00703,0.00703,0.00938,0.00117,1.0,8833475.0,886241.0,7060993.0
2025-06-20,30,100518631.0,1,0,0.03333,0.04866,0.04817,0.04892,0.00013,1.0,51387370.0,137722.0,51111925.0
2025-06-23,31,105409503.0,0,0,0.0,0.00788,0.00788,0.00788,0.00019,1.0,8434854.0,209821.0,8434854.0
2025-06-24,31,104578448.0,0,0,0.0,0.00131,0.00131,0.00131,0.0001,1.0,1386332.0,104956.0,1386332.0
2025-06-25,31,104441376.0,0,0,0.0,0.0303,0.0303,0.0303,0.0,,32562778.0,0.0,32562778.0
2025-06-26,31,101276784.0,0,0,0.0,0.00807,0.00807,0.00807,0.0,,8449940.0,0.0,8449940.0
2025-06-27,31,100459016.0,0,0,0.0,0.0093,0.0093,0.0093,0.0,,9793125.0,0.0,9793125.0
2025-06-30,31,99524408.0,0,0,0.0,0.01174,0.01174,0.01174,0.0,,12111957.0,0.0,12111957.0
2025-07-01,31,98356068.0,0,0,0.0,0.0,0.0,0.02651,0.01326,1.0,8542635.0,4271318.0,0.0
2025-07-02,31,98356068.0,1,0,0.03226,0.01326,0.0036,0.01591,0.00221,1.0,7243515.0,1512499.0,5080133.0
2025-07-03,32,99258889.0,0,0,0.0,0.00621,0.00621,0.00777,0.00187,1.0,6289656.0,873950.0,5766256.0
2025-07-07,32,99607386.0,0,0,0.0,0.01318,0.01318,0.01495,0.00158,1.0,16745830.0,2310162.0,13209983.0
2025-07-08,32,98502811.0,0,0,0.0,0.01654,0.01654,0.01654,0.00063,1.0,16826871.0,399388.0,16826871.0
2025-07-09,32,96990643.0,0,0,0.0,0.00307,0.00307,0.00359,0.00026,1.0,8312532.0,2724848.0,2927942.0
2025-07-10,32,96692604.0,0,0,0.0,0.03555,0.03555,0.03555,2e-05,1.0,39412803.0,130430.0,39412803.0
2025-07-11,32,100122469.0,0,0,0.0,0.01057,0.01057,0.01057,0.0,,11569364.0,0.0,11569364.0
2025-07-14,32,99064448.0,0,0,0.0,0.0,0.0,0.00162,0.00081,1.0,5555666.0,2777833.0,0.0
2025-07-15,32,99064448.0,0,0,0.0,0.00081,0.00081,0.00081,0.00051,1.0,2828158.0,1690195.0,2828158.0
2025-07-16,32,99089406.0,0,0,0.0,0.00526,0.00526,0.00644,0.0012,1.0,9797654.0,3432354.0,6527709.0
2025-07-17,32,98642165.0,0,0,0.0,0.00335,0.00335,0.00335,0.00034,1.0,5546221.0,1161425.0,5546221.0
2025-07-18,32,98845490.0,0,0,0.0,0.0039,0.0039,0.0039,0.00016,1.0,4772714.0,550286.0,4772714.0
2025-07-21,32,98487915.0,0,0,0.0,0.03712,0.03712,0.03712,0.0,,38607086.0,0.0,38607086.0
2025-07-22,32,94844991.0,0,0,0.0,0.02609,0.02609,0.02805,0.00105,1.0,37223576.0,6077692.0,26334275.0
2025-07-23,32,97319610.0,0,0,0.0,0.03054,0.03054,0.03054,0.0,,35231138.0,0.0,35231138.0
2025-07-24,32,100228647.0,0,0,0.0,0.0188,0.0188,0.0188,0.0,,21170283.0,0.0,21170283.0
2025-07-25,32,102113383.0,0,0,0.0,0.00231,0.00231,0.04681,0.02254,1.0,80118705.0,39249369.0,2592247.0
2025-07-28,32,102348975.0,0,0,0.0,0.02249,0.02249,0.03291,0.00521,1.0,37721528.0,2344757.0,33032014.0
2025-07-29,32,104427144.0,0,0,0.0,0.02657,0.02657,0.02657,0.00128,1.0,26335014.0,444868.0,26335014.0
2025-07-30,32,102589464.0,0,0,0.0,0.01388,0.01388,0.01388,0.0,,13792601.0,0.0,13792601.0
2025-07-31,32,101395336.0,0,0,0.0,0.00596,0.00596,0.05895,0.02769,1.0,29760799.0,13232675.0,6106660.0
2025-08-01,32,100790951.0,0,0,0.0,0.0409,0.0409,0.04355,0.00201,1.0,35200211.0,5939472.0,25367471.0
2025-08-04,32,104628167.0,0,0,0.0,0.00419,0.00419,0.00509,0.00081,1.0,10293956.0,1651880.0,7755440.0
2025-08-05,32,104308487.0,0,0,0.0,0.00535,0.00535,0.00535,0.00016,1.0,5756873.0,507135.0,5756873.0
2025-08-06,32,103801802.0,0,0,0.0,0.00254,0.00254,0.0133,0.0058,1.0,17287721.0,7949084.0,2821816.0
2025-08-07,32,104065187.0,1,0,0.03125,0.00819,0.00797,0.0172,0.00691,1.0,50481133.0,20447275.0,11817247.0
2025-08-08,33,104492374.0,1,0,0.0303,0.00688,0.00481,0.00709,0.0016,1.0,20862381.0,1647834.0,20583955.0
2025-08-11,34,104716243.0,0,0,0.0,0.0016,0.0016,0.002,0.0008,1.0,1829853.0,377775.0,1643115.0
2025-08-12,34,104868009.0,0,0,0.0,0.0008,0.0008,0.00873,0.00465,1.0,45025161.0,22645870.0,376017.0
2025-08-13,34,104951466.0,0,0,0.0,0.006,0.006,0.00753,0.002,1.0,25723021.0,4869384.0,24681558.0
2025-08-14,34,104929030.0,0,0,0.0,0.002,0.002,0.00425,0.00127,1.0,6257368.0,678778.0,5117179.0
2025-08-15,34,104899215.0,0,0,0.0,0.00475,0.00475,0.00619,0.00217,1.0,4618282.0,1136883.0,3863450.0
2025-08-18,34,104995886.0,0,0,0.0,0.00217,0.00217,0.00221,3e-05,1.0,1698613.0,366444.0,1125444.0
2025-08-19,34,105223819.0,0,0,0.0,0.00946,0.00946,0.01071,0.00064,1.0,12000674.0,1117122.0,10186181.0
2025-08-20,34,104232671.0,0,0,0.0,0.00156,0.00156,0.00158,8e-05,1.0,1933081.0,87936.0,1912238.0
2025-08-21,34,104175603.0,0,0,0.0,0.0035,0.0035,0.00357,4e-05,1.0,3570126.0,37471.0,3495185.0
2025-08-22,34,103811059.0,0,0,0.0,0.00955,0.00955,0.00955,0.0,,9625751.0,0.0,9625751.0
2025-08-25,34,102819969.0,0,0,0.0,0.01935,0.01935,0.01935,0.0,,20098835.0,0.0,20098835.0
2025-08-26,34,104809729.0,0,0,0.0,0.0,0.0,0.0,0.0,,0.0,0.0,0.0
2025-08-27,34,104809729.0,0,0,0.0,0.00119,0.00119,0.00119,0.0,,1237089.0,0.0,1237089.0
2025-08-28,34,104934037.0,0,0,0.0,0.00355,0.00355,0.00355,0.0,,3682187.0,0.0,3682187.0
2025-08-29,34,104561113.0,0,0,0.0,0.01189,0.01189,0.01189,0.0,,12298643.0,0.0,12298643.0
2025-09-02,34,103318033.0,0,0,0.0,0.01805,0.01805,0.01805,0.0,,18418248.0,0.0,18418248.0
2025-09-03,34,101453383.0,0,0,0.0,0.00245,0.00245,0.00245,0.0,,2464193.0,0.0,2464193.0
2025-09-04,34,101204763.0,0,0,0.0,0.00246,0.00246,0.00246,0.0,,2472057.0,0.0,2472057.0
2025-09-05,34,100956141.0,0,0,0.0,0.00985,0.00985,0.00985,0.0,,9899257.0,0.0,9899257.0
2025-09-08,34,99961653.0,0,0,0.0,0.0,0.0,0.0,0.0,,0.0,0.0,0.0
2025-09-09,34,99961653.0,0,0,0.0,0.00249,0.00249,0.0058,0.00169,1.0,4456605.0,1260326.0,2530865.0
2025-09-10,34,99713029.0,0,0,0.0,0.0017,0.0017,0.00317,0.00237,1.0,1899583.0,1367831.0,1295245.0
2025-09-11,34,99869538.0,0,0,0.0,0.00236,0.00236,0.00244,9e-05,1.0,1880812.0,692810.0,1300083.0
2025-09-12,34,100095144.0,0,0,0.0,0.0163,0.0163,0.01681,0.00028,1.0,18658593.0,697832.0,17730976.0
2025-09-15,34,98464023.0,0,0,0.0,0.00029,0.00029,0.00042,0.00035,1.0,1532383.0,1102689.0,672995.0
2025-09-16,34,98487097.0,0,0,0.0,0.00693,0.00693,0.00751,0.00069,1.0,8020971.0,1630554.0,6193582.0
2025-09-17,34,99169359.0,0,0,0.0,0.01949,0.01949,0.0269,0.00425,1.0,22224664.0,2266663.0,18809118.0
2025-09-18,34,101102232.0,0,0,0.0,0.01108,0.01108,0.01135,0.00091,1.0,9965828.0,742906.0,9472810.0
2025-09-19,34,100776962.0,0,0,0.0,0.00667,0.00667,0.00667,0.0,,7083377.0,0.0,7083377.0
2025-09-22,34,100244209.0,0,0,0.0,0.00121,0.00121,0.00138,0.0001,1.0,1652902.0,214932.0,1312693.0
2025-09-23,34,100365998.0,0,0,0.0,0.00739,0.00739,0.00748,0.00028,1.0,8344401.0,594560.0,8150041.0
2025-09-24,34,101107237.0,0,0,0.0,0.00267,0.00267,0.00267,0.0,,3116957.0,0.0,3116957.0
2025-09-25,34,100885281.0,0,0,0.0,0.0,0.0,0.00053,0.00026,1.0,1085322.0,542661.0,0.0
2025-09-26,34,100885281.0,0,0,0.0,0.01103,0.01103,0.01137,0.00017,1.0,12194096.0,288649.0,11616799.0
2025-09-29,34,99785476.0,0,0,0.0,0.00493,0.00493,0.00604,0.0006,1.0,7011530.0,974669.0,5196912.0
2025-09-30,34,99302122.0,0,0,0.0,0.01493,0.01493,0.01554,0.00051,1.0,16929856.0,849756.0,15898717.0
2025-10-01,34,97859421.0,0,0,0.0,0.02612,0.02612,0.02612,0.0,,28470858.0,0.0,28470858.0
2025-10-02,34,100415283.0,0,0,0.0,0.00499,0.00499,0.00499,0.0,,5735065.0,0.0,5735065.0
2025-10-03,34,99913903.0,0,0,0.0,0.0,0.0,0.0,0.0,,0.0,0.0,0.0
2025-10-06,34,99913903.0,0,0,0.0,0.00627,0.00627,0.01512,0.00455,1.0,19790287.0,6273025.0,7464300.0
2025-10-07,34,100540628.0,0,0,0.0,0.00803,0.00803,0.00803,0.0,,10586553.0,0.0,10586553.0
2025-10-08,34,101011011.0,0,0,0.0,0.0,0.0,0.0,0.0,,0.0,0.0,0.0
2025-10-09,34,101011011.0,0,0,0.0,0.01863,0.01863,0.01863,0.0,,23967531.0,0.0,23967531.0
2025-10-10,34,102892941.0,0,0,0.0,0.00732,0.00732,0.00732,0.0,,9461748.0,0.0,9461748.0
2025-10-13,34,103645713.0,0,0,0.0,0.0,0.0,0.0,0.0,,0.0,0.0,0.0
2025-10-14,34,103645713.0,0,0,0.0,0.00363,0.00363,0.00363,0.0,,4518928.0,0.0,4518928.0
2025-10-15,34,104022099.0,0,0,0.0,0.01568,0.01568,0.01568,0.0,,19743682.0,0.0,19743682.0
2025-10-16,34,102391093.0,0,0,0.0,0.01715,0.01715,0.02719,0.00503,1.0,28738043.0,3313055.0,22449102.0
2025-10-17,34,104147561.0,0,0,0.0,0.01008,0.01008,0.02556,0.00919,1.0,26634860.0,8223336.0,11038383.0
2025-10-20,34,104293937.0,0,0,0.0,0.02644,0.02644,0.03253,0.00317,1.0,60159893.0,16644561.0,29013473.0
2025-10-21,34,107034993.0,0,0,0.0,0.00508,0.00508,0.00508,0.0,,20494988.0,0.0,20494988.0
2025-10-22,34,107194472.0,0,0,0.0,0.00117,0.00117,0.00933,0.0041,1.0,18193419.0,8336685.0,1625333.0
2025-10-23,34,107319829.0,0,0,0.0,0.02098,0.02098,0.02338,0.00472,1.0,30673528.0,6952337.0,27669338.0
2025-10-24,34,105446417.0,0,0,0.0,0.01811,0.01811,0.01852,0.00049,1.0,25288439.0,2108092.0,24707279.0
2025-10-27,34,104071183.0,0,0,0.0,0.01073,0.01073,0.01325,0.00143,1.0,21493368.0,3216135.0,15598130.0
2025-10-28,34,102954689.0,0,0,0.0,0.02915,0.02915,0.02939,0.00102,1.0,37648714.0,1524716.0,37271726.0
2025-10-29,34,105956040.0,0,0,0.0,0.01499,0.01499,0.01499,0.00027,1.0,19261489.0,388247.0,19261489.0
2025-10-30,34,107544710.0,0,0,0.0,0.00356,0.00356,0.00373,8e-05,1.0,4782333.0,116151.0,4550031.0
2025-10-31,34,107196516.0,0,0,0.0,0.01635,0.01635,0.01644,5e-05,1.0,20807350.0,63410.0,20680530.0
2025-11-03,34,105444169.0,0,0,0.0,0.00482,0.00482,0.00686,0.00111,1.0,12763499.0,3481165.0,6270956.0
2025-11-04,34,105952583.0,0,0,0.0,0.00682,0.00682,0.00701,0.00076,1.0,10975868.0,1736002.0,10587214.0
2025-11-05,34,105320195.0,0,0,0.0,0.0053,0.0053,0.00792,0.00146,1.0,18845176.0,6414257.0,7078601.0
2025-11-06,34,105852677.0,0,0,0.0,0.00332,0.00332,0.01015,0.00394,1.0,26889229.0,9954101.0,8513450.0
2025-11-07,34,106017933.0,0,0,0.0,0.01223,0.01223,0.01513,0.00378,1.0,29293613.0,9214000.0,18305735.0
2025-11-10,34,107262129.0,0,0,0.0,0.00449,0.00449,0.00474,0.00026,1.0,10275820.0,971663.0,9352947.0
2025-11-11,34,107460054.0,0,0,0.0,0.0,0.0,0.00043,0.00021,1.0,2376336.0,1188168.0,0.0
2025-11-12,34,107460054.0,0,0,0.0,0.00048,0.00048,0.00056,0.00022,1.0,2456131.0,1216410.0,2186779.0
2025-11-13,34,107482647.0,0,0,0.0,0.01057,0.01057,0.0253,0.00751,1.0,51317835.0,20983995.0,12972395.0
2025-11-14,34,106346023.0,0,0,0.0,0.03103,0.03103,0.03255,0.00095,1.0,48905749.0,4060685.0,43491347.0
2025-11-17,34,103046047.0,0,1,0.02941,0.0085,0.0085,0.00992,0.00096,1.0,15401307.0,3673710.0,9579482.0
2025-11-18,33,102214516.0,0,0,0.0,0.01829,0.01829,0.0183,0.00059,1.0,22387847.0,1160000.0,21734497.0
2025-11-19,33,104083536.0,0,0,0.0,0.02272,0.02272,0.02291,0.00012,1.0,25305607.0,743407.0,24879351.0
2025-11-20,33,101718831.0,0,0,0.0,0.00761,0.00761,0.01157,0.00303,1.0,43767124.0,19611097.0,8097581.0
2025-11-21,33,102491738.0,0,0,0.0,0.02295,0.02295,0.02353,0.00073,1.0,41704463.0,5748179.0,39573499.0
2025-11-24,33,100161798.0,0,0,0.0,0.02999,0.02999,0.02999,0.00024,1.0,38349697.0,1459289.0,38349697.0
2025-11-25,33,103092723.0,0,0,0.0,0.00518,0.00518,0.00579,0.00052,1.0,13895728.0,3711624.0,7515129.0
2025-11-26,33,103620683.0,0,0,0.0,0.01123,0.01123,0.01124,4e-05,1.0,17074748.0,399346.0,17058398.0
2025-11-28,33,102457451.0,0,0,0.0,0.00377,0.00377,0.00377,0.0,1.0,4944348.0,49203.0,4944348.0
2025-12-01,33,102071507.0,0,1,0.0303,0.01,0.01,0.01,5e-05,1.0,12320937.0,59775.0,12320937.0
2025-12-02,32,103091590.0,0,0,0.0,0.00747,0.00747,0.00747,0.0,,8877719.0,0.0,8877719.0
2025-12-03,32,103861712.0,0,0,0.0,0.01474,0.01474,0.015,0.00015,1.0,21817033.0,2419278.0,17560491.0
2025-12-04,32,105392636.0,0,0,0.0,0.00256,0.00256,0.00256,6e-05,1.0,5354869.0,967542.0,5354869.0
2025-12-05,32,105152546.0,0,0,0.0,0.01583,0.01583,0.02163,0.00383,1.0,37936750.0,12774874.0,21442857.0
2025-12-08,32,106817314.0,0,0,0.0,0.00718,0.00718,0.00718,0.00159,1.0,16510206.0,3511241.0,16510206.0
2025-12-09,32,107212942.0,0,0,0.0,0.01294,0.01294,0.01315,0.00103,1.0,18490679.0,1753817.0,18145663.0
2025-12-10,32,108441632.0,0,0,0.0,0.00671,0.00671,0.00675,0.00043,1.0,9129120.0,747468.0,9048496.0
2025-12-11,32,108961491.0,0,0,0.0,0.00628,0.00628,0.00741,0.00058,1.0,10602720.0,1183837.0,8315918.0
2025-12-12,32,108281224.0,0,0,0.0,0.00942,0.00942,0.01009,0.00051,1.0,13540296.0,995645.0,12214231.0
2025-12-15,32,107321930.0,0,0,0.0,0.00051,0.00051,0.00051,0.00013,1.0,991252.0,253476.0,991252.0
2025-12-16,32,107376847.0,0,0,0.0,0.00245,0.00245,0.00307,0.00031,1.0,4858761.0,887695.0,3083371.0
2025-12-17,32,107132076.0,0,0,0.0,0.02278,0.02278,0.02983,0.00376,1.0,32021002.0,2514336.0,28405947.0
2025-12-18,32,104742424.0,0,0,0.0,0.01612,0.01612,0.0181,0.00281,1.0,23072787.0,3351211.0,19459454.0
2025-12-19,32,103487138.0,0,0,0.0,0.01122,0.01122,0.01122,9e-05,1.0,14496572.0,114352.0,14496572.0
2025-12-22,32,102488851.0,0,0,0.0,0.00841,0.00841,0.00994,0.00175,1.0,11698835.0,1264875.0,9956427.0
2025-12-23,32,103351227.0,0,0,0.0,0.00404,0.00404,0.00404,0.0005,1.0,4094119.0,164666.0,4094119.0
2025-12-24,32,103707931.0,0,0,0.0,0.00771,0.00771,0.00771,1e-05,1.0,8943079.0,18978.0,8943079.0
2025-12-26,32,104507323.0,0,0,0.0,0.00981,0.00981,0.00987,3e-05,1.0,12063452.0,42503.0,11978447.0
2025-12-29,32,103481795.0,0,0,0.0,0.00245,0.00245,0.00245,0.0,,2911837.0,0.0,2911837.0
2025-12-30,32,103228256.0,0,0,0.0,0.00135,0.00135,0.00313,0.00101,1.0,2938964.0,856615.0,1557606.0
2025-12-31,32,103088648.0,0,0,0.0,0.00187,0.00187,0.00237,0.00038,1.0,2499665.0,731278.0,1838947.0
2026-01-02,32,103262147.0,0,0,0.0,0.00038,0.00038,0.00251,0.00122,1.0,7627237.0,3822645.0,725859.0
2026-01-05,32,103283523.0,0,0,0.0,0.00626,0.00626,0.00702,0.00088,1.0,12753585.0,3957767.0,8626316.0
2026-01-06,32,102719191.0,0,0,0.0,0.00219,0.00219,0.00255,0.00024,1.0,7801589.0,1888306.0,5328913.0
2026-01-07,32,102902321.0,0,0,0.0,0.02167,0.02167,0.02167,0.0,,26133098.0,0.0,26133098.0
2026-01-08,32,105125986.0,0,0,0.0,0.00356,0.00356,0.00356,0.00021,1.0,4662418.0,209393.0,4662418.0
2026-01-09,32,105500647.0,0,0,0.0,0.02744,0.02744,0.02843,0.0028,1.0,35629438.0,2544137.0,34610828.0
2026-01-12,32,108395443.0,0,0,0.0,0.00555,0.00555,0.00653,0.00094,1.0,13544000.0,4231898.0,6319783.0
2026-01-13,32,108305620.0,0,0,0.0,0.0018,0.0018,0.0018,6e-05,1.0,5242937.0,69460.0,5242937.0
2026-01-14,32,108196951.0,0,0,0.0,0.00828,0.00828,0.00828,0.0,,11046811.0,0.0,11046811.0
2026-01-15,32,107301505.0,0,0,0.0,0.0036,0.0036,0.0036,8e-05,1.0,4849543.0,103264.0,4849543.0
2026-01-16,32,107687893.0,0,0,0.0,0.01443,0.01443,0.01443,0.0,,19219278.0,0.0,19219278.0
2026-01-20,32,109242036.0,0,0,0.0,0.00472,0.00472,0.00472,0.0,,6323576.0,0.0,6323576.0
2026-01-21,32,108726812.0,0,0,0.0,0.00355,0.00355,0.00409,0.00033,1.0,7090249.0,1599984.0,4715681.0
2026-01-22,32,109113230.0,0,0,0.0,0.00485,0.00485,0.00512,0.00025,1.0,8283997.0,928220.0,7364277.0
2026-01-23,32,109621257.0,0,0,0.0,0.01506,0.01506,0.01506,7e-05,1.0,21403274.0,514272.0,21403274.0
2026-01-26,32,111272383.0,0,0,0.0,0.02771,0.02771,0.02773,1e-05,1.0,38629716.0,77861.0,38473993.0
2026-01-27,32,108189402.0,0,0,0.0,0.00198,0.00198,0.00198,0.0,,2759574.0,0.0,2759574.0
2026-01-28,32,108403750.0,0,0,0.0,0.01781,0.01781,0.01886,0.00059,1.0,28042041.0,3056100.0,24192939.0
2026-01-29,32,106472830.0,0,0,0.0,0.0069,0.0069,0.00731,0.00029,1.0,10551938.0,1396062.0,9947030.0
2026-01-30,32,105742086.0,0,0,0.0,0.02573,0.02573,0.02573,0.0,,32122200.0,0.0,32122200.0
2026-02-02,32,108463246.0,0,0,0.0,0.00594,0.00594,0.00748,0.00081,1.0,25348021.0,9347175.0,7562570.0
2026-02-03,32,107819251.0,0,0,0.0,0.00438,0.00438,0.00438,0.00032,1.0,13918966.0,3443014.0,13918966.0
2026-02-04,32,107416866.0,0,0,0.0,0.00628,0.00628,0.00815,0.00101,1.0,25677207.0,8470289.0,10571205.0
2026-02-05,32,106798150.0,0,0,0.0,0.00451,0.00451,0.00451,0.00052,1.0,11697273.0,3370749.0,11697273.0
2026-02-06,32,106435263.0,0,0,0.0,0.02701,0.02701,0.02714,7e-05,1.0,33233341.0,703620.0,31837219.0
2026-02-09,32,109309753.0,0,0,0.0,0.0095,0.0095,0.0095,0.0,1.0,12199112.0,3954.0,12191205.0
2026-02-10,32,108271674.0,0,0,0.0,0.0119,0.0119,0.01191,1e-05,1.0,14532019.0,36500.0,14459020.0
2026-02-11,32,106982966.0,0,0,0.0,0.01928,0.01928,0.01928,1e-05,1.0,23207286.0,61412.0,23207286.0
2026-02-12,32,109045653.0,0,0,0.0,0.02601,0.02601,0.02678,0.00097,1.0,35649624.0,4408657.0,31507067.0
2026-02-13,32,111882090.0,0,0,0.0,0.01751,0.01751,0.01797,0.00059,1.0,23687450.0,2328381.0,21193879.0
2026-02-17,32,113837235.0,0,0,0.0,0.00058,0.00058,0.00108,0.0005,1.0,4219650.0,2290845.0,2405784.0
2026-02-18,32,113846884.0,0,0,0.0,0.02177,0.02177,0.02552,0.00203,1.0,31040457.0,1750626.0,29460019.0
2026-02-19,32,111368397.0,0,0,0.0,0.01183,0.01183,0.02805,0.00857,1.0,43127288.0,13664579.0,16735612.0
2026-02-20,32,110145812.0,0,0,0.0,0.01747,0.01747,0.02147,0.002,1.0,28660088.0,865906.0,26928277.0
2026-02-23,32,109731944.0,0,0,0.0,0.00922,0.00922,0.00922,0.0,,11326821.0,0.0,11326821.0
2026-02-24,32,108910900.0,0,0,0.0,0.00838,0.00838,0.00838,0.0,,10014080.0,0.0,10014080.0
2026-02-25,32,107997988.0,0,0,0.0,0.00121,0.00121,0.00326,0.00105,1.0,12955701.0,5865262.0,1469574.0
2026-02-26,32,107867572.0,0,0,0.0,0.00105,0.00105,0.02274,0.01124,1.0,14228583.0,5089159.0,5651855.0
2026-02-27,32,107964364.0,0,0,0.0,0.05194,0.05194,0.06409,0.00723,1.0,91579170.0,18618101.0,61104645.0
2026-03-02,32,112775888.0,0,0,0.0,0.07947,0.07947,0.07966,0.00035,1.0,105993943.0,645974.0,105709606.0
2026-03-03,32,104670106.0,0,1,0.03125,0.00386,0.00385,0.07388,0.03512,1.0,168369737.0,81987040.0,4702751.0
2026-03-04,31,104316280.0,2,0,0.06452,0.03871,0.03742,0.03871,0.00642,1.0,83297791.0,6167919.0,83297791.0
2026-03-05,33,104343134.0,0,0,0.0,0.00642,0.00642,0.01354,0.00626,1.0,9190719.0,3420554.0,6262420.0
2026-03-06,33,103984036.0,0,2,0.06061,0.01303,0.01303,0.01802,0.00467,1.0,12348425.0,911207.0,11819825.0
2026-03-09,31,103463238.0,0,1,0.03226,0.00469,0.00469,0.00469,0.0018,1.0,914625.0,188240.0,914625.0
2026-03-10,30,103153634.0,0,0,0.0,0.00306,0.00306,0.00387,0.0019,1.0,3345356.0,1253009.0,1618119.0
2026-03-11,30,103096942.0,0,0,0.0,0.00542,0.00542,0.00786,0.00233,1.0,9564002.0,2994615.0,4892487.0
2026-03-12,30,103378254.0,0,0,0.0,0.00232,0.00232,0.00326,0.00087,1.0,7221263.0,3298832.0,3008399.0
2026-03-13,30,103186860.0,0,0,0.0,0.01171,0.01171,0.01171,8e-05,1.0,12306648.0,266153.0,12306648.0
2026-03-16,30,102016016.0,0,0,0.0,0.00763,0.00763,0.00763,0.0,,7735173.0,0.0,7735173.0
2026-03-17,30,101237709.0,0,0,0.0,0.00128,0.00128,0.00128,0.0,,1322347.0,0.0,1322347.0
2026-03-18,30,101108429.0,0,0,0.0,0.00384,0.00384,0.00455,0.00045,1.0,6458532.0,1260011.0,4061812.0
2026-03-19,30,101496269.0,0,1,0.03333,0.00045,0.00045,0.00071,0.0002,1.0,1701072.0,271749.0,1248029.0
2026-03-20,29,101518187.0,0,0,0.0,0.00246,0.00246,0.00683,0.00238,1.0,6515825.0,2234465.0,2572780.0
2026-03-23,29,101279532.0,0,0,0.0,0.00807,0.00807,0.0082,0.00014,1.0,7978074.0,264448.0,7742425.0
2026-03-24,29,100490889.0,0,0,0.0,0.02585,0.02585,0.02585,8e-05,1.0,26756234.0,94842.0,26756234.0
2026-03-25,29,103088289.0,0,0,0.0,0.00744,0.00744,0.00769,0.00026,1.0,9081082.0,775396.0,7845780.0
2026-03-26,29,102321131.0,0,0,0.0,0.00251,0.00251,0.00251,9e-05,1.0,3103185.0,425142.0,3103185.0
2026-03-27,29,102577588.0,0,0,0.0,9e-05,9e-05,0.00104,0.00047,1.0,1102970.0,344506.0,413959.0
2026-03-30,29,102586680.0,0,0,0.0,0.00764,0.00764,0.00807,0.00037,1.0,9330208.0,1204727.0,7512591.0
2026-03-31,29,101860211.0,0,0,0.0,0.00038,0.00038,0.00101,0.00053,1.0,3205929.0,1711643.0,1238713.0
2026-04-01,29,101858785.0,0,0,0.0,0.01064,0.01064,0.01089,0.00015,1.0,12854517.0,474850.0,12080619.0
2026-04-02,29,100774673.0,0,0,0.0,0.00256,0.00256,0.00257,2e-05,1.0,2955310.0,90627.0,2952076.0
2026-04-06,29,100525924.0,0,0,0.0,0.00512,0.00512,0.00512,0.0,,5350787.0,0.0,5350787.0
2026-04-07,29,100011087.0,0,0,0.0,0.0,0.0,4e-05,2e-05,1.0,266040.0,133020.0,0.0
2026-04-08,29,100011087.0,0,0,0.0,0.01423,0.01423,0.01433,0.00016,1.0,15308679.0,594322.0,14990008.0
2026-04-09,29,101434262.0,0,0,0.0,0.0014,0.0014,0.00156,0.00017,1.0,2910218.0,954840.0,1892523.0
2026-04-10,29,101569187.0,0,0,0.0,0.00272,0.00272,0.00272,0.0,,3566653.0,0.0,3566653.0
2026-04-13,29,101845161.0,0,0,0.0,0.00888,0.00888,0.00888,0.0,,9290020.0,0.0,9290020.0
2026-04-14,29,100940551.0,0,0,0.0,0.00512,0.00512,0.00512,0.0,,5562741.0,0.0,5562741.0
2026-04-15,29,101457471.0,0,0,0.0,0.02165,0.02165,0.02165,0.0,,24831423.0,0.0,24831423.0
2026-04-16,29,103654381.0,0,0,0.0,0.02868,0.02868,0.03154,0.00203,1.0,39533827.0,3700260.0,34317926.0
2026-04-17,29,100682091.0,0,0,0.0,0.01364,0.01364,0.03056,0.00925,1.0,39523598.0,12278709.0,18109275.0
2026-04-20,29,99308420.0,0,0,0.0,0.04153,0.04153,0.04153,0.00031,1.0,53061210.0,1834791.0,53061210.0
2026-04-21,29,96228346.0,0,0,0.0,0.00807,0.00807,0.00807,0.0,,9446026.0,0.0,9446026.0
2026-04-22,29,96972569.0,0,0,0.0,0.03195,0.03195,0.03195,0.0,,36685606.0,0.0,36685606.0
2026-04-23,29,100071185.0,0,0,0.0,0.01677,0.01677,0.01677,0.0,,19996915.0,0.0,19996915.0
2026-04-24,29,101749602.0,0,0,0.0,0.01396,0.01396,0.01396,0.0,,16276937.0,0.0,16276937.0
2026-04-27,29,100329403.0,0,0,0.0,0.00141,0.00141,0.00195,0.00027,1.0,2268639.0,373816.0,1521006.0
2026-04-28,29,100391846.0,0,0,0.0,0.00027,0.00027,0.00139,0.00083,1.0,1820462.0,1089049.0,357635.0
2026-04-29,29,100419272.0,0,0,0.0,0.01882,0.01882,0.02415,0.00401,1.0,34542451.0,8211731.0,21689484.0
2026-04-30,29,102309586.0,0,0,0.0,0.00394,0.00394,0.00394,0.0,,7800836.0,0.0,7800836.0
2026-05-01,29,102586380.0,0,0,0.0,0.04419,0.04419,0.04419,0.0,,52061000.0,0.0,52061000.0
2026-05-04,29,107119335.0,0,0,0.0,0.04353,0.04353,0.04353,0.0,,54364690.0,0.0,54364690.0
2026-05-05,29,102456867.0,0,0,0.0,0.0,0.0,0.00191,0.00096,1.0,9669311.0,4834656.0,0.0
2026-05-06,29,102456867.0,0,0,0.0,0.03358,0.03358,0.03401,0.00037,1.0,43162222.0,2081042.0,40783466.0
2026-05-07,29,99096622.0,0,0,0.0,0.00416,0.00416,0.00601,0.00117,1.0,9925348.0,3319978.0,5940381.0
2026-05-08,29,99491459.0,0,0,0.0,0.00117,0.00117,0.0017,0.00028,1.0,3988477.0,435605.0,3248981.0
2026-05-11,29,99421704.0,0,0,0.0,0.02369,0.02369,0.02481,0.00087,1.0,32217323.0,4605659.0,27540482.0
2026-05-12,29,101776796.0,0,0,0.0,0.00328,0.00328,0.00328,0.00021,1.0,6816402.0,804638.0,6816402.0
2026-05-13,29,101494548.0,0,0,0.0,0.00021,0.00021,0.00077,0.00049,1.0,5694300.0,3249624.0,804948.0
2026-05-14,29,101474959.0,0,0,0.0,0.00557,0.00557,0.00581,0.00049,1.0,8872924.0,806430.0,8541917.0
2026-05-15,29,100928913.0,0,0,0.0,0.00049,0.00049,0.00049,7e-05,1.0,804783.0,187897.0,804783.0
2026-05-18,29,100879080.0,0,0,0.0,0.00648,0.00648,0.00648,0.00011,1.0,7188405.0,217513.0,7188405.0
2026-05-19,29,100225055.0,0,0,0.0,0.00845,0.00845,0.00845,0.0,,9161927.0,0.0,9161927.0
2026-05-20,29,99378643.0,0,0,0.0,0.0067,0.0067,0.0067,0.0,,7237404.0,0.0,7237404.0
2026-05-21,29,98712393.0,0,0,0.0,0.0,0.0,0.0,0.0,,0.0,0.0,0.0
2026-05-22,29,98712393.0,0,0,0.0,0.00658,0.00658,0.00658,0.0,,7641542.0,0.0,7641542.0
2026-05-26,29,98063113.0,0,0,0.0,0.00395,0.00395,0.00395,0.0,,4570346.0,0.0,4570346.0
2026-05-27,29,97676068.0,0,0,0.0,0.00132,0.00132,0.00185,0.00027,1.0,3972375.0,1208961.0,1554453.0
2026-05-28,29,97547053.0,0,0,0.0,0.00155,0.00155,0.00155,0.0,,2758334.0,0.0,2758334.0
2026-05-29,29,97697809.0,0,0,0.0,0.00268,0.00268,0.00268,0.0,,3456276.0,0.0,3456276.0
2026-06-01,29,97435557.0,0,0,0.0,0.00132,0.00132,0.00132,0.0,,1722323.0,0.0,1722323.0
2026-06-02,29,97306519.0,0,0,0.0,0.00406,0.00406,0.00406,0.0,,5298551.0,0.0,5298551.0
2026-06-03,29,96911089.0,0,0,0.0,0.00399,0.00399,0.00399,0.0,,5079837.0,0.0,5079837.0
2026-06-04,29,96524008.0,0,0,0.0,0.01294,0.01294,0.01294,0.0,,16314405.0,0.0,16314405.0
2026-06-05,29,97772808.0,0,0,0.0,0.00536,0.00536,0.00536,0.0,,7340811.0,0.0,7340811.0
2026-06-08,29,97248730.0,0,0,0.0,0.01193,0.01193,0.01193,0.0,,14949191.0,0.0,14949191.0
2026-06-09,29,96088072.0,0,0,0.0,0.00667,0.00667,0.00667,0.0,,8184291.0,0.0,8184291.0
2026-06-10,29,96696144.0,0,0,0.0,0.01067,0.01067,0.01067,0.0,,13344420.0,0.0,13344420.0
2026-06-11,29,95664840.0,0,0,0.0,0.00653,0.00653,0.00653,0.0,,7916079.0,0.0,7916079.0
2026-06-12,29,96289240.0,0,0,0.0,0.00682,0.00682,0.00682,0.0,,8504801.0,0.0,8504801.0
2026-06-15,29,95632792.0,0,0,0.0,0.0379,0.0379,0.0379,0.0,,46773678.0,0.0,46773678.0
2026-06-16,29,92008504.0,0,0,0.0,0.0408,0.0408,0.0408,0.0,,50659756.0,0.0,50659756.0
2026-06-17,29,95747000.0,0,0,0.0,0.01976,0.01976,0.02169,0.00115,1.0,65878466.0,20788641.0,25410235.0
2026-06-18,29,97601230.0,0,0,0.0,0.01224,0.01224,0.0126,0.00105,1.0,35297813.0,13505086.0,32343829.0
2026-06-22,29,98674970.0,0,0,0.0,0.00485,0.00485,0.00485,0.00023,1.0,18278858.0,1815505.0,18278858.0
2026-06-23,29,98981210.0,0,0,0.0,0.00023,0.00023,0.00025,3e-05,1.0,1817253.0,65722.0,1769367.0
2026-06-24,29,98963060.0,0,0,0.0,0.00386,0.00386,0.02445,0.01088,1.0,51905511.0,24608927.0,5313423.0
2026-06-25,29,98581394.0,0,0,0.0,0.01183,0.01183,0.01358,0.00715,1.0,32492387.0,13238316.0,27700952.0
2026-06-26,29,98376183.0,0,0,0.0,0.04273,0.04273,0.04704,0.00547,1.0,71806234.0,8641959.0,60902887.0
2026-06-29,29,102579708.0,0,0,0.0,0.0078,0.0078,0.00917,0.0041,1.0,16679005.0,7135020.0,13666359.0
2026-06-30,29,102309232.0,0,0,0.0,0.0303,0.0303,0.03201,0.00368,1.0,54910677.0,4346783.0,50038078.0
2026-07-01,29,105409163.0,0,0,0.0,0.01317,0.01317,0.01567,0.00237,1.0,31717221.0,7420370.0,25263322.0
2026-07-02,29,104200012.0,0,0,0.0,0.03159,0.03159,0.0317,0.00139,1.0,58292825.0,2844641.0,58253556.0
2026-07-06,29,101122682.0,0,0,0.0,0.02871,0.02871,0.03165,0.00236,1.0,59139274.0,7436515.0,47970804.0
2026-07-07,29,104025801.0,0,0,0.0,0.0032,0.0032,0.01519,0.00705,1.0,59205749.0,28170129.0,8563590.0
2026-07-08,29,104182738.0,0,0,0.0,0.00761,0.00761,0.01307,0.00533,1.0,66917840.0,38881999.0,28033569.0
2026-07-09,29,104521607.0,0,0,0.0,0.01407,0.01407,0.02945,0.00986,1.0,75314375.0,20032605.0,52329296.0
2026-07-10,29,103206932.0,0,0,0.0,0.00998,0.00998,0.01214,0.00524,1.0,24655877.0,5880123.0,20551980.0
2026-07-13,29,103627583.0,0,1,0.03448,0.00553,0.00553,0.01345,0.00756,1.0,23366731.0,11336904.0,6330006.0
2026-07-14,28,104029459.0,0,0,0.0,0.00783,0.00783,0.00783,0.00336,1.0,12234076.0,5448640.0,12234076.0
2026-07-15,28,104095478.0,0,0,0.0,0.00448,0.00448,0.00566,0.0028,1.0,10479926.0,5300581.0,7664101.0
2026-07-16,28,103834686.0,0,0,0.0,0.00472,0.00472,0.04828,0.02475,1.0,47002615.0,24202936.0,8036122.0
2026-07-17,28,104045818.0,0,0,0.0,0.03633,0.03633,0.03637,0.00278,1.0,44710396.0,2745351.0,44384887.0
2026-07-20,28,105362523.0,0,0,0.0,0.01169,0.01169,0.03456,0.01492,1.0,44474204.0,18135592.0,17474462.0
2026-07-21,28,106515073.0,0,0,0.0,0.01628,0.01628,0.01753,0.00174,1.0,23910196.0,4027389.0,19561839.0
2026-07-22,28,106312274.0,0,0,0.0,0.00669,0.00669,0.01077,0.00247,1.0,15217447.0,1721429.0,13101783.0
2026-07-23,28,105664360.0,0,0,0.0,0.00249,0.00249,0.00258,0.00034,1.0,1848720.0,447594.0,1693574.0
2026-07-24,28,105898099.0,0,0,0.0,0.00476,0.00476,0.02752,0.01158,1.0,34288158.0,13587689.0,7506153.0
2026-07-27,28,105413548.0,0,0,0.0,0.03232,0.03232,0.03232,0.0,,46121809.0,0.0,46121809.0
2026-07-28,28,107396159.0,0,0,0.0,0.02784,0.02784,0.02784,0.0,,43291406.0,0.0,43291406.0
2026-07-29,28,104406491.0,0,0,0.0,0.00121,0.00121,0.00121,0.0,,1848348.0,0.0,1848348.0
2026-07-30,28,104532782.0,0,0,0.0,0.02181,0.02181,0.02181,0.0,,32994951.0,0.0,32994951.0
2026-07-31,28,106799246.0,0,0,0.0,0.0182,0.0182,0.0182,0.0,,29312965.0,0.0,29312965.0
2026-08-03,28,104855321.0,0,0,0.0,0.00247,0.00247,0.00247,0.0,,3841915.0,0.0,3841915.0
2026-08-04,28,104596131.0,0,0,0.0,0.00241,0.00241,0.00802,0.00281,1.0,10219404.0,3248352.0,3872807.0
2026-08-05,28,104848713.0,0,0,0.0,0.01138,0.01138,0.01164,0.002,1.0,19179784.0,3466306.0,16954203.0
2026-08-06,28,103685002.0,0,0,0.0,0.00556,0.00556,0.01469,0.00645,1.0,17786885.0,6415166.0,9519491.0
2026-08-07,28,103910161.0,0,0,0.0,0.00868,0.00868,0.00868,0.002,1.0,10024622.0,1886985.0,10024622.0
2026-08-10,28,103288703.0,0,0,0.0,0.02845,0.02845,0.02901,0.00046,1.0,47842617.0,1360510.0,47534820.0
2026-08-11,28,100350126.0,0,0,0.0,0.01007,0.01007,0.01037,0.00098,1.0,16738883.0,837574.0,16145050.0
2026-08-12,28,101360244.0,0,0,0.0,0.00486,0.00486,0.00869,0.00231,1.0,18054193.0,5784925.0,8803805.0
2026-08-13,28,100942975.0,0,0,0.0,0.00432,0.00432,0.00977,0.00406,1.0,13811780.0,5152822.0,9381671.0
2026-08-14,28,100891881.0,0,0,0.0,0.01019,0.01019,0.01019,0.0007,1.0,15661012.0,1123794.0,15619027.0
2026-08-17,28,101443000.0,0,0,0.0,0.0007,0.0007,0.01173,0.00617,1.0,28815448.0,14890669.0,1131834.0
2026-08-18,28,101512978.0,0,0,0.0,0.00616,0.00616,0.00687,0.00183,1.0,17549364.0,5807458.0,15143659.0
2026-08-19,28,101480798.0,0,0,0.0,0.00265,0.00265,0.00435,0.00195,1.0,15752481.0,8098945.0,6854292.0
2026-08-20,28,101419356.0,0,0,0.0,0.02468,0.02468,0.02468,0.00046,1.0,43506345.0,1087186.0,43506345.0
2026-08-21,28,103877478.0,0,1,0.03571,0.00862,0.00861,0.00935,0.00052,1.0,17303852.0,842584.0,16351769.0
2026-08-24,27,103019022.0,0,0,0.0,0.04898,0.04898,0.04988,0.00069,1.0,98164544.0,1042927.0,96977692.0
2026-08-25,27,108064972.0,0,0,0.0,0.00383,0.00383,0.00408,0.00013,1.0,8001228.0,341531.0,7356149.0
2026-08-26,27,107750052.0,0,0,0.0,0.01178,0.01178,0.01642,0.00283,1.0,36663657.0,7281775.0,24733768.0
2026-08-27,27,109019471.0,0,0,0.0,0.00288,0.00288,0.00339,0.0003,1.0,12633180.0,2990187.0,6878047.0
2026-08-28,27,109314743.0,0,0,0.0,0.01276,0.01276,0.01364,0.00066,1.0,28465313.0,2720160.0,25145973.0
2026-08-31,27,110690745.0,0,0,0.0,0.00386,0.00386,0.00956,0.00332,1.0,44690278.0,20015225.0,9084552.0
2026-09-01,27,110367607.0,0,0,0.0,0.00533,0.00533,0.0059,0.0006,1.0,24216219.0,842548.0,23411709.0
2026-09-02,27,109973339.0,0,0,0.0,0.00632,0.00632,0.00686,0.00087,1.0,13038481.0,1220310.0,12277000.0
2026-09-03,27,110668120.0,0,0,0.0,0.00198,0.00198,0.00198,0.00036,1.0,3486848.0,504632.0,3486848.0
2026-09-04,27,110635351.0,0,0,0.0,0.0081,0.0081,0.0081,0.0,,16349555.0,0.0,16349555.0
