d,n0,sh0,add,rem,nt,si,se,tt,ta,ta_cov,tt_usd,ta_usd,si_usd
2014-10-31,48,178019.0,0,0,0.0,0.99901,0.99901,0.99901,,,1992905.0,,1992905.0
2014-11-03,48,355863.0,0,0,0.0,0.0,0.0,0.0,,,0.0,,0.0
2014-11-04,48,355863.0,0,0,0.0,0.0,0.0,0.0,,,0.0,,0.0
2014-11-05,48,355863.0,0,0,0.0,0.0,0.0,0.0,,,0.0,,0.0
2014-11-06,48,355863.0,0,0,0.0,0.0,0.0,0.0,,,0.0,,0.0
2014-11-07,48,355863.0,0,1,0.02083,0.00844,0.00576,0.00844,,,115510.0,,115510.0
2014-11-10,47,356948.0,0,0,0.0,0.0,0.0,0.0,,,0.0,,0.0
2014-11-11,47,356948.0,0,0,0.0,0.0,0.0,0.0,,,0.0,,0.0
2014-11-12,47,356948.0,0,0,0.0,0.0,0.0,0.0,,,0.0,,0.0
2014-11-13,47,356948.0,0,0,0.0,0.00157,0.00157,0.00157,,,30321.0,,30321.0
2014-11-14,47,356788.0,0,0,0.0,0.0,0.0,0.0,,,0.0,,0.0
2014-11-17,47,356788.0,0,0,0.0,0.0,0.0,0.0,,,0.0,,0.0
2014-11-18,47,356788.0,0,0,0.0,0.0,0.0,0.0,,,0.0,,0.0
2014-11-19,47,356788.0,0,0,0.0,0.0,0.0,0.0,,,0.0,,0.0
2014-11-20,47,356788.0,0,0,0.0,0.0,0.0,0.0,,,0.0,,0.0
2014-11-21,47,356788.0,0,0,0.0,0.0,0.0,0.0,,,0.0,,0.0
2014-11-24,47,356788.0,0,0,0.0,0.0,0.0,0.0,,,0.0,,0.0
2014-11-25,47,356788.0,0,0,0.0,0.0,0.0,0.0,,,0.0,,0.0
2014-11-26,47,356788.0,0,0,0.0,0.0,0.0,0.0,,,0.0,,0.0
2014-11-28,47,356788.0,0,0,0.0,0.0,0.0,0.0,,,0.0,,0.0
2014-12-01,47,356788.0,0,0,0.0,0.0,0.0,0.0,,,0.0,,0.0
2014-12-02,47,356788.0,0,0,0.0,0.0,0.0,0.0,,,0.0,,0.0
2014-12-03,47,356788.0,0,0,0.0,0.0,0.0,0.0,,,0.0,,0.0
2014-12-04,47,356788.0,0,0,0.0,0.0,0.0,0.0,,,0.0,,0.0
2014-12-05,47,356788.0,0,0,0.0,0.0,0.0,0.0,,,0.0,,0.0
2014-12-08,47,356788.0,0,0,0.0,0.0,0.0,0.0,,,0.0,,0.0
2014-12-09,47,356788.0,0,0,0.0,0.0,0.0,0.0,,,0.0,,0.0
2014-12-10,47,356788.0,0,0,0.0,0.0,0.0,0.0,,,0.0,,0.0
2014-12-11,47,356788.0,0,0,0.0,0.0,0.0,0.0,,,0.0,,0.0
2014-12-12,47,356788.0,0,0,0.0,0.0,0.0,0.0,,,0.0,,0.0
2014-12-15,47,356788.0,0,0,0.0,0.0,0.0,0.0,,,0.0,,0.0
2014-12-16,47,356788.0,0,0,0.0,0.0,0.0,0.0,,,0.0,,0.0
2014-12-17,47,356788.0,0,0,0.0,0.0,0.0,0.0,,,0.0,,0.0
2014-12-18,47,356788.0,0,0,0.0,0.0,0.0,0.0,,,0.0,,0.0
2014-12-19,47,356788.0,0,0,0.0,0.0,0.0,0.0,,,0.0,,0.0
2014-12-22,47,356788.0,0,0,0.0,0.0,0.0,0.0,,,0.0,,0.0
2014-12-23,47,356788.0,0,0,0.0,0.0,0.0,0.0,,,0.0,,0.0
2014-12-24,47,356788.0,0,0,0.0,0.0,0.0,0.0,,,0.0,,0.0
2014-12-26,47,356788.0,0,0,0.0,0.0,0.0,0.0,,,0.0,,0.0
2014-12-29,47,356788.0,0,0,0.0,0.0,0.0,0.0,,,0.0,,0.0
2014-12-30,47,356788.0,0,0,0.0,0.0,0.0,0.0,,,0.0,,0.0
2014-12-31,47,356788.0,2,4,0.12766,0.33385,0.32318,0.33385,,,1779467.0,,1779467.0
2015-01-02,45,454798.0,0,0,0.0,0.0,0.0,0.0,,,0.0,,0.0
2015-01-05,45,454798.0,0,0,0.0,0.0,0.0,0.0,,,0.0,,0.0
2015-01-06,45,454798.0,0,0,0.0,0.0,0.0,0.0,,,0.0,,0.0
2015-01-07,45,454798.0,0,0,0.0,0.0,0.0,0.0,,,0.0,,0.0
2015-01-08,45,454798.0,0,0,0.0,0.0,0.0,0.0,,,0.0,,0.0
2015-01-09,45,454798.0,0,0,0.0,0.0,0.0,0.0,,,0.0,,0.0
2015-01-12,45,454798.0,0,0,0.0,0.0,0.0,0.0,,,0.0,,0.0
2015-01-13,45,454798.0,0,0,0.0,0.0,0.0,0.0,,,0.0,,0.0
2015-01-14,45,454798.0,0,0,0.0,0.0,0.0,0.0,,,0.0,,0.0
2015-01-15,45,454798.0,0,0,0.0,0.0,0.0,0.0,,,0.0,,0.0
2015-01-16,45,454798.0,0,0,0.0,0.0,0.0,0.0,,,0.0,,0.0
2015-01-20,45,454798.0,0,0,0.0,0.0,0.0,0.0,,,0.0,,0.0
2015-01-21,45,454798.0,0,0,0.0,0.0,0.0,0.0,,,0.0,,0.0
2015-01-22,45,454798.0,0,0,0.0,0.0,0.0,0.0,,,0.0,,0.0
2015-01-23,45,454798.0,0,0,0.0,0.0,0.0,0.0,,,0.0,,0.0
2015-01-26,45,454798.0,0,0,0.0,0.0,0.0,0.0,,,0.0,,0.0
2015-01-27,45,454798.0,0,0,0.0,0.0,0.0,0.0,,,0.0,,0.0
2015-01-28,45,454798.0,0,0,0.0,0.0,0.0,0.0,,,0.0,,0.0
2015-01-29,45,454798.0,0,0,0.0,0.0,0.0,0.0,,,0.0,,0.0
2015-01-30,45,454798.0,0,0,0.0,0.0,0.0,0.0,,,0.0,,0.0
2015-02-02,45,454798.0,0,0,0.0,0.0,0.0,0.0,,,0.0,,0.0
2015-02-03,45,454798.0,0,0,0.0,0.0,0.0,0.0,,,0.0,,0.0
2015-02-04,45,454798.0,0,0,0.0,0.0,0.0,0.0,,,0.0,,0.0
2015-02-05,45,454798.0,0,0,0.0,0.0,0.0,0.0,,,0.0,,0.0
2015-02-06,45,454798.0,4,2,0.13333,0.16311,0.14817,0.16311,,,1160120.0,,1160120.0
2015-02-09,47,504735.0,0,0,0.0,0.0,0.0,0.0,,,0.0,,0.0
2015-02-10,47,504735.0,0,0,0.0,0.0,0.0,0.0,,,0.0,,0.0
2015-02-11,47,504735.0,0,0,0.0,0.0,0.0,0.0,,,0.0,,0.0
2015-02-12,47,504735.0,0,0,0.0,0.0,0.0,0.0,,,0.0,,0.0
2015-02-13,47,504735.0,0,0,0.0,0.0,0.0,0.0,,,0.0,,0.0
2015-02-17,47,504735.0,0,0,0.0,0.0,0.0,0.0,,,0.0,,0.0
2015-02-18,47,504735.0,0,0,0.0,0.0,0.0,0.0,,,0.0,,0.0
2015-02-19,47,504735.0,0,0,0.0,0.0,0.0,0.0,,,0.0,,0.0
2015-02-20,47,504735.0,0,0,0.0,0.11854,0.11854,0.11854,,,1211672.0,,1211672.0
2015-02-23,47,561483.0,0,0,0.0,0.0,0.0,0.0,,,0.0,,0.0
2015-02-24,47,561483.0,1,1,0.04255,0.05269,0.04958,0.05269,,,234330.0,,234330.0
2015-02-25,47,535272.0,1,0,0.02128,0.00261,0.00211,0.00261,,,102146.0,,102146.0
2015-02-26,48,535454.0,0,0,0.0,0.0,0.0,0.0,,,0.0,,0.0
2015-02-27,48,535454.0,0,0,0.0,0.0,0.0,0.0,,,0.0,,0.0
2015-03-02,48,535454.0,2,1,0.0625,0.05079,0.02666,0.05079,,,320557.0,,320557.0
2015-03-03,49,521765.0,0,0,0.0,0.0,0.0,0.0,,,0.0,,0.0
2015-03-04,49,521765.0,1,0,0.02041,0.00697,0.0058,0.00697,,,112683.0,,112683.0
2015-03-05,50,523686.0,0,0,0.0,0.05237,0.05237,0.05237,,,100306.0,,100306.0
2015-03-06,50,497504.0,0,0,0.0,0.0,0.0,0.0,,,0.0,,0.0
2015-03-09,50,497504.0,0,0,0.0,0.0,0.0,0.0,,,0.0,,0.0
2015-03-10,50,497504.0,0,1,0.02,0.00841,0.00494,0.00841,,,115765.0,,115765.0
2015-03-11,49,498214.0,0,0,0.0,0.00164,0.00164,0.00164,,,43850.0,,43850.0
2015-03-12,49,498632.0,0,0,0.0,0.0,0.0,0.0,,,0.0,,0.0
2015-03-13,49,498632.0,0,0,0.0,0.0,0.0,0.0,,,0.0,,0.0
2015-03-16,49,498632.0,1,1,0.04082,0.01001,0.00744,0.01001,,,200914.0,,200914.0
2015-03-17,49,500928.0,0,0,0.0,0.00389,0.00389,0.00389,,,33920.0,,33920.0
2015-03-18,49,502172.0,0,0,0.0,0.00126,0.00126,0.00126,,,15328.0,,15328.0
2015-03-19,49,502407.0,0,0,0.0,0.0,0.0,0.0,,,0.0,,0.0
2015-03-20,49,502407.0,0,0,0.0,0.00144,0.00144,0.00144,,,18969.0,,18969.0
2015-03-23,49,502104.0,1,0,0.02041,0.00634,0.00487,0.00634,,,79470.0,,79470.0
2015-03-24,50,502847.0,0,0,0.0,0.0,0.0,0.0,,,0.0,,0.0
2015-03-25,50,502847.0,0,0,0.0,0.0,0.0,0.0,,,0.0,,0.0
2015-03-26,50,502847.0,0,0,0.0,0.14419,0.14419,0.14419,,,127118.0,,127118.0
2015-03-27,50,571620.0,0,0,0.0,0.00246,0.00246,0.00246,,,78281.0,,78281.0
2015-03-30,50,571524.0,0,0,0.0,0.00728,0.00728,0.00728,,,121550.0,,121550.0
2015-03-31,50,574276.0,0,0,0.0,0.16647,0.16647,0.16647,,,1032121.0,,1032121.0
2015-04-01,50,669876.0,0,0,0.0,0.0,0.0,0.0,,,0.0,,0.0
2015-04-02,50,669876.0,1,0,0.02,0.05302,0.05173,0.05302,,,340717.0,,340717.0
2015-04-06,51,641584.0,0,0,0.0,0.00099,0.00099,0.00099,,,27848.0,,27848.0
2015-04-07,51,641702.0,0,0,0.0,0.0,0.0,0.0,,,0.0,,0.0
2015-04-08,51,641702.0,0,0,0.0,0.0,0.0,0.0,,,0.0,,0.0
2015-04-09,51,641702.0,0,0,0.0,0.00073,0.00073,0.00073,,,23939.0,,23939.0
2015-04-10,51,641667.0,0,0,0.0,0.0,0.0,0.0,,,0.0,,0.0
2015-04-13,51,641667.0,0,0,0.0,0.0,0.0,0.0,,,0.0,,0.0
2015-04-14,51,641667.0,0,1,0.01961,0.03429,0.03314,0.03429,,,160751.0,,160751.0
2015-04-15,50,624549.0,0,0,0.0,0.00128,0.00128,0.00128,,,41704.0,,41704.0
2015-04-16,50,624149.0,0,0,0.0,0.00064,0.00064,0.00064,,,23506.0,,23506.0
2015-04-17,50,624149.0,0,0,0.0,0.00177,0.00177,0.00177,,,56398.0,,56398.0
2015-04-20,50,623988.0,0,0,0.0,0.0,0.0,0.0,,,0.0,,0.0
2015-04-21,50,623988.0,0,0,0.0,0.0,0.0,0.0,,,0.0,,0.0
2015-04-22,50,623988.0,0,0,0.0,0.00119,0.00119,0.00119,,,50216.0,,50216.0
2015-04-23,50,624045.0,0,0,0.0,0.00094,0.00094,0.00094,,,39377.0,,39377.0
2015-04-24,50,623899.0,0,0,0.0,0.00371,0.00371,0.00371,,,45192.0,,45192.0
2015-04-27,50,625345.0,0,1,0.02,0.00689,0.00575,0.00689,,,224616.0,,224616.0
2015-04-28,49,625162.0,0,0,0.0,0.00362,0.00362,0.00362,,,125433.0,,125433.0
2015-04-29,49,625294.0,0,0,0.0,0.0,0.0,0.0,,,0.0,,0.0
2015-04-30,49,625294.0,0,1,0.02041,0.02528,0.02388,0.02528,,,492198.0,,492198.0
2015-05-01,48,623697.0,0,0,0.0,0.0,0.0,0.0,,,0.0,,0.0
2015-05-04,48,623697.0,0,0,0.0,0.0,0.0,0.0,,,0.0,,0.0
2015-05-05,48,623697.0,0,0,0.0,0.0,0.0,0.0,,,0.0,,0.0
2015-05-06,48,623697.0,0,0,0.0,0.0,0.0,0.0,,,0.0,,0.0
2015-05-07,48,623697.0,1,2,0.0625,0.029,0.01891,0.029,,,640954.0,,640954.0
2015-05-08,47,618825.0,0,0,0.0,0.004,0.004,0.004,,,87747.0,,87747.0
2015-05-11,47,618220.0,0,0,0.0,0.11489,0.11489,0.11489,,,179026.0,,179026.0
2015-05-12,47,687197.0,0,1,0.02128,0.04654,0.04619,0.04654,,,187105.0,,187105.0
2015-05-13,46,717400.0,0,0,0.0,0.0,0.0,0.0,,,0.0,,0.0
2015-05-14,46,717400.0,0,0,0.0,0.00919,0.00919,0.00919,,,132476.0,,132476.0
2015-05-15,46,717593.0,1,1,0.04348,0.00596,0.0011,0.00596,,,154378.0,,154378.0
2015-05-18,46,718476.0,1,1,0.04348,0.00751,0.00257,0.00751,,,180832.0,,180832.0
2015-05-19,46,717992.0,0,0,0.0,0.00093,0.00093,0.00093,,,24829.0,,24829.0
2015-05-20,46,718185.0,0,0,0.0,0.00088,0.00088,0.00088,,,37122.0,,37122.0
2015-05-21,46,718337.0,0,0,0.0,0.0,0.0,0.0,,,0.0,,0.0
2015-05-22,46,718337.0,0,0,0.0,0.0,0.0,0.0,,,0.0,,0.0
2015-05-26,46,718337.0,0,0,0.0,0.00234,0.00234,0.00234,,,59787.0,,59787.0
2015-05-27,46,718756.0,0,0,0.0,0.0,0.0,0.0,,,0.0,,0.0
2015-05-28,46,718756.0,0,0,0.0,0.00252,0.00252,0.00252,,,59645.0,,59645.0
2015-05-29,46,719026.0,0,0,0.0,0.0,0.0,0.0,,,0.0,,0.0
2015-06-01,46,719026.0,0,0,0.0,0.00207,0.00207,0.00207,,,71725.0,,71725.0
2015-06-02,46,719503.0,0,0,0.0,0.00191,0.00191,0.00191,,,52550.0,,52550.0
2015-06-03,46,720477.0,0,0,0.0,0.0,0.0,0.0,,,0.0,,0.0
2015-06-04,46,720477.0,0,0,0.0,0.0,0.0,0.0,,,0.0,,0.0
2015-06-05,46,720477.0,0,0,0.0,0.00493,0.00493,0.00493,,,94923.0,,94923.0
2015-06-08,46,718026.0,0,0,0.0,0.0,0.0,0.0,,,0.0,,0.0
2015-06-09,46,718026.0,1,0,0.02174,0.00867,0.00739,0.00867,,,171296.0,,171296.0
2015-06-10,47,719388.0,0,0,0.0,0.0,0.0,0.0,,,0.0,,0.0
2015-06-11,47,719388.0,0,0,0.0,0.0,0.0,0.0,,,0.0,,0.0
2015-06-12,47,719388.0,1,1,0.04255,0.00394,0.00182,0.00394,,,208426.0,,208426.0
2015-06-15,47,718469.0,0,0,0.0,0.00388,0.00388,0.00388,,,82351.0,,82351.0
2015-06-16,47,718383.0,0,0,0.0,0.00178,0.00178,0.00178,,,81060.0,,81060.0
2015-06-17,47,718795.0,0,0,0.0,0.0,0.0,0.0,,,0.0,,0.0
2015-06-18,47,718795.0,1,0,0.02128,0.00119,0.00028,0.00119,,,28305.0,,28305.0
2015-06-19,48,719252.0,0,0,0.0,0.0,0.0,0.0,,,0.0,,0.0
2015-06-22,48,719252.0,0,0,0.0,0.00145,0.00145,0.00145,,,62613.0,,62613.0
2015-06-23,48,719007.0,0,0,0.0,0.00083,0.00083,0.00083,,,28529.0,,28529.0
2015-06-24,48,718807.0,0,0,0.0,0.0,0.0,0.0,,,0.0,,0.0
2015-06-25,48,718807.0,0,0,0.0,0.0,0.0,0.0,,,0.0,,0.0
2015-06-26,48,718807.0,0,0,0.0,0.0,0.0,0.0,,,0.0,,0.0
2015-06-29,48,718807.0,0,0,0.0,0.00131,0.00131,0.00131,,,59249.0,,59249.0
2015-06-30,48,719054.0,0,0,0.0,0.05569,0.05569,0.05569,,,114739.0,,114739.0
2015-07-01,48,754921.0,0,0,0.0,0.0,0.0,0.0,,,0.0,,0.0
2015-07-02,48,754921.0,0,0,0.0,0.0,0.0,0.0,,,0.0,,0.0
2015-07-06,48,754921.0,0,0,0.0,0.0,0.0,0.0,,,0.0,,0.0
2015-07-07,48,754921.0,0,0,0.0,0.00557,0.00557,0.00557,,,98056.0,,98056.0
2015-07-08,48,753128.0,0,0,0.0,0.0,0.0,0.0,,,0.0,,0.0
2015-07-09,48,753128.0,0,0,0.0,0.0,0.0,0.0,,,0.0,,0.0
2015-07-10,48,753128.0,0,0,0.0,0.0,0.0,0.0,,,0.0,,0.0
2015-07-13,48,753128.0,0,0,0.0,0.0,0.0,0.0,,,0.0,,0.0
2015-07-14,48,753128.0,0,4,0.08333,0.08914,0.08056,0.08914,,,767245.0,,767245.0
2015-07-15,44,803697.0,0,0,0.0,0.0,0.0,0.0,,,0.0,,0.0
2015-07-16,44,803697.0,1,0,0.02273,0.00118,0.00049,0.00118,,,37651.0,,37651.0
2015-07-17,45,803867.0,0,0,0.0,0.00267,0.00267,0.00267,,,79199.0,,79199.0
2015-07-20,45,804787.0,0,0,0.0,0.00105,0.00105,0.00105,,,45662.0,,45662.0
2015-07-21,45,804359.0,0,0,0.0,0.0,0.0,0.0,,,0.0,,0.0
2015-07-22,45,804359.0,0,0,0.0,0.00068,0.00068,0.00068,,,23802.0,,23802.0
2015-07-23,45,804502.0,0,0,0.0,0.00366,0.00366,0.00366,,,169410.0,,169410.0
2015-07-24,45,804650.0,0,0,0.0,0.0,0.0,0.0,,,0.0,,0.0
2015-07-27,45,804650.0,0,0,0.0,0.00271,0.00271,0.00271,,,140926.0,,140926.0
2015-07-28,45,805136.0,0,0,0.0,0.0,0.0,0.0,,,0.0,,0.0
2015-07-29,45,805136.0,1,0,0.02222,0.00395,0.00356,0.00395,,,147733.0,,147733.0
2015-07-30,46,807238.0,1,0,0.02174,0.00347,0.00277,0.00347,,,195594.0,,195594.0
2015-07-31,47,808650.0,0,0,0.0,0.00493,0.00493,0.00493,,,170048.0,,170048.0
2015-08-03,47,810909.0,0,0,0.0,0.0,0.0,0.0,,,0.0,,0.0
2015-08-04,47,810909.0,0,0,0.0,0.0,0.0,0.0,,,0.0,,0.0
2015-08-05,47,810909.0,0,0,0.0,0.0,0.0,0.0,,,0.0,,0.0
2015-08-06,47,810909.0,0,0,0.0,0.0074,0.0074,0.0074,,,273864.0,,273864.0
2015-08-07,47,813376.0,0,0,0.0,0.00583,0.00583,0.00583,,,104142.0,,104142.0
2015-08-10,47,814633.0,1,0,0.02128,0.07403,0.06929,0.07403,,,134244.0,,134244.0
2015-08-11,48,762945.0,0,0,0.0,0.00315,0.00315,0.00315,,,34522.0,,34522.0
2015-08-12,48,764385.0,0,0,0.0,0.03441,0.03441,0.03441,,,29269.0,,29269.0
2015-08-13,48,741331.0,0,0,0.0,0.0,0.0,0.0,,,0.0,,0.0
2015-08-14,48,741331.0,0,0,0.0,0.0,0.0,0.0,,,0.0,,0.0
2015-08-17,48,741331.0,1,0,0.02083,0.08954,0.08658,0.08954,,,231911.0,,231911.0
2015-08-18,49,682709.0,0,0,0.0,0.00448,0.00448,0.00448,,,42294.0,,42294.0
2015-08-19,49,685348.0,0,1,0.02041,0.00342,0.00235,0.00342,,,133066.0,,133066.0
2015-08-20,48,685763.0,0,0,0.0,0.0,0.0,0.0,,,0.0,,0.0
2015-08-21,48,685763.0,0,1,0.02083,0.01499,0.01342,0.01499,,,317710.0,,317710.0
2015-08-24,47,683612.0,0,0,0.0,0.0,0.0,0.0,,,0.0,,0.0
2015-08-25,47,683612.0,0,0,0.0,0.01195,0.01195,0.01195,,,310249.0,,310249.0
2015-08-26,47,687528.0,0,0,0.0,0.0,0.0,0.0,,,0.0,,0.0
2015-08-27,47,687528.0,0,0,0.0,0.0,0.0,0.0,,,0.0,,0.0
2015-08-28,47,687528.0,0,0,0.0,0.00075,0.00075,0.00075,,,44570.0,,44570.0
2015-08-31,47,687415.0,0,0,0.0,0.0,0.0,0.0,,,0.0,,0.0
2015-09-01,47,687415.0,0,0,0.0,0.0,0.0,0.0,,,0.0,,0.0
2015-09-02,47,687415.0,0,0,0.0,0.0,0.0,0.0,,,0.0,,0.0
2015-09-03,47,687415.0,0,0,0.0,0.0,0.0,0.0,,,0.0,,0.0
2015-09-04,47,687415.0,0,0,0.0,0.00699,0.00699,0.00699,,,143962.0,,143962.0
2015-09-08,47,686105.0,0,0,0.0,0.00399,0.00399,0.00399,,,18222.0,,18222.0
2015-09-09,47,683765.0,0,0,0.0,0.00235,0.00235,0.00235,,,77986.0,,77986.0
2015-09-10,47,682952.0,0,0,0.0,0.0,0.0,0.0,,,0.0,,0.0
2015-09-11,47,682952.0,0,0,0.0,0.0,0.0,0.0,,,0.0,,0.0
2015-09-14,47,682952.0,0,1,0.02128,0.05493,0.05389,0.05493,,,327076.0,,327076.0
2015-09-15,46,656483.0,0,0,0.0,0.0,0.0,0.0,,,0.0,,0.0
2015-09-16,46,656483.0,0,0,0.0,0.0,0.0,0.0,,,0.0,,0.0
2015-09-17,46,656483.0,0,0,0.0,0.0,0.0,0.0,,,0.0,,0.0
2015-09-18,46,656483.0,0,0,0.0,0.00368,0.00368,0.00368,,,21961.0,,21961.0
2015-09-21,46,655038.0,0,0,0.0,0.0,0.0,0.0,,,0.0,,0.0
2015-09-22,46,655038.0,0,0,0.0,0.00285,0.00285,0.00285,,,64569.0,,64569.0
2015-09-23,46,655638.0,0,0,0.0,0.0,0.0,0.0,,,0.0,,0.0
2015-09-24,46,655638.0,0,0,0.0,0.00592,0.00592,0.00592,,,85167.0,,85167.0
2015-09-25,46,653521.0,0,0,0.0,0.11562,0.11562,0.11562,,,966650.0,,966650.0
2015-09-28,46,729079.0,0,0,0.0,0.0965,0.0965,0.0965,,,233230.0,,233230.0
2015-09-29,46,665871.0,0,0,0.0,0.0,0.0,0.0,,,0.0,,0.0
2015-09-30,46,665871.0,0,0,0.0,0.0,0.0,0.0,,,0.0,,0.0
2015-10-01,46,665871.0,0,2,0.04348,0.08999,0.08905,0.08999,,,186323.0,,186323.0
2015-10-02,44,609577.0,0,0,0.0,0.0,0.0,0.0,,,0.0,,0.0
2015-10-05,44,609577.0,0,0,0.0,0.00635,0.00635,0.00635,,,150055.0,,150055.0
2015-10-06,44,608934.0,0,0,0.0,0.04561,0.04561,0.04561,,,157730.0,,157730.0
2015-10-07,44,587088.0,0,0,0.0,0.02295,0.02295,0.02295,,,248612.0,,248612.0
2015-10-08,44,576120.0,0,0,0.0,0.0,0.0,0.0,,,0.0,,0.0
2015-10-09,44,576120.0,0,0,0.0,0.0,0.0,0.0,,,0.0,,0.0
2015-10-12,44,576120.0,0,0,0.0,0.0,0.0,0.0,,,0.0,,0.0
2015-10-13,44,576120.0,1,1,0.04545,0.13189,0.01358,0.13189,,,239657.0,,239657.0
2015-10-14,44,641714.0,0,0,0.0,0.01815,0.01815,0.01815,,,107905.0,,107905.0
2015-10-15,44,632860.0,0,0,0.0,0.00101,0.00101,0.00101,,,33769.0,,33769.0
2015-10-16,44,633100.0,0,0,0.0,0.14335,0.14335,0.14335,,,118316.0,,118316.0
2015-10-19,44,676108.0,0,0,0.0,0.0,0.0,0.0,,,0.0,,0.0
2015-10-20,44,676108.0,0,0,0.0,0.00251,0.00251,0.00251,,,101358.0,,101358.0
2015-10-21,44,676363.0,0,0,0.0,0.02206,0.02206,0.02206,,,84500.0,,84500.0
2015-10-22,44,667443.0,0,0,0.0,0.0,0.0,0.0,,,0.0,,0.0
2015-10-23,44,667443.0,0,0,0.0,0.0,0.0,0.0,,,0.0,,0.0
2015-10-26,44,667443.0,0,1,0.02273,0.01289,0.00955,0.01289,,,263552.0,,263552.0
2015-10-27,43,669023.0,0,0,0.0,0.12176,0.12176,0.12176,,,96548.0,,96548.0
2015-10-28,43,710994.0,0,0,0.0,0.0056,0.0056,0.0056,,,95542.0,,95542.0
2015-10-29,43,710730.0,0,0,0.0,0.0,0.0,0.0,,,0.0,,0.0
2015-10-30,43,710730.0,0,0,0.0,0.0,0.0,0.0,,,0.0,,0.0
2015-11-02,43,710730.0,0,1,0.02326,0.00605,0.0054,0.00605,,,168341.0,,168341.0
2015-11-03,42,711266.0,0,0,0.0,0.00106,0.00106,0.00106,,,16326.0,,16326.0
2015-11-04,42,711320.0,0,0,0.0,0.00336,0.00336,0.00336,,,90049.0,,90049.0
2015-11-05,42,712510.0,0,0,0.0,0.00567,0.00567,0.00567,,,96912.0,,96912.0
2015-11-06,42,713241.0,0,0,0.0,0.0039,0.0039,0.0039,,,104568.0,,104568.0
2015-11-09,42,715626.0,0,0,0.0,0.00432,0.00432,0.00432,,,46209.0,,46209.0
2015-11-10,42,718318.0,0,0,0.0,0.0,0.0,0.0,,,0.0,,0.0
2015-11-11,42,718318.0,0,0,0.0,0.00283,0.00283,0.00283,,,27742.0,,27742.0
2015-11-12,42,719881.0,0,0,0.0,0.01004,0.01004,0.01004,,,143768.0,,143768.0
2015-11-13,42,724216.0,0,0,0.0,0.00056,0.00056,0.00056,,,30888.0,,30888.0
2015-11-16,42,724218.0,1,0,0.02381,0.0084,0.00516,0.0084,,,90614.0,,90614.0
2015-11-17,43,729762.0,0,0,0.0,0.00626,0.00626,0.00626,,,73969.0,,73969.0
2015-11-18,43,733897.0,0,0,0.0,0.00244,0.00244,0.00244,,,90464.0,,90464.0
2015-11-19,43,734889.0,0,0,0.0,0.0,0.0,0.0,,,0.0,,0.0
2015-11-20,43,734889.0,2,0,0.04651,0.02398,0.02112,0.02398,,,122754.0,,122754.0
2015-11-23,45,721477.0,0,0,0.0,0.0058,0.0058,0.0058,,,111060.0,,111060.0
2015-11-24,45,722343.0,0,0,0.0,0.0,0.0,0.0,,,0.0,,0.0
2015-11-25,45,722343.0,0,0,0.0,0.00209,0.00209,0.00209,,,87219.0,,87219.0
2015-11-27,45,723350.0,0,0,0.0,0.00671,0.00671,0.00671,,,66846.0,,66846.0
2015-11-30,45,727342.0,0,0,0.0,0.0,0.0,0.0,,,0.0,,0.0
2015-12-01,45,727342.0,0,0,0.0,0.0,0.0,0.0,,,0.0,,0.0
2015-12-02,45,727342.0,0,0,0.0,0.00222,0.00222,0.00222,,,16078.0,,16078.0
2015-12-03,45,726235.0,0,0,0.0,0.0,0.0,0.0,,,0.0,,0.0
2015-12-04,45,726235.0,0,0,0.0,0.0,0.0,0.0,,,0.0,,0.0
2015-12-07,45,726235.0,0,0,0.0,0.00099,0.00099,0.00099,,,14745.0,,14745.0
2015-12-08,45,725915.0,0,0,0.0,0.0,0.0,0.0,,,0.0,,0.0
2015-12-09,45,725915.0,0,0,0.0,0.00505,0.00505,0.00505,,,92801.0,,92801.0
2015-12-10,45,727613.0,0,0,0.0,0.0,0.0,0.0,,,0.0,,0.0
2015-12-11,45,727613.0,0,0,0.0,0.0,0.0,0.0,,,0.0,,0.0
2015-12-14,45,727613.0,0,0,0.0,0.02169,0.02169,0.02169,,,130150.0,,130150.0
2015-12-15,45,719596.0,0,0,0.0,0.0,0.0,0.0,,,0.0,,0.0
2015-12-16,45,719596.0,0,0,0.0,0.0,0.0,0.0,,,0.0,,0.0
2015-12-17,45,719596.0,0,0,0.0,0.0,0.0,0.0,,,0.0,,0.0
2015-12-18,45,719596.0,0,0,0.0,0.0,0.0,0.0,,,0.0,,0.0
2015-12-21,45,719596.0,0,0,0.0,0.0,0.0,0.0,,,0.0,,0.0
2015-12-22,45,719596.0,0,0,0.0,0.0,0.0,0.0,,,0.0,,0.0
2015-12-23,45,719596.0,0,0,0.0,0.00169,0.00169,0.00169,,,72955.0,,72955.0
2015-12-24,45,720412.0,0,0,0.0,0.0,0.0,0.0,,,0.0,,0.0
2015-12-28,45,720412.0,0,0,0.0,0.0,0.0,0.0,,,0.0,,0.0
2015-12-29,45,720412.0,0,0,0.0,0.02533,0.02533,0.02533,,,200931.0,,200931.0
2015-12-30,45,702162.0,0,0,0.0,0.0,0.0,0.0,,,0.0,,0.0
2015-12-31,45,702162.0,0,0,0.0,0.0,0.0,0.0,,,0.0,,0.0
2016-01-04,45,702162.0,1,0,0.02222,0.00157,0.00105,0.00157,,,39954.0,,39954.0
2016-01-05,46,701782.0,0,0,0.0,0.01575,0.01575,0.01575,,,247943.0,,247943.0
2016-01-06,46,702743.0,0,1,0.02174,0.00134,0.00071,0.00134,,,19003.0,,19003.0
2016-01-07,45,702803.0,0,0,0.0,0.00234,0.00234,0.00234,,,11606.0,,11606.0
2016-01-08,45,702548.0,0,2,0.04444,0.01622,0.00816,0.01622,,,219255.0,,219255.0
2016-01-11,43,702528.0,0,0,0.0,0.0,0.0,0.0,,,0.0,,0.0
2016-01-12,43,702528.0,0,1,0.02326,0.04029,0.03672,0.04029,,,74678.0,,74678.0
2016-01-13,42,725623.0,0,0,0.0,0.00361,0.00361,0.00361,,,86948.0,,86948.0
2016-01-14,42,726100.0,0,1,0.02381,0.01623,0.0071,0.01623,,,261939.0,,261939.0
2016-01-15,41,724535.0,0,0,0.0,0.07264,0.07264,0.07264,,,81519.0,,81519.0
2016-01-19,41,771501.0,0,0,0.0,0.03047,0.03047,0.03047,,,58024.0,,58024.0
2016-01-20,41,791295.0,0,1,0.02439,0.0023,0.00136,0.0023,,,54013.0,,54013.0
2016-01-21,40,791623.0,0,1,0.025,0.01446,0.00521,0.01446,,,212532.0,,212532.0
2016-01-22,39,788354.0,0,0,0.0,0.0,0.0,0.0,,,0.0,,0.0
2016-01-25,39,788354.0,0,0,0.0,0.00171,0.00171,0.00171,,,27365.0,,27365.0
2016-01-26,39,789259.0,0,0,0.0,0.0,0.0,0.0,,,0.0,,0.0
2016-01-27,39,789259.0,0,0,0.0,0.0,0.0,0.0,,,0.0,,0.0
2016-01-28,39,789259.0,0,1,0.02564,0.01669,0.01468,0.01669,,,153048.0,,153048.0
2016-01-29,38,799222.0,0,1,0.02632,0.01179,0.00558,0.01179,,,161545.0,,161545.0
2016-02-01,37,798149.0,0,0,0.0,0.0,0.0,0.0,,,0.0,,0.0
2016-02-02,37,798149.0,0,1,0.02703,0.00513,0.00436,0.00513,,,120688.0,,120688.0
2016-02-03,36,801005.0,0,0,0.0,0.01512,0.01512,0.01512,,,80303.0,,80303.0
2016-02-04,36,811549.0,0,1,0.02778,0.0024,0.00149,0.0024,,,143112.0,,143112.0
2016-02-05,35,811318.0,0,0,0.0,0.00718,0.00718,0.00718,,,149106.0,,149106.0
2016-02-08,35,813221.0,0,1,0.02857,0.01356,0.00641,0.01356,,,340338.0,,340338.0
2016-02-09,34,806504.0,0,1,0.02941,0.02437,0.02234,0.02437,,,484915.0,,484915.0
2016-02-10,33,799152.0,0,0,0.0,0.00136,0.00136,0.00136,,,41280.0,,41280.0
2016-02-11,33,798464.0,0,0,0.0,0.00322,0.00322,0.00322,,,53903.0,,53903.0
2016-02-12,33,799016.0,0,0,0.0,0.00283,0.00283,0.00283,,,23882.0,,23882.0
2016-02-16,33,800876.0,0,0,0.0,0.0,0.0,0.0,,,0.0,,0.0
2016-02-17,33,800876.0,0,0,0.0,0.0,0.0,0.0,,,0.0,,0.0
2016-02-18,33,800876.0,0,0,0.0,0.00228,0.00228,0.00228,,,12348.0,,12348.0
2016-02-19,33,801470.0,0,0,0.0,0.0,0.0,0.0,,,0.0,,0.0
2016-02-22,33,801470.0,0,0,0.0,0.0,0.0,0.0,,,0.0,,0.0
2016-02-23,33,801470.0,0,0,0.0,0.0,0.0,0.0,,,0.0,,0.0
2016-02-24,33,801470.0,0,0,0.0,0.0,0.0,0.0,,,0.0,,0.0
2016-02-25,33,801470.0,0,0,0.0,0.0,0.0,0.0,,,0.0,,0.0
2016-02-26,33,801470.0,0,0,0.0,0.0,0.0,0.0,,,0.0,,0.0
2016-02-29,33,801470.0,0,0,0.0,0.01073,0.01073,0.01073,,,6742.0,,6742.0
2016-03-01,33,792870.0,0,0,0.0,0.0,0.0,0.0,,,0.0,,0.0
2016-03-02,33,792870.0,0,0,0.0,0.0,0.0,0.0,,,0.0,,0.0
2016-03-03,33,792870.0,0,0,0.0,0.0,0.0,0.0,,,0.0,,0.0
2016-03-04,33,792870.0,0,0,0.0,0.0,0.0,0.0,,,0.0,,0.0
2016-03-07,33,792870.0,0,0,0.0,0.00221,0.00221,0.00221,,,52302.0,,52302.0
2016-03-08,33,792940.0,2,0,0.06061,0.00697,0.00504,0.00697,,,222666.0,,222666.0
2016-03-09,35,790469.0,0,0,0.0,0.0,0.0,0.0,,,0.0,,0.0
2016-03-10,35,790469.0,1,0,0.02857,0.00722,0.00553,0.00722,,,84634.0,,84634.0
2016-03-11,36,790113.0,0,0,0.0,0.00143,0.00143,0.00143,,,26009.0,,26009.0
2016-03-14,36,790311.0,0,0,0.0,0.00065,0.00065,0.00065,,,24645.0,,24645.0
2016-03-15,36,790196.0,0,0,0.0,0.0,0.0,0.0,,,0.0,,0.0
2016-03-16,36,790196.0,0,0,0.0,0.0,0.0,0.0,,,0.0,,0.0
2016-03-17,36,790196.0,0,0,0.0,0.00272,0.00272,0.00272,,,45264.0,,45264.0
2016-03-18,36,790950.0,0,0,0.0,0.00458,0.00458,0.00458,,,73792.0,,73792.0
2016-03-21,36,788576.0,0,0,0.0,0.0,0.0,0.0,,,0.0,,0.0
2016-03-22,36,788576.0,0,0,0.0,0.00104,0.00104,0.00104,,,18368.0,,18368.0
2016-03-23,36,789396.0,0,0,0.0,0.0,0.0,0.0,,,0.0,,0.0
2016-03-24,36,789396.0,0,0,0.0,0.0,0.0,0.0,,,0.0,,0.0
2016-03-28,36,789396.0,0,0,0.0,0.0,0.0,0.0,,,0.0,,0.0
2016-03-29,36,789396.0,1,1,0.05556,0.02336,0.01585,0.02336,,,283329.0,,283329.0
2016-03-30,36,778952.0,0,0,0.0,0.01699,0.01699,0.01699,,,22940.0,,22940.0
2016-03-31,36,766423.0,0,0,0.0,0.0,0.0,0.0,,,0.0,,0.0
2016-04-01,36,766423.0,0,0,0.0,0.0,0.0,0.0,,,0.0,,0.0
2016-04-04,36,766423.0,0,0,0.0,0.0,0.0,0.0,,,0.0,,0.0
2016-04-05,36,766423.0,0,0,0.0,0.0,0.0,0.0,,,0.0,,0.0
2016-04-06,36,766423.0,0,0,0.0,0.01175,0.01175,0.01175,,,45395.0,,45395.0
2016-04-07,36,759030.0,0,0,0.0,0.0,0.0,0.0,,,0.0,,0.0
2016-04-08,36,759030.0,0,0,0.0,0.0,0.0,0.0,,,0.0,,0.0
2016-04-11,36,759030.0,0,0,0.0,0.01479,0.01479,0.01479,,,39078.0,,39078.0
2016-04-12,36,750617.0,0,0,0.0,0.0,0.0,0.0,,,0.0,,0.0
2016-04-13,36,750617.0,0,0,0.0,0.0,0.0,0.0,,,0.0,,0.0
2016-04-14,36,750617.0,0,0,0.0,0.01545,0.01545,0.01545,,,110266.0,,110266.0
2016-04-15,36,741160.0,0,0,0.0,0.00201,0.00201,0.00201,,,33056.0,,33056.0
2016-04-18,36,741277.0,0,0,0.0,0.0,0.0,0.0,,,0.0,,0.0
2016-04-19,36,741277.0,0,0,0.0,0.001,0.001,0.001,,,63737.0,,63737.0
2016-04-20,36,741615.0,0,0,0.0,0.02901,0.02901,0.02901,,,360113.0,,360113.0
2016-04-21,36,722899.0,0,0,0.0,0.0012,0.0012,0.0012,,,48547.0,,48547.0
2016-04-22,36,722967.0,0,0,0.0,0.0,0.0,0.0,,,0.0,,0.0
2016-04-25,36,722967.0,0,0,0.0,0.0,0.0,0.0,,,0.0,,0.0
2016-04-26,36,722967.0,0,0,0.0,0.0,0.0,0.0,,,0.0,,0.0
2016-04-27,36,722967.0,0,0,0.0,0.0,0.0,0.0,,,0.0,,0.0
2016-04-28,36,722967.0,0,0,0.0,0.01289,0.01289,0.01289,,,264102.0,,264102.0
2016-04-29,36,721650.0,0,0,0.0,0.01234,0.01234,0.01234,,,193823.0,,193823.0
2016-05-02,36,718514.0,0,1,0.02778,0.00535,0.00392,0.00535,,,226716.0,,226716.0
2016-05-03,35,717533.0,0,0,0.0,0.01408,0.01408,0.01408,,,95574.0,,95574.0
2016-05-04,35,708538.0,0,0,0.0,0.00219,0.00219,0.00219,,,77472.0,,77472.0
2016-05-05,35,707811.0,0,0,0.0,0.00306,0.00306,0.00306,,,132498.0,,132498.0
2016-05-06,35,706937.0,0,1,0.02857,0.0172,0.01632,0.0172,,,306969.0,,306969.0
2016-05-09,34,713178.0,0,0,0.0,0.00369,0.00369,0.00369,,,42632.0,,42632.0
2016-05-10,34,714252.0,0,0,0.0,0.00105,0.00105,0.00105,,,12848.0,,12848.0
2016-05-11,34,713502.0,0,0,0.0,0.0277,0.0277,0.0277,,,82468.0,,82468.0
2016-05-12,34,699738.0,0,0,0.0,0.00289,0.00289,0.00289,,,29178.0,,29178.0
2016-05-13,34,699918.0,0,0,0.0,0.00172,0.00172,0.00172,,,43429.0,,43429.0
2016-05-16,34,699210.0,0,0,0.0,0.00694,0.00694,0.00694,,,51096.0,,51096.0
2016-05-17,34,702060.0,0,0,0.0,0.00294,0.00294,0.00294,,,29053.0,,29053.0
2016-05-18,34,702995.0,0,0,0.0,0.03018,0.03018,0.03018,,,107539.0,,107539.0
2016-05-19,34,686878.0,0,0,0.0,0.00738,0.00738,0.00738,,,54849.0,,54849.0
2016-05-20,34,687179.0,2,1,0.08824,0.00814,0.0,0.00814,,,143312.0,,143312.0
2016-05-23,35,687575.0,0,0,0.0,0.00475,0.00475,0.00475,,,74991.0,,74991.0
2016-05-24,35,684708.0,0,0,0.0,0.0,0.0,0.0,,,0.0,,0.0
2016-05-25,35,684708.0,0,0,0.0,0.00373,0.00373,0.00373,,,85360.0,,85360.0
2016-05-26,35,684598.0,0,0,0.0,0.0,0.0,0.0,,,0.0,,0.0
2016-05-27,35,684598.0,0,0,0.0,0.0,0.0,0.0,,,0.0,,0.0
2016-05-31,35,684598.0,3,1,0.11429,0.00902,0.00577,0.00902,,,287440.0,,287440.0
2016-06-01,37,682236.0,0,0,0.0,0.0,0.0,0.0,,,0.0,,0.0
2016-06-02,37,682236.0,0,0,0.0,0.0,0.0,0.0,,,0.0,,0.0
2016-06-03,37,682236.0,0,0,0.0,0.0,0.0,0.0,,,0.0,,0.0
2016-06-06,37,682236.0,0,0,0.0,0.00302,0.00302,0.00302,,,47979.0,,47979.0
2016-06-07,37,681523.0,0,0,0.0,0.00181,0.00181,0.00181,,,77269.0,,77269.0
2016-06-08,37,681652.0,0,0,0.0,0.00247,0.00247,0.00247,,,15903.0,,15903.0
2016-06-09,37,680670.0,0,0,0.0,0.02089,0.02089,0.02089,,,31986.0,,31986.0
2016-06-10,37,667210.0,1,0,0.02703,0.00666,0.00044,0.00666,,,76742.0,,76742.0
2016-06-13,38,671064.0,0,0,0.0,0.0,0.0,0.0,,,0.0,,0.0
2016-06-14,38,671064.0,2,0,0.05263,0.1314,0.12932,0.1314,,,1118846.0,,1118846.0
2016-06-15,40,756401.0,1,0,0.025,0.01991,0.00861,0.01991,,,336298.0,,336298.0
2016-06-16,41,769681.0,0,0,0.0,0.00902,0.00902,0.00902,,,154818.0,,154818.0
2016-06-17,41,774344.0,0,0,0.0,0.0,0.0,0.0,,,0.0,,0.0
2016-06-20,41,774344.0,0,0,0.0,0.0,0.0,0.0,,,0.0,,0.0
2016-06-21,41,774344.0,0,0,0.0,0.00646,0.00646,0.00646,,,179117.0,,179117.0
2016-06-22,41,778395.0,0,0,0.0,0.0,0.0,0.0,,,0.0,,0.0
2016-06-23,41,778395.0,0,0,0.0,0.0,0.0,0.0,,,0.0,,0.0
2016-06-24,41,778395.0,0,0,0.0,0.0,0.0,0.0,,,0.0,,0.0
2016-06-27,41,778395.0,0,1,0.02439,0.00145,0.00117,0.00145,,,79002.0,,79002.0
2016-06-28,40,779082.0,0,1,0.025,0.00202,0.00171,0.00202,,,38099.0,,38099.0
2016-06-29,39,780163.0,0,0,0.0,0.0,0.0,0.0,,,0.0,,0.0
2016-06-30,39,780163.0,0,0,0.0,0.0,0.0,0.0,,,0.0,,0.0
2016-07-01,39,780163.0,0,0,0.0,0.0,0.0,0.0,,,0.0,,0.0
2016-07-05,39,780163.0,0,0,0.0,0.0,0.0,0.0,,,0.0,,0.0
2016-07-06,39,780163.0,0,0,0.0,0.00389,0.00389,0.00389,,,25961.0,,25961.0
2016-07-07,39,782382.0,1,0,0.02564,0.00236,0.00179,0.00236,,,115267.0,,115267.0
2016-07-08,40,782839.0,0,0,0.0,0.0,0.0,0.0,,,0.0,,0.0
2016-07-11,40,782839.0,1,0,0.025,0.01471,0.01152,0.01471,,,192665.0,,192665.0
2016-07-12,41,779294.0,0,0,0.0,0.00124,0.00124,0.00124,,,28610.0,,28610.0
2016-07-13,41,779858.0,0,0,0.0,0.00445,0.00445,0.00445,,,92547.0,,92547.0
2016-07-14,41,780922.0,1,0,0.02439,0.03474,0.0306,0.03474,,,292275.0,,292275.0
2016-07-15,42,773780.0,0,0,0.0,0.00691,0.00691,0.00691,,,86302.0,,86302.0
2016-07-18,42,773127.0,0,0,0.0,0.00115,0.00115,0.00115,,,23010.0,,23010.0
2016-07-19,42,773485.0,0,0,0.0,0.00745,0.00745,0.00745,,,204009.0,,204009.0
2016-07-20,42,775288.0,0,0,0.0,0.00178,0.00178,0.00178,,,104261.0,,104261.0
2016-07-21,42,775111.0,0,0,0.0,0.0,0.0,0.0,,,0.0,,0.0
2016-07-22,42,775111.0,0,0,0.0,0.0,0.0,0.0,,,0.0,,0.0
2016-07-25,42,775111.0,1,1,0.04762,0.00521,0.00097,0.00521,,,257839.0,,257839.0
2016-07-26,42,775144.0,0,0,0.0,0.01641,0.01641,0.01641,,,72504.0,,72504.0
2016-07-27,42,765207.0,0,0,0.0,0.00142,0.00142,0.00142,,,37991.0,,37991.0
2016-07-28,42,764827.0,0,0,0.0,0.00567,0.00567,0.00567,,,129120.0,,129120.0
2016-07-29,42,767266.0,0,0,0.0,0.00796,0.00796,0.00796,,,233284.0,,233284.0
2016-08-01,42,767751.0,0,0,0.0,0.00567,0.00567,0.00567,,,54051.0,,54051.0
2016-08-02,42,769433.0,0,0,0.0,0.00628,0.00628,0.00628,,,105214.0,,105214.0
2016-08-03,42,773067.0,0,0,0.0,0.00363,0.00363,0.00363,,,51434.0,,51434.0
2016-08-04,42,774944.0,0,0,0.0,0.00145,0.00145,0.00145,,,14008.0,,14008.0
2016-08-05,42,774517.0,0,0,0.0,0.00343,0.00343,0.00343,,,60282.0,,60282.0
2016-08-08,42,774827.0,0,0,0.0,0.01184,0.01184,0.01184,,,105413.0,,105413.0
2016-08-09,42,777022.0,0,1,0.02381,0.01276,0.00651,0.01276,,,141160.0,,141160.0
2016-08-10,41,777165.0,0,0,0.0,0.01265,0.01265,0.01265,,,58188.0,,58188.0
2016-08-11,41,769792.0,1,0,0.02439,0.01381,0.00525,0.01381,,,119525.0,,119525.0
2016-08-12,42,777419.0,0,0,0.0,0.0099,0.0099,0.0099,,,98871.0,,98871.0
2016-08-15,42,782719.0,0,0,0.0,0.0,0.0,0.0,,,0.0,,0.0
2016-08-16,42,782719.0,0,0,0.0,0.00626,0.00626,0.00626,,,96641.0,,96641.0
2016-08-17,42,785828.0,0,0,0.0,0.01673,0.01673,0.01673,,,139588.0,,139588.0
2016-08-18,42,779867.0,0,0,0.0,0.00555,0.00555,0.00555,,,60983.0,,60983.0
2016-08-19,42,782062.0,0,0,0.0,0.0,0.0,0.0,,,0.0,,0.0
2016-08-22,42,782062.0,0,0,0.0,0.0,0.0,0.0,,,0.0,,0.0
2016-08-23,42,782062.0,0,0,0.0,0.0,0.0,0.0,,,0.0,,0.0
2016-08-24,42,782062.0,0,0,0.0,0.0047,0.0047,0.0047,,,56173.0,,56173.0
2016-08-25,42,783804.0,0,0,0.0,0.01359,0.01359,0.01359,,,233646.0,,233646.0
2016-08-26,42,786156.0,0,0,0.0,0.0,0.0,0.0,,,0.0,,0.0
2016-08-29,42,786156.0,0,0,0.0,0.00889,0.00889,0.00889,,,113717.0,,113717.0
2016-08-30,42,785302.0,0,0,0.0,0.02741,0.02741,0.02741,,,179720.0,,179720.0
2016-08-31,42,771737.0,0,0,0.0,0.00527,0.00527,0.00527,,,110422.0,,110422.0
2016-09-01,42,771209.0,0,0,0.0,0.0,0.0,0.0,,,0.0,,0.0
2016-09-02,42,771209.0,1,0,0.02381,0.00903,0.00869,0.00903,,,285059.0,,285059.0
2016-09-06,43,772446.0,0,0,0.0,0.0,0.0,0.0,,,0.0,,0.0
2016-09-07,43,772446.0,0,1,0.02326,0.0083,0.00499,0.0083,,,272534.0,,272534.0
2016-09-08,42,773709.0,1,0,0.02381,0.00443,0.00362,0.00443,,,137539.0,,137539.0
2016-09-09,43,772845.0,0,0,0.0,0.00027,0.00027,0.00027,,,5647.0,,5647.0
2016-09-12,43,772636.0,0,0,0.0,0.0,0.0,0.0,,,0.0,,0.0
2016-09-13,43,772636.0,0,0,0.0,0.0,0.0,0.0,,,0.0,,0.0
2016-09-14,43,772636.0,0,0,0.0,0.0,0.0,0.0,,,0.0,,0.0
2016-09-15,43,772636.0,0,0,0.0,0.0,0.0,0.0,,,0.0,,0.0
2016-09-16,43,772636.0,0,0,0.0,0.0,0.0,0.0,,,0.0,,0.0
2016-09-19,43,772636.0,0,0,0.0,0.0,0.0,0.0,,,0.0,,0.0
2016-09-20,43,772636.0,0,1,0.02326,0.00853,0.00623,0.00853,,,146729.0,,146729.0
2016-09-21,42,774410.0,0,0,0.0,0.0,0.0,0.0,,,0.0,,0.0
2016-09-22,42,774410.0,0,0,0.0,0.0,0.0,0.0,,,0.0,,0.0
2016-09-23,42,774410.0,0,0,0.0,0.0,0.0,0.0,,,0.0,,0.0
2016-09-26,42,774410.0,0,0,0.0,0.0,0.0,0.0,,,0.0,,0.0
2016-09-27,42,774410.0,0,0,0.0,0.0,0.0,0.0,,,0.0,,0.0
2016-09-28,42,774410.0,0,0,0.0,0.0,0.0,0.0,,,0.0,,0.0
2016-09-29,42,774410.0,0,0,0.0,0.0,0.0,0.0,,,0.0,,0.0
2016-09-30,42,774410.0,1,0,0.02381,0.01802,0.01285,0.01802,,,222985.0,,222985.0
2016-10-03,43,774626.0,0,0,0.0,0.00742,0.00742,0.00742,,,59888.0,,59888.0
2016-10-04,43,772376.0,0,0,0.0,0.0,0.0,0.0,,,0.0,,0.0
2016-10-05,43,772376.0,0,0,0.0,0.0,0.0,0.0,,,0.0,,0.0
2016-10-06,43,772376.0,0,0,0.0,0.00337,0.00337,0.00337,,,101090.0,,101090.0
2016-10-07,43,771206.0,0,0,0.0,0.02425,0.02425,0.02425,,,125036.0,,125036.0
2016-10-10,43,757518.0,0,0,0.0,0.0022,0.0022,0.0022,,,39560.0,,39560.0
2016-10-11,43,756968.0,0,0,0.0,0.00536,0.00536,0.00536,,,91379.0,,91379.0
2016-10-12,43,760067.0,0,1,0.02326,0.01557,0.00152,0.01557,,,244135.0,,244135.0
2016-10-13,42,750023.0,0,0,0.0,0.00063,0.00063,0.00063,,,32562.0,,32562.0
2016-10-14,42,749948.0,0,0,0.0,0.00988,0.00988,0.00988,,,87612.0,,87612.0
2016-10-17,42,752546.0,0,0,0.0,0.00355,0.00355,0.00355,,,96892.0,,96892.0
2016-10-18,42,753113.0,0,0,0.0,0.0,0.0,0.0,,,0.0,,0.0
2016-10-19,42,753113.0,0,0,0.0,0.33294,0.33294,0.33294,,,3080735.0,,3080735.0
2016-10-20,42,1003851.0,0,0,0.0,0.00327,0.00327,0.00327,,,75098.0,,75098.0
2016-10-21,42,1006565.0,0,0,0.0,0.05867,0.05867,0.05867,,,234108.0,,234108.0
2016-10-24,42,1058516.0,1,0,0.02381,0.01277,0.01005,0.01277,,,424993.0,,424993.0
2016-10-25,43,1054206.0,0,0,0.0,0.0,0.0,0.0,,,0.0,,0.0
2016-10-26,43,1054206.0,0,0,0.0,0.0,0.0,0.0,,,0.0,,0.0
2016-10-27,43,1054206.0,0,0,0.0,0.0,0.0,0.0,,,0.0,,0.0
2016-10-28,43,1054206.0,0,0,0.0,0.00701,0.00701,0.00701,,,228280.0,,228280.0
2016-10-31,43,1058854.0,0,1,0.02326,0.03516,0.0315,0.03516,,,556389.0,,556389.0
2016-11-01,42,1031489.0,0,0,0.0,0.0,0.0,0.0,,,0.0,,0.0
2016-11-02,42,1031489.0,0,0,0.0,0.00495,0.00495,0.00495,,,116577.0,,116577.0
2016-11-03,42,1035655.0,0,0,0.0,0.01691,0.01691,0.01691,,,93781.0,,93781.0
2016-11-04,42,1024592.0,1,0,0.02381,0.06352,0.05961,0.06352,,,903684.0,,903684.0
2016-11-07,43,1053619.0,0,1,0.02326,0.09343,0.08997,0.09343,,,1041784.0,,1041784.0
2016-11-08,42,1003615.0,0,0,0.0,0.0,0.0,0.0,,,0.0,,0.0
2016-11-09,42,1003615.0,0,0,0.0,0.00203,0.00203,0.00203,,,45248.0,,45248.0
2016-11-10,42,1003374.0,0,0,0.0,0.0171,0.0171,0.0171,,,372432.0,,372432.0
2016-11-11,42,1012035.0,0,0,0.0,0.0,0.0,0.0,,,0.0,,0.0
2016-11-14,42,1012035.0,0,0,0.0,0.01087,0.01087,0.01087,,,53018.0,,53018.0
2016-11-15,42,1007035.0,0,0,0.0,0.0,0.0,0.0,,,0.0,,0.0
2016-11-16,42,1007035.0,0,0,0.0,0.01119,0.01119,0.01119,,,176804.0,,176804.0
2016-11-17,42,1005602.0,0,0,0.0,0.00675,0.00675,0.00675,,,48600.0,,48600.0
2016-11-18,42,1006011.0,0,0,0.0,0.0237,0.0237,0.0237,,,198116.0,,198116.0
2016-11-21,42,999251.0,0,0,0.0,0.0,0.0,0.0,,,0.0,,0.0
2016-11-22,42,999251.0,0,0,0.0,0.0,0.0,0.0,,,0.0,,0.0
2016-11-23,42,999251.0,0,0,0.0,0.01187,0.01187,0.01187,,,67008.0,,67008.0
2016-11-25,42,987786.0,1,0,0.02381,0.01764,0.01743,0.01764,,,255900.0,,255900.0
2016-11-28,43,976696.0,0,0,0.0,0.0,0.0,0.0,,,0.0,,0.0
2016-11-29,43,976696.0,0,0,0.0,0.012,0.012,0.012,,,49754.0,,49754.0
2016-11-30,43,967219.0,0,0,0.0,0.00028,0.00028,0.00028,,,46660.0,,46660.0
2016-12-01,43,967455.0,0,0,0.0,0.0,0.0,0.0,,,0.0,,0.0
2016-12-02,43,967455.0,0,0,0.0,0.00865,0.00865,0.00865,,,246097.0,,246097.0
2016-12-05,43,966921.0,0,0,0.0,0.0,0.0,0.0,,,0.0,,0.0
2016-12-06,43,966921.0,0,0,0.0,0.0,0.0,0.0,,,0.0,,0.0
2016-12-07,43,966921.0,0,0,0.0,0.0,0.0,0.0,,,0.0,,0.0
2016-12-08,43,966921.0,0,0,0.0,0.0138,0.0138,0.0138,,,225135.0,,225135.0
2016-12-09,43,954979.0,0,0,0.0,0.00091,0.00091,0.00091,,,36637.0,,36637.0
2016-12-12,43,954514.0,0,0,0.0,0.0,0.0,0.0,,,0.0,,0.0
2016-12-13,43,954514.0,0,0,0.0,0.00483,0.00483,0.00483,,,74635.0,,74635.0
2016-12-14,43,952968.0,0,0,0.0,0.0,0.0,0.0,,,0.0,,0.0
2016-12-15,43,952968.0,0,0,0.0,0.0,0.0,0.0,,,0.0,,0.0
2016-12-16,43,952968.0,0,0,0.0,0.0,0.0,0.0,,,0.0,,0.0
2016-12-19,43,952968.0,0,0,0.0,0.0,0.0,0.0,,,0.0,,0.0
2016-12-20,43,952968.0,0,0,0.0,0.0,0.0,0.0,,,0.0,,0.0
2016-12-21,43,952968.0,0,0,0.0,0.00272,0.00272,0.00272,,,24129.0,,24129.0
2016-12-22,43,955539.0,0,0,0.0,0.0,0.0,0.0,,,0.0,,0.0
2016-12-23,43,955539.0,0,0,0.0,0.03534,0.03534,0.03534,,,429530.0,,429530.0
2016-12-27,43,934004.0,0,0,0.0,0.0,0.0,0.0,,,0.0,,0.0
2016-12-28,43,934004.0,0,0,0.0,0.00763,0.00763,0.00763,,,99125.0,,99125.0
2016-12-29,43,935127.0,0,0,0.0,0.00157,0.00157,0.00157,,,48561.0,,48561.0
2016-12-30,43,936197.0,0,1,0.02326,0.00429,0.00407,0.00429,,,116213.0,,116213.0
2017-01-03,42,939795.0,0,0,0.0,0.0,0.0,0.0,,,0.0,,0.0
2017-01-04,42,939795.0,0,0,0.0,0.01901,0.01901,0.01901,,,97721.0,,97721.0
2017-01-05,42,952096.0,0,0,0.0,0.0,0.0,0.0,,,0.0,,0.0
2017-01-06,42,952096.0,0,0,0.0,0.0,0.0,0.0,,,0.0,,0.0
2017-01-09,42,952096.0,0,0,0.0,0.0,0.0,0.0,,,0.0,,0.0
2017-01-10,42,952096.0,0,0,0.0,0.00992,0.00992,0.00992,,,391644.0,,391644.0
2017-01-11,42,951053.0,0,0,0.0,0.11536,0.11536,0.11536,,,2127497.0,,2127497.0
2017-01-12,42,1060767.0,0,0,0.0,0.04547,0.04547,0.04547,,,57240.0,,57240.0
2017-01-13,42,1108997.0,0,0,0.0,0.00215,0.00215,0.00215,,,78377.0,,78377.0
2017-01-17,42,1110779.0,0,0,0.0,0.0,0.0,0.0,,,0.0,,0.0
2017-01-18,42,1110779.0,0,0,0.0,0.01146,0.01146,0.01146,,,336158.0,,336158.0
2017-01-19,42,1121355.0,0,0,0.0,0.0,0.0,0.0,,,0.0,,0.0
2017-01-20,42,1121355.0,0,0,0.0,0.00039,0.00039,0.00039,,,110334.0,,110334.0
2017-01-23,42,1120996.0,0,0,0.0,0.0,0.0,0.0,,,0.0,,0.0
2017-01-24,42,1120996.0,0,0,0.0,0.00365,0.00365,0.00365,,,46853.0,,46853.0
2017-01-25,42,1119681.0,0,0,0.0,0.0,0.0,0.0,,,0.0,,0.0
2017-01-26,42,1119681.0,1,0,0.02381,0.01073,0.00827,0.01073,,,304815.0,,304815.0
2017-01-27,43,1113183.0,0,0,0.0,0.0042,0.0042,0.0042,,,153665.0,,153665.0
2017-01-30,43,1111364.0,0,0,0.0,0.0,0.0,0.0,,,0.0,,0.0
2017-01-31,43,1111364.0,1,0,0.02326,0.02787,0.02552,0.02787,,,445997.0,,445997.0
2017-02-01,44,1089085.0,0,0,0.0,0.0,0.0,0.0,,,0.0,,0.0
2017-02-02,44,1089085.0,0,0,0.0,0.0,0.0,0.0,,,0.0,,0.0
2017-02-03,44,1089085.0,0,0,0.0,0.00233,0.00233,0.00233,,,48766.0,,48766.0
2017-02-06,44,1091590.0,0,0,0.0,0.00476,0.00476,0.00476,,,288325.0,,288325.0
2017-02-07,44,1088960.0,0,0,0.0,0.00494,0.00494,0.00494,,,198223.0,,198223.0
2017-02-08,44,1085410.0,0,0,0.0,0.00173,0.00173,0.00173,,,26226.0,,26226.0
2017-02-09,44,1083537.0,0,0,0.0,0.00521,0.00521,0.00521,,,133774.0,,133774.0
2017-02-10,44,1080987.0,0,0,0.0,0.01438,0.01438,0.01438,,,155205.0,,155205.0
2017-02-13,44,1074904.0,0,0,0.0,0.0099,0.0099,0.0099,,,213448.0,,213448.0
2017-02-14,44,1075132.0,0,0,0.0,0.00172,0.00172,0.00172,,,29899.0,,29899.0
2017-02-15,44,1073813.0,0,0,0.0,0.0,0.0,0.0,,,0.0,,0.0
2017-02-16,44,1073813.0,0,0,0.0,0.0012,0.0012,0.0012,,,26378.0,,26378.0
2017-02-17,44,1073587.0,1,0,0.02273,0.02394,0.02332,0.02394,,,323756.0,,323756.0
2017-02-21,45,1054009.0,0,0,0.0,0.0,0.0,0.0,,,0.0,,0.0
2017-02-22,45,1054009.0,0,0,0.0,0.0,0.0,0.0,,,0.0,,0.0
2017-02-23,45,1054009.0,0,0,0.0,0.0,0.0,0.0,,,0.0,,0.0
2017-02-24,45,1054009.0,1,0,0.02222,0.00835,0.00733,0.00835,,,193944.0,,193944.0
2017-02-27,46,1053841.0,0,0,0.0,0.00681,0.00681,0.00681,,,209183.0,,209183.0
2017-02-28,46,1054409.0,0,1,0.02174,0.01831,0.01136,0.01831,,,357144.0,,357144.0
2017-03-01,45,1053119.0,0,0,0.0,0.0,0.0,0.0,,,0.0,,0.0
2017-03-02,45,1053119.0,0,0,0.0,0.0,0.0,0.0,,,0.0,,0.0
2017-03-03,45,1053119.0,0,0,0.0,0.06983,0.06983,0.06983,,,1158516.0,,1158516.0
2017-03-06,45,1126663.0,0,0,0.0,0.00353,0.00353,0.00353,,,112926.0,,112926.0
2017-03-07,45,1129033.0,0,0,0.0,0.0,0.0,0.0,,,0.0,,0.0
2017-03-08,45,1129033.0,0,0,0.0,0.0081,0.0081,0.0081,,,161046.0,,161046.0
2017-03-09,45,1134126.0,0,0,0.0,0.0,0.0,0.0,,,0.0,,0.0
2017-03-10,45,1134126.0,0,0,0.0,0.02185,0.02185,0.02185,,,313566.0,,313566.0
2017-03-13,45,1150867.0,1,0,0.02222,0.00665,0.00297,0.00665,,,349108.0,,349108.0
2017-03-14,46,1151688.0,0,0,0.0,0.0,0.0,0.0,,,0.0,,0.0
2017-03-15,46,1151688.0,0,0,0.0,0.00089,0.00089,0.00089,,,174784.0,,174784.0
2017-03-16,46,1151648.0,1,0,0.02174,0.00813,0.00499,0.00813,,,299779.0,,299779.0
2017-03-17,47,1158088.0,0,0,0.0,0.00481,0.00481,0.00481,,,142992.0,,142992.0
2017-03-20,47,1162425.0,0,0,0.0,0.00603,0.00603,0.00603,,,120543.0,,120543.0
2017-03-21,47,1163003.0,0,0,0.0,0.0,0.0,0.0,,,0.0,,0.0
2017-03-22,47,1163003.0,0,0,0.0,0.00276,0.00276,0.00276,,,120093.0,,120093.0
2017-03-23,47,1165494.0,0,0,0.0,0.0,0.0,0.0,,,0.0,,0.0
2017-03-24,47,1165494.0,0,0,0.0,0.0,0.0,0.0,,,0.0,,0.0
2017-03-27,47,1165494.0,0,0,0.0,0.00369,0.00369,0.00369,,,78636.0,,78636.0
2017-03-28,47,1165155.0,0,0,0.0,0.0,0.0,0.0,,,0.0,,0.0
2017-03-29,47,1165155.0,0,0,0.0,0.0,0.0,0.0,,,0.0,,0.0
2017-03-30,47,1165155.0,0,0,0.0,0.00405,0.00405,0.00405,,,178265.0,,178265.0
2017-03-31,47,1163479.0,0,0,0.0,0.00566,0.00566,0.00566,,,144743.0,,144743.0
2017-04-03,47,1167278.0,0,1,0.02128,0.00592,0.00412,0.00592,,,214946.0,,214946.0
2017-04-04,46,1169975.0,0,1,0.02174,0.00683,0.00585,0.00683,,,261762.0,,261762.0
2017-04-05,45,1166535.0,0,0,0.0,0.03518,0.03518,0.03518,,,176306.0,,176306.0
2017-04-06,45,1196211.0,0,0,0.0,0.0,0.0,0.0,,,0.0,,0.0
2017-04-07,45,1196211.0,0,0,0.0,0.0,0.0,0.0,,,0.0,,0.0
2017-04-10,45,1196211.0,0,0,0.0,0.06593,0.06593,0.06593,,,1191740.0,,1191740.0
2017-04-11,45,1275076.0,2,0,0.04444,0.01746,0.01356,0.01746,,,453301.0,,453301.0
2017-04-12,47,1263903.0,0,0,0.0,0.0,0.0,0.0,,,0.0,,0.0
2017-04-13,47,1263903.0,0,0,0.0,0.0,0.0,0.0,,,0.0,,0.0
2017-04-17,47,1263903.0,0,0,0.0,0.0,0.0,0.0,,,0.0,,0.0
2017-04-18,47,1263903.0,0,0,0.0,0.0,0.0,0.0,,,0.0,,0.0
2017-04-19,47,1263903.0,0,0,0.0,0.0,0.0,0.0,,,0.0,,0.0
2017-04-20,47,1263903.0,0,0,0.0,0.00032,0.00032,0.00032,,,67892.0,,67892.0
2017-04-21,47,1263903.0,0,0,0.0,0.0,0.0,0.0,,,0.0,,0.0
2017-04-24,47,1263903.0,0,0,0.0,0.0,0.0,0.0,,,0.0,,0.0
2017-04-25,47,1263903.0,0,0,0.0,0.0,0.0,0.0,,,0.0,,0.0
2017-04-26,47,1263903.0,0,0,0.0,0.00097,0.00097,0.00097,,,202768.0,,202768.0
2017-04-27,47,1264025.0,0,0,0.0,0.0,0.0,0.0,,,0.0,,0.0
2017-04-28,47,1264025.0,0,0,0.0,0.00214,0.00214,0.00214,,,78172.0,,78172.0
2017-05-01,47,1266325.0,0,0,0.0,0.00844,0.00844,0.00844,,,480852.0,,480852.0
2017-05-02,47,1260789.0,0,0,0.0,0.08577,0.08577,0.08577,,,1955696.0,,1955696.0
2017-05-03,47,1366140.0,0,0,0.0,0.0,0.0,0.0,,,0.0,,0.0
2017-05-04,47,1366140.0,0,0,0.0,0.11806,0.11806,0.11806,,,2593881.0,,2593881.0
2017-05-05,47,1527268.0,1,0,0.02128,0.01646,0.01513,0.01646,,,475393.0,,475393.0
2017-05-08,48,1542165.0,0,1,0.02083,0.00545,0.00544,0.00545,,,170793.0,,170793.0
2017-05-09,47,1540993.0,0,0,0.0,0.014,0.014,0.014,,,471790.0,,471790.0
2017-05-10,47,1539157.0,0,0,0.0,0.00606,0.00606,0.00606,,,161062.0,,161062.0
2017-05-11,47,1541174.0,0,0,0.0,0.00211,0.00211,0.00211,,,78156.0,,78156.0
2017-05-12,47,1540951.0,0,0,0.0,0.00176,0.00176,0.00176,,,65482.0,,65482.0
2017-05-15,47,1540752.0,0,0,0.0,0.0,0.0,0.0,,,0.0,,0.0
2017-05-16,47,1540752.0,0,0,0.0,0.01361,0.01361,0.01361,,,276526.0,,276526.0
2017-05-17,47,1555246.0,0,0,0.0,0.10516,0.10516,0.10516,,,2602619.0,,2602619.0
2017-05-18,47,1718802.0,0,0,0.0,0.0,0.0,0.0,,,0.0,,0.0
2017-05-19,47,1718802.0,0,0,0.0,0.00187,0.00187,0.00187,,,296594.0,,296594.0
2017-05-22,47,1719698.0,0,0,0.0,0.00548,0.00548,0.00548,,,712220.0,,712220.0
2017-05-23,47,1722230.0,0,0,0.0,0.09722,0.09722,0.09722,,,2789265.0,,2789265.0
2017-05-24,47,1889672.0,0,0,0.0,0.09399,0.09399,0.09399,,,2795559.0,,2795559.0
2017-05-25,47,2067274.0,0,0,0.0,0.0,0.0,0.0,,,0.0,,0.0
2017-05-26,47,2067274.0,0,0,0.0,0.01147,0.01147,0.01147,,,182476.0,,182476.0
2017-05-30,47,2054589.0,0,0,0.0,0.19967,0.19967,0.19967,,,6998382.0,,6998382.0
2017-05-31,47,2464824.0,0,0,0.0,0.00784,0.00784,0.00784,,,376934.0,,376934.0
2017-06-01,47,2475783.0,0,0,0.0,0.01643,0.01643,0.01643,,,228752.0,,228752.0
2017-06-02,47,2435106.0,1,0,0.02128,0.02057,0.01399,0.02057,,,561939.0,,561939.0
2017-06-05,48,2424955.0,0,0,0.0,0.03329,0.03329,0.03329,,,1453507.0,,1453507.0
2017-06-06,48,2505690.0,0,0,0.0,0.00979,0.00979,0.00979,,,234207.0,,234207.0
2017-06-07,48,2490721.0,0,0,0.0,0.0,0.0,0.0,,,0.0,,0.0
2017-06-08,48,2490721.0,0,0,0.0,0.09666,0.09666,0.09666,,,4441861.0,,4441861.0
2017-06-09,48,2731472.0,0,0,0.0,0.0,0.0,0.0,,,0.0,,0.0
2017-06-12,48,2731472.0,0,0,0.0,0.00259,0.00259,0.00259,,,211635.0,,211635.0
2017-06-13,48,2734179.0,0,0,0.0,0.03672,0.03672,0.03672,,,1965125.0,,1965125.0
2017-06-14,48,2755879.0,0,0,0.0,0.0,0.0,0.0,,,0.0,,0.0
2017-06-15,48,2755879.0,0,0,0.0,0.02938,0.02938,0.02938,,,1415115.0,,1415115.0
2017-06-16,48,2836845.0,0,0,0.0,0.0,0.0,0.0,,,0.0,,0.0
2017-06-19,48,2836845.0,0,0,0.0,0.00445,0.00445,0.00445,,,499993.0,,499993.0
2017-06-20,48,2834227.0,0,0,0.0,0.0,0.0,0.0,,,0.0,,0.0
2017-06-21,48,2834227.0,0,0,0.0,0.06582,0.06582,0.06582,,,3149732.0,,3149732.0
2017-06-22,48,3019525.0,0,0,0.0,0.0,0.0,0.0,,,0.0,,0.0
2017-06-23,48,3019525.0,0,0,0.0,0.054,0.054,0.054,,,3016001.0,,3016001.0
2017-06-26,48,3182591.0,0,0,0.0,0.0006,0.0006,0.0006,,,362553.0,,362553.0
2017-06-27,48,3180853.0,0,0,0.0,0.07684,0.07684,0.07684,,,4364324.0,,4364324.0
2017-06-28,48,3425271.0,0,0,0.0,0.02379,0.02379,0.02379,,,1482967.0,,1482967.0
2017-06-29,48,3506743.0,1,1,0.04167,0.01503,0.01184,0.01503,,,995855.0,,995855.0
2017-06-30,48,3541532.0,0,0,0.0,0.0,0.0,0.0,,,0.0,,0.0
2017-07-03,48,3541532.0,0,0,0.0,0.0,0.0,0.0,,,0.0,,0.0
2017-07-05,48,3541532.0,0,0,0.0,0.0,0.0,0.0,,,0.0,,0.0
2017-07-06,48,3541532.0,1,0,0.02083,0.01154,0.00912,0.01154,,,845810.0,,845810.0
2017-07-07,49,3572260.0,0,0,0.0,0.00961,0.00961,0.00961,,,983447.0,,983447.0
2017-07-10,49,3584524.0,0,0,0.0,0.04645,0.04645,0.04645,,,2843513.0,,2843513.0
2017-07-11,49,3751016.0,0,0,0.0,0.00577,0.00577,0.00577,,,271770.0,,271770.0
2017-07-12,49,3764670.0,0,0,0.0,0.00718,0.00718,0.00718,,,118773.0,,118773.0
2017-07-13,49,3791697.0,0,0,0.0,0.0,0.0,0.0,,,0.0,,0.0
2017-07-14,49,3791697.0,0,0,0.0,0.04438,0.04438,0.04438,,,2917257.0,,2917257.0
2017-07-17,49,3959978.0,0,0,0.0,0.00198,0.00198,0.00198,,,337894.0,,337894.0
2017-07-18,49,3964508.0,0,0,0.0,0.00935,0.00935,0.00935,,,289804.0,,289804.0
2017-07-19,49,3998057.0,0,0,0.0,0.02358,0.02358,0.02358,,,1688182.0,,1688182.0
2017-07-20,49,4091193.0,0,0,0.0,0.0208,0.0208,0.0208,,,1479131.0,,1479131.0
2017-07-21,49,4176291.0,0,0,0.0,0.06351,0.06351,0.06351,,,4590055.0,,4590055.0
2017-07-24,49,4432197.0,0,0,0.0,0.0,0.0,0.0,,,0.0,,0.0
2017-07-25,49,4432197.0,0,0,0.0,0.0,0.0,0.0,,,0.0,,0.0
2017-07-26,49,4432197.0,0,0,0.0,0.05761,0.05761,0.05761,,,4521601.0,,4521601.0
2017-07-27,49,4687527.0,0,0,0.0,0.0162,0.0162,0.0162,,,742059.0,,742059.0
2017-07-28,49,4680959.0,0,1,0.02041,0.03352,0.0329,0.03352,,,2178425.0,,2178425.0
2017-07-31,48,4776363.0,0,0,0.0,0.06327,0.06327,0.06327,,,4502107.0,,4502107.0
2017-08-01,48,5072566.0,1,0,0.02083,0.01221,0.00819,0.01221,,,1685154.0,,1685154.0
2017-08-02,49,5079338.0,0,0,0.0,0.00835,0.00835,0.00835,,,690332.0,,690332.0
2017-08-03,49,5113858.0,0,0,0.0,0.00874,0.00874,0.00874,,,744550.0,,744550.0
2017-08-04,49,5148839.0,0,0,0.0,0.00338,0.00338,0.00338,,,722514.0,,722514.0
2017-08-07,49,5152742.0,0,0,0.0,0.0,0.0,0.0,,,0.0,,0.0
2017-08-08,49,5152742.0,0,0,0.0,0.00226,0.00226,0.00226,,,182193.0,,182193.0
2017-08-09,49,5159499.0,0,0,0.0,0.05364,0.05364,0.05364,,,4691262.0,,4691262.0
2017-08-10,49,5433200.0,0,0,0.0,0.00637,0.00637,0.00637,,,926809.0,,926809.0
2017-08-11,49,5447745.0,0,0,0.0,0.00918,0.00918,0.00918,,,712665.0,,712665.0
2017-08-14,49,5444792.0,0,0,0.0,0.03453,0.03453,0.03453,,,1063926.0,,1063926.0
2017-08-15,49,5493959.0,0,0,0.0,0.06876,0.06876,0.06876,,,4725312.0,,4725312.0
2017-08-16,49,5224348.0,0,0,0.0,0.05001,0.05001,0.05001,,,4715731.0,,4715731.0
2017-08-17,49,5485620.0,0,0,0.0,0.0,0.0,0.0,,,0.0,,0.0
2017-08-18,49,5485620.0,1,0,0.02041,0.00833,0.00748,0.00833,,,523534.0,,523534.0
2017-08-21,50,5462675.0,0,0,0.0,0.0,0.0,0.0,,,0.0,,0.0
2017-08-22,50,5462675.0,0,0,0.0,0.00369,0.00369,0.00369,,,409301.0,,409301.0
2017-08-23,50,5473661.0,0,0,0.0,0.00414,0.00414,0.00414,,,973663.0,,973663.0
2017-08-24,50,5488039.0,0,0,0.0,0.00324,0.00324,0.00324,,,492081.0,,492081.0
2017-08-25,50,5475472.0,0,0,0.0,0.04753,0.04753,0.04753,,,4723087.0,,4723087.0
2017-08-28,50,5735716.0,0,0,0.0,0.0,0.0,0.0,,,0.0,,0.0
2017-08-29,50,5735716.0,0,0,0.0,0.01512,0.01512,0.01512,,,1631785.0,,1631785.0
2017-08-30,50,5822462.0,0,0,0.0,0.00477,0.00477,0.00477,,,282735.0,,282735.0
2017-08-31,50,5794707.0,0,0,0.0,0.05205,0.05205,0.05205,,,6315315.0,,6315315.0
2017-09-01,50,6043701.0,0,0,0.0,0.02113,0.02113,0.02113,,,1994808.0,,1994808.0
2017-09-05,50,5985428.0,0,0,0.0,0.04632,0.04632,0.04632,,,6086497.0,,6086497.0
2017-09-06,50,6262685.0,0,0,0.0,0.02468,0.02468,0.02468,,,3745095.0,,3745095.0
2017-09-07,50,6402400.0,0,0,0.0,0.00099,0.00099,0.00099,,,342045.0,,342045.0
2017-09-08,50,6408733.0,0,0,0.0,0.0013,0.0013,0.0013,,,1265477.0,,1265477.0
2017-09-11,50,6409960.0,0,0,0.0,0.0,0.0,0.0,,,0.0,,0.0
2017-09-12,50,6409960.0,0,0,0.0,0.03918,0.03918,0.03918,,,6003271.0,,6003271.0
2017-09-13,50,6653879.0,0,0,0.0,0.0,0.0,0.0,,,0.0,,0.0
2017-09-14,50,6653879.0,0,0,0.0,0.04308,0.04308,0.04308,,,6334711.0,,6334711.0
2017-09-15,50,6940503.0,0,0,0.0,0.0,0.0,0.0,,,0.0,,0.0
2017-09-18,50,6940503.0,0,0,0.0,0.0,0.0,0.0,,,0.0,,0.0
2017-09-19,50,6940503.0,0,1,0.02,2e-05,0.0,2e-05,,,27506.0,,27506.0
2017-09-20,49,6940349.0,0,0,0.0,0.0654,0.0654,0.0654,,,10039674.0,,10039674.0
2017-09-21,49,7394230.0,0,0,0.0,0.01025,0.01025,0.01025,,,1788574.0,,1788574.0
2017-09-22,49,7470030.0,0,0,0.0,0.0,0.0,0.0,,,0.0,,0.0
2017-09-25,49,7470030.0,0,0,0.0,0.01927,0.01927,0.01927,,,3121424.0,,3121424.0
2017-09-26,49,7613970.0,1,0,0.02041,0.01101,0.00842,0.01101,,,2365287.0,,2365287.0
2017-09-27,50,7682363.0,0,0,0.0,0.0,0.0,0.0,,,0.0,,0.0
2017-09-28,50,7682363.0,0,0,0.0,0.0068,0.0068,0.0068,,,1158577.0,,1158577.0
2017-09-29,50,7711052.0,1,0,0.02,0.02883,0.01928,0.02883,,,4148708.0,,4148708.0
2017-10-02,51,7918348.0,0,0,0.0,0.02097,0.02097,0.02097,,,2611726.0,,2611726.0
2017-10-03,51,8016642.0,1,0,0.01961,0.01623,0.01369,0.01623,,,3522100.0,,3522100.0
2017-10-04,52,8025530.0,0,0,0.0,0.00923,0.00923,0.00923,,,1639561.0,,1639561.0
2017-10-05,52,8099610.0,0,0,0.0,0.04961,0.04961,0.04961,,,8965805.0,,8965805.0
2017-10-06,52,8487426.0,0,0,0.0,0.0,0.0,0.0,,,0.0,,0.0
2017-10-09,52,8487426.0,0,0,0.0,0.00967,0.00967,0.00967,,,2430245.0,,2430245.0
2017-10-10,52,8519263.0,0,0,0.0,0.0,0.0,0.0,,,0.0,,0.0
2017-10-11,52,8519263.0,0,0,0.0,0.0,0.0,0.0,,,0.0,,0.0
2017-10-12,52,8519263.0,0,0,0.0,0.02625,0.02625,0.02625,,,4952615.0,,4952615.0
2017-10-13,52,8742880.0,0,0,0.0,0.03704,0.03704,0.03704,,,6155726.0,,6155726.0
2017-10-16,52,8932433.0,0,0,0.0,0.01223,0.01223,0.01223,,,2864958.0,,2864958.0
2017-10-17,52,8977862.0,0,0,0.0,0.00067,0.00067,0.00067,,,165140.0,,165140.0
2017-10-18,52,8983866.0,0,0,0.0,0.01632,0.01632,0.01632,,,3005526.0,,3005526.0
2017-10-19,52,9101180.0,0,0,0.0,0.01431,0.01431,0.01431,,,2534491.0,,2534491.0
2017-10-20,52,9059793.0,0,0,0.0,0.01841,0.01841,0.01841,,,3774829.0,,3774829.0
2017-10-23,52,9217767.0,0,0,0.0,0.0,0.0,0.0,,,0.0,,0.0
2017-10-24,52,9217767.0,0,0,0.0,0.00509,0.00509,0.00509,,,837911.0,,837911.0
2017-10-25,52,9261190.0,1,0,0.01923,0.0258,0.02364,0.0258,,,7350788.0,,7350788.0
2017-10-26,53,9304060.0,0,1,0.01887,0.01036,0.01036,0.01036,,,1846455.0,,1846455.0
2017-10-27,52,9399138.0,0,0,0.0,0.00351,0.00351,0.00351,,,1136090.0,,1136090.0
2017-10-30,52,9381538.0,0,2,0.03846,0.01591,0.01085,0.01591,,,5962054.0,,5962054.0
2017-10-31,50,9392872.0,0,0,0.0,0.02749,0.02749,0.02749,,,6406681.0,,6406681.0
2017-11-01,50,9546925.0,0,1,0.02,0.02358,0.02358,0.02358,,,4945110.0,,4945110.0
2017-11-02,49,9772061.0,0,0,0.0,0.01238,0.01238,0.01238,,,2248219.0,,2248219.0
2017-11-03,49,9829427.0,0,0,0.0,0.03138,0.03138,0.03138,,,7456048.0,,7456048.0
2017-11-06,49,10067146.0,0,0,0.0,0.00908,0.00908,0.00908,,,1331688.0,,1331688.0
2017-11-07,49,10139499.0,0,0,0.0,0.0,0.0,0.0,,,0.0,,0.0
2017-11-08,49,10139499.0,0,0,0.0,0.03131,0.03131,0.03131,,,5850233.0,,5850233.0
2017-11-09,49,10393593.0,0,0,0.0,0.0373,0.0373,0.0373,,,6379936.0,,6379936.0
2017-11-10,49,10381444.0,0,0,0.0,0.0052,0.0052,0.0052,,,1553426.0,,1553426.0
2017-11-13,49,10424950.0,0,0,0.0,0.01862,0.01862,0.01862,,,1748705.0,,1748705.0
2017-11-14,49,10324497.0,0,0,0.0,0.0,0.0,0.0,,,0.0,,0.0
2017-11-15,49,10324497.0,0,0,0.0,0.02515,0.02515,0.02515,,,3118058.0,,3118058.0
2017-11-16,49,10402587.0,0,0,0.0,0.00173,0.00173,0.00173,,,217471.0,,217471.0
2017-11-17,49,10420545.0,0,0,0.0,0.0,0.0,0.0,,,0.0,,0.0
2017-11-20,49,10420545.0,0,0,0.0,0.03709,0.03709,0.03709,,,8380593.0,,8380593.0
2017-11-21,49,10807063.0,0,0,0.0,0.00449,0.00449,0.00449,,,1912823.0,,1912823.0
2017-11-22,49,10834982.0,0,0,0.0,0.01431,0.01431,0.01431,,,3439788.0,,3439788.0
2017-11-27,49,10990012.0,0,0,0.0,0.0917,0.0917,0.0917,,,22288040.0,,22288040.0
2017-11-28,49,11997831.0,0,0,0.0,0.0,0.0,0.0,,,0.0,,0.0
2017-11-29,49,11997831.0,0,0,0.0,0.03877,0.03877,0.03877,,,10104935.0,,10104935.0
2017-11-30,49,12462947.0,1,0,0.02041,0.01584,0.01485,0.01584,,,6232821.0,,6232821.0
2017-12-01,50,12660304.0,0,0,0.0,0.0,0.0,0.0,,,0.0,,0.0
2017-12-04,50,12660304.0,0,0,0.0,0.02899,0.02899,0.02899,,,8969832.0,,8969832.0
2017-12-05,50,12925020.0,0,0,0.0,0.034,0.034,0.034,,,10987016.0,,10987016.0
2017-12-06,50,13332047.0,0,0,0.0,0.00032,0.00032,0.00032,,,48345.0,,48345.0
2017-12-07,50,13327780.0,0,0,0.0,0.01367,0.01367,0.01367,,,4067204.0,,4067204.0
2017-12-08,50,13509915.0,0,0,0.0,0.03344,0.03344,0.03344,,,9944333.0,,9944333.0
2017-12-11,50,13938268.0,0,2,0.04,0.0022,0.0,0.0022,,,326151.0,,326151.0
2017-12-12,48,13907651.0,0,0,0.0,0.04299,0.04299,0.04299,,,12838617.0,,12838617.0
2017-12-13,48,14486394.0,0,0,0.0,0.05342,0.05342,0.05342,,,17913324.0,,17913324.0
2017-12-14,48,15153489.0,0,0,0.0,0.00388,0.00388,0.00388,,,1023141.0,,1023141.0
2017-12-15,48,15212324.0,0,0,0.0,0.00913,0.00913,0.00913,,,3661575.0,,3661575.0
2017-12-18,48,15289029.0,0,0,0.0,0.01529,0.01529,0.01529,,,5352395.0,,5352395.0
2017-12-19,48,15511692.0,0,0,0.0,0.0665,0.0665,0.0665,,,22493518.0,,22493518.0
2017-12-20,48,16543191.0,0,0,0.0,0.03074,0.03074,0.03074,,,12854997.0,,12854997.0
2017-12-21,48,17051695.0,0,0,0.0,0.01086,0.01086,0.01086,,,5639899.0,,5639899.0
2017-12-22,48,17216080.0,0,0,0.0,0.0,0.0,0.0,,,0.0,,0.0
2017-12-26,48,17216080.0,0,0,0.0,0.0,0.0,0.0,,,0.0,,0.0
2017-12-27,48,17216080.0,0,0,0.0,0.0,0.0,0.0,,,0.0,,0.0
2017-12-28,48,17216080.0,0,0,0.0,0.00254,0.00254,0.00254,,,2129371.0,,2129371.0
2017-12-29,48,17172271.0,0,0,0.0,0.0,0.0,0.0,,,0.0,,0.0
2018-01-02,48,17172271.0,0,0,0.0,0.01294,0.01294,0.01294,,,5776767.0,,5776767.0
2018-01-03,48,17341977.0,0,0,0.0,0.00916,0.00916,0.00916,,,3600591.0,,3600591.0
2018-01-04,48,17500820.0,1,0,0.02083,0.06591,0.04787,0.06591,,,22604062.0,,22604062.0
2018-01-05,49,18609651.0,0,0,0.0,0.0,0.0,0.0,,,0.0,,0.0
2018-01-08,49,18609651.0,0,0,0.0,0.01298,0.01298,0.01298,,,5456532.0,,5456532.0
2018-01-09,49,18851148.0,1,0,0.02041,0.02711,0.02446,0.02711,,,10753048.0,,10753048.0
2018-01-10,50,18780354.0,1,0,0.02,0.09602,0.05313,0.09602,,,26820822.0,,26820822.0
2018-01-11,51,20520735.0,0,0,0.0,0.03476,0.03476,0.03476,,,13389051.0,,13389051.0
2018-01-12,51,19807386.0,1,0,0.01961,0.05393,0.04973,0.05393,,,12925423.0,,12925423.0
2018-01-16,52,20762776.0,0,0,0.0,0.01676,0.01676,0.01676,,,5283430.0,,5283430.0
2018-01-17,52,21077268.0,0,0,0.0,0.02328,0.02328,0.02328,,,3047921.0,,3047921.0
2018-01-18,52,21444591.0,0,0,0.0,0.015,0.015,0.015,,,4691958.0,,4691958.0
2018-01-19,52,21755690.0,0,0,0.0,0.00418,0.00418,0.00418,,,2594211.0,,2594211.0
2018-01-22,52,21794463.0,0,0,0.0,0.02392,0.02392,0.02392,,,13788613.0,,13788613.0
2018-01-23,52,22267860.0,0,0,0.0,0.04458,0.04458,0.04458,,,39900974.0,,39900974.0
2018-01-24,52,22880370.0,0,0,0.0,0.03862,0.03862,0.03862,,,22392598.0,,22392598.0
2018-01-25,52,23664499.0,0,0,0.0,0.04222,0.04222,0.04222,,,17496912.0,,17496912.0
2018-01-26,52,24663618.0,0,0,0.0,0.0,0.0,0.0,,,0.0,,0.0
2018-01-29,52,24663618.0,0,0,0.0,0.0,0.0,0.0,,,0.0,,0.0
2018-01-30,52,24663618.0,0,0,0.0,0.03159,0.03159,0.03159,,,22761540.0,,22761540.0
2018-01-31,52,25310488.0,0,0,0.0,0.0211,0.0211,0.0211,,,5358430.0,,5358430.0
2018-02-01,52,25580116.0,0,0,0.0,0.0,0.0,0.0,,,0.0,,0.0
2018-02-02,52,25580116.0,0,0,0.0,0.05036,0.05036,0.05036,,,23368075.0,,23368075.0
2018-02-05,52,26347134.0,0,0,0.0,0.00829,0.00829,0.00829,,,6182822.0,,6182822.0
2018-02-06,52,26136511.0,0,0,0.0,0.0436,0.0436,0.0436,,,20326011.0,,20326011.0
2018-02-07,52,25846400.0,0,0,0.0,0.02166,0.02166,0.02166,,,7936511.0,,7936511.0
2018-02-08,52,26277725.0,0,0,0.0,0.00739,0.00739,0.00739,,,3744336.0,,3744336.0
2018-02-09,52,26471937.0,0,0,0.0,0.00553,0.00553,0.00553,,,5850938.0,,5850938.0
2018-02-12,52,26498885.0,0,0,0.0,0.01598,0.01598,0.01598,,,11414005.0,,11414005.0
2018-02-13,52,26423180.0,0,0,0.0,0.02001,0.02001,0.02001,,,10301238.0,,10301238.0
2018-02-14,52,26685200.0,0,0,0.0,0.02555,0.02555,0.02555,,,6534785.0,,6534785.0
2018-02-15,52,27321547.0,0,0,0.0,0.02623,0.02623,0.02623,,,17274524.0,,17274524.0
2018-02-16,52,27898544.0,0,0,0.0,0.02101,0.02101,0.02101,,,12052621.0,,12052621.0
2018-02-20,52,28322843.0,0,0,0.0,0.02686,0.02686,0.02686,,,14202416.0,,14202416.0
2018-02-21,52,29083677.0,0,0,0.0,0.00855,0.00855,0.00855,,,4625526.0,,4625526.0
2018-02-22,52,29332303.0,0,0,0.0,0.00273,0.00273,0.00273,,,1890654.0,,1890654.0
2018-02-23,52,29353693.0,0,0,0.0,0.05148,0.05148,0.05148,,,30629840.0,,30629840.0
2018-02-26,52,30864931.0,0,0,0.0,0.00605,0.00605,0.00605,,,3878966.0,,3878966.0
2018-02-27,52,30884672.0,0,0,0.0,0.01166,0.01166,0.01166,,,7859953.0,,7859953.0
2018-02-28,52,31220229.0,0,0,0.0,0.00647,0.00647,0.00647,,,4025985.0,,4025985.0
2018-03-01,52,31422087.0,0,0,0.0,0.01599,0.01599,0.01599,,,12628494.0,,12628494.0
2018-03-02,52,31519852.0,0,0,0.0,0.01537,0.01537,0.01537,,,9755403.0,,9755403.0
2018-03-05,52,31998008.0,0,0,0.0,0.00354,0.00354,0.00354,,,5478156.0,,5478156.0
2018-03-06,52,32005643.0,0,0,0.0,0.01903,0.01903,0.01903,,,12658128.0,,12658128.0
2018-03-07,52,32614558.0,0,1,0.01923,0.01248,0.01245,0.01248,,,8668687.0,,8668687.0
2018-03-08,51,33019373.0,0,0,0.0,0.00307,0.00307,0.00307,,,2164185.0,,2164185.0
2018-03-09,51,33120877.0,0,0,0.0,0.0,0.0,0.0,,,0.0,,0.0
2018-03-12,51,33120877.0,0,0,0.0,0.0467,0.0467,0.0467,,,31805753.0,,31805753.0
2018-03-13,51,34667746.0,0,0,0.0,0.03526,0.03526,0.03526,,,26256363.0,,26256363.0
2018-03-14,51,35890130.0,0,0,0.0,0.0,0.0,0.0,,,0.0,,0.0
2018-03-15,51,35890130.0,0,0,0.0,0.00689,0.00689,0.00689,,,10343011.0,,10343011.0
2018-03-16,51,36070902.0,0,0,0.0,0.01275,0.01275,0.01275,,,11378554.0,,11378554.0
2018-03-19,51,36474533.0,0,0,0.0,0.0081,0.0081,0.0081,,,10099038.0,,10099038.0
2018-03-20,51,36636327.0,0,0,0.0,0.00364,0.00364,0.00364,,,3383581.0,,3383581.0
2018-03-21,51,36764166.0,0,0,0.0,0.00963,0.00963,0.00963,,,10048838.0,,10048838.0
2018-03-22,51,36896057.0,0,0,0.0,0.00279,0.00279,0.00279,,,2049080.0,,2049080.0
2018-03-23,51,36999039.0,0,0,0.0,0.00131,0.00131,0.00131,,,3370863.0,,3370863.0
2018-03-26,51,37015176.0,0,0,0.0,0.00544,0.00544,0.00544,,,5930693.0,,5930693.0
2018-03-27,51,37102256.0,0,0,0.0,0.01486,0.01486,0.01486,,,14535530.0,,14535530.0
2018-03-28,51,36916320.0,0,0,0.0,0.02977,0.02977,0.02977,,,22184097.0,,22184097.0
2018-03-29,51,37648697.0,0,2,0.03922,0.04788,0.03971,0.04788,,,32773650.0,,32773650.0
2018-04-02,49,38061764.0,0,1,0.02041,0.0224,0.01864,0.0224,,,17061066.0,,17061066.0
2018-04-03,48,38261655.0,0,4,0.08333,0.01215,0.01214,0.01215,,,16414511.0,,16414511.0
2018-04-04,44,38479037.0,0,0,0.0,0.00816,0.00816,0.00816,,,5830556.0,,5830556.0
2018-04-05,44,38165085.0,0,0,0.0,0.00795,0.00795,0.00795,,,6571847.0,,6571847.0
2018-04-06,44,38011907.0,0,0,0.0,0.0,0.0,0.0,,,0.0,,0.0
2018-04-09,44,38011907.0,0,0,0.0,0.0,0.0,0.0,,,0.0,,0.0
2018-04-10,44,38011907.0,0,0,0.0,0.0,0.0,0.0,,,0.0,,0.0
2018-04-11,44,38011907.0,0,0,0.0,0.0213,0.0213,0.0213,,,16389993.0,,16389993.0
2018-04-12,44,38773527.0,0,0,0.0,0.0,0.0,0.0,,,0.0,,0.0
2018-04-13,44,38773527.0,0,0,0.0,0.01124,0.01124,0.01124,,,7956761.0,,7956761.0
2018-04-16,44,39209203.0,0,0,0.0,0.0,0.0,0.0,,,0.0,,0.0
2018-04-17,44,39209203.0,0,0,0.0,0.00971,0.00971,0.00971,,,10740594.0,,10740594.0
2018-04-18,44,39390912.0,0,0,0.0,0.00645,0.00645,0.00645,,,5990684.0,,5990684.0
2018-04-19,44,39578259.0,0,0,0.0,0.01022,0.01022,0.01022,,,9799938.0,,9799938.0
2018-04-20,44,39694751.0,0,0,0.0,0.00448,0.00448,0.00448,,,5702713.0,,5702713.0
2018-04-23,44,39813299.0,0,0,0.0,0.00451,0.00451,0.00451,,,8403145.0,,8403145.0
2018-04-24,44,39849682.0,1,0,0.02273,0.02945,0.02708,0.02945,,,26724333.0,,26724333.0
2018-04-25,45,39317790.0,0,0,0.0,0.00906,0.00906,0.00906,,,10843070.0,,10843070.0
2018-04-26,45,39114449.0,0,1,0.02222,0.0166,0.01443,0.0166,,,19666414.0,,19666414.0
2018-04-27,44,38900231.0,0,2,0.04545,0.00815,0.00813,0.00815,,,10496207.0,,10496207.0
2018-04-30,42,39080247.0,0,1,0.02381,0.00777,0.00656,0.00777,,,11226597.0,,11226597.0
2018-05-01,41,39002755.0,0,0,0.0,0.0,0.0,0.0,,,0.0,,0.0
2018-05-02,41,39002755.0,0,0,0.0,0.00275,0.00275,0.00275,,,1972148.0,,1972148.0
2018-05-03,41,38895348.0,0,0,0.0,0.01746,0.01746,0.01746,,,21076766.0,,21076766.0
2018-05-04,41,39415585.0,0,1,0.02439,0.01895,0.01798,0.01895,,,16186341.0,,16186341.0
2018-05-07,40,39450408.0,0,0,0.0,0.0,0.0,0.0,,,0.0,,0.0
2018-05-08,40,39450408.0,0,0,0.0,0.00056,0.00056,0.00056,,,3106514.0,,3106514.0
2018-05-09,40,39448466.0,0,0,0.0,0.0103,0.0103,0.0103,,,9604232.0,,9604232.0
2018-05-10,40,39781776.0,0,0,0.0,0.00271,0.00271,0.00271,,,2111351.0,,2111351.0
2018-05-11,40,39889570.0,0,0,0.0,0.00811,0.00811,0.00811,,,6371033.0,,6371033.0
2018-05-14,40,40212936.0,0,0,0.0,0.00268,0.00268,0.00268,,,2125639.0,,2125639.0
2018-05-15,40,40320727.0,0,0,0.0,0.00802,0.00802,0.00802,,,6348315.0,,6348315.0
2018-05-16,40,40644093.0,1,0,0.025,0.00312,0.00303,0.00312,,,2457344.0,,2457344.0
2018-05-17,41,40736051.0,0,0,0.0,0.00322,0.00322,0.00322,,,2448108.0,,2448108.0
2018-05-18,41,40822304.0,0,0,0.0,0.00079,0.00079,0.00079,,,356098.0,,356098.0
2018-05-21,41,40795611.0,0,0,0.0,0.00599,0.00599,0.00599,,,6874827.0,,6874827.0
2018-05-22,41,40953830.0,0,0,0.0,0.019,0.019,0.019,,,17789746.0,,17789746.0
2018-05-23,41,41618112.0,0,0,0.0,0.00261,0.00261,0.00261,,,2155438.0,,2155438.0
2018-05-24,41,41720260.0,0,0,0.0,0.01285,0.01285,0.01285,,,10718328.0,,10718328.0
2018-05-25,41,42256404.0,0,0,0.0,0.01269,0.01269,0.01269,,,10701903.0,,10701903.0
2018-05-29,41,42792531.0,0,0,0.0,0.00026,0.00026,0.00026,,,89164.0,,89164.0
2018-05-30,41,42803458.0,1,0,0.02439,0.0083,0.00796,0.0083,,,15437481.0,,15437481.0
2018-05-31,42,42929835.0,0,0,0.0,0.01073,0.01073,0.01073,,,11629425.0,,11629425.0
2018-06-01,42,43291497.0,0,0,0.0,0.01094,0.01094,0.01094,,,9872819.0,,9872819.0
2018-06-04,42,43690917.0,0,0,0.0,0.00244,0.00244,0.00244,,,2205485.0,,2205485.0
2018-06-05,42,43797705.0,1,0,0.02381,0.01699,0.01499,0.01699,,,27454782.0,,27454782.0
2018-06-06,43,44359657.0,0,0,0.0,0.01202,0.01202,0.01202,,,11384965.0,,11384965.0
2018-06-07,43,44892681.0,0,0,0.0,0.00712,0.00712,0.00712,,,6758854.0,,6758854.0
2018-06-08,43,45212491.0,0,0,0.0,0.01415,0.01415,0.01415,,,13595336.0,,13595336.0
2018-06-11,43,45852113.0,0,0,0.0,0.0,0.0,0.0,,,0.0,,0.0
2018-06-12,43,45852113.0,0,0,0.0,0.00717,0.00717,0.00717,,,11155501.0,,11155501.0
2018-06-13,43,45962469.0,0,0,0.0,0.01624,0.01624,0.01624,,,16109710.0,,16109710.0
2018-06-14,43,46708810.0,0,0,0.0,0.00718,0.00718,0.00718,,,7353091.0,,7353091.0
2018-06-15,43,46856244.0,0,0,0.0,0.01363,0.01363,0.01363,,,14074702.0,,14074702.0
2018-06-18,43,47494989.0,0,0,0.0,0.0,0.0,0.0,,,0.0,,0.0
2018-06-19,43,47494989.0,0,0,0.0,0.01569,0.01569,0.01569,,,16491450.0,,16491450.0
2018-06-20,43,48240207.0,0,0,0.0,0.01545,0.01545,0.01545,,,16804870.0,,16804870.0
2018-06-21,43,48985410.0,0,0,0.0,0.00652,0.00652,0.00652,,,7026300.0,,7026300.0
2018-06-22,43,49304782.0,0,0,0.0,0.01943,0.01943,0.01943,,,20836045.0,,20836045.0
2018-06-25,43,50262899.0,0,0,0.0,0.01995,0.01995,0.01995,,,22764664.0,,22764664.0
2018-06-26,43,50163038.0,0,3,0.06977,0.00062,0.00056,0.00062,,,4310827.0,,4310827.0
2018-06-27,40,50169842.0,0,0,0.0,0.00542,0.00542,0.00542,,,8631388.0,,8631388.0
2018-06-28,40,50306719.0,0,0,0.0,0.00607,0.00607,0.00607,,,16341964.0,,16341964.0
2018-06-29,40,50478880.0,0,0,0.0,0.00116,0.00116,0.00116,,,2668726.0,,2668726.0
2018-07-02,40,50470024.0,0,0,0.0,0.00417,0.00417,0.00417,,,4528334.0,,4528334.0
2018-07-03,40,50680251.0,0,0,0.0,0.00724,0.00724,0.00724,,,12551708.0,,12551708.0
2018-07-05,40,50905959.0,0,0,0.0,0.00573,0.00573,0.00573,,,8812126.0,,8812126.0
2018-07-06,40,51035550.0,0,0,0.0,0.01065,0.01065,0.01065,,,25216588.0,,25216588.0
2018-07-09,40,51376292.0,0,0,0.0,0.00823,0.00823,0.00823,,,9372718.0,,9372718.0
2018-07-10,40,51799021.0,0,0,0.0,0.01224,0.01224,0.01224,,,13991086.0,,13991086.0
2018-07-11,40,52433114.0,0,0,0.0,0.01209,0.01209,0.01209,,,13977326.0,,13977326.0
2018-07-12,40,53067208.0,0,0,0.0,0.00996,0.00996,0.00996,,,15345432.0,,15345432.0
2018-07-13,40,53499864.0,0,0,0.0,0.0,0.0,0.0,,,0.0,,0.0
2018-07-16,40,53499864.0,0,0,0.0,0.00198,0.00198,0.00198,,,2333275.0,,2333275.0
2018-07-17,40,53605569.0,0,0,0.0,0.0102,0.0102,0.0102,,,12382659.0,,12382659.0
2018-07-18,40,54144866.0,0,0,0.0,0.00609,0.00609,0.00609,,,7731186.0,,7731186.0
2018-07-19,40,54466053.0,0,0,0.0,0.00609,0.00609,0.00609,,,7268144.0,,7268144.0
2018-07-20,40,54781900.0,0,0,0.0,0.00193,0.00193,0.00193,,,2348682.0,,2348682.0
2018-07-23,40,54887852.0,0,0,0.0,0.01149,0.01149,0.01149,,,19575690.0,,19575690.0
2018-07-24,40,55365716.0,0,0,0.0,0.00403,0.00403,0.00403,,,11445270.0,,11445270.0
2018-07-25,40,55490913.0,0,0,0.0,0.02166,0.02166,0.02166,,,38638514.0,,38638514.0
2018-07-26,40,56411692.0,0,0,0.0,0.00663,0.00663,0.00663,,,9418854.0,,9418854.0
2018-07-27,40,56637576.0,0,0,0.0,0.00529,0.00529,0.00529,,,10233281.0,,10233281.0
2018-07-30,40,56823942.0,0,0,0.0,0.01071,0.01071,0.01071,,,27268069.0,,27268069.0
2018-07-31,40,57100584.0,1,1,0.05,0.01508,0.01296,0.01508,,,43942473.0,,43942473.0
2018-08-01,40,56849131.0,0,0,0.0,0.0,0.0,0.0,,,0.0,,0.0
2018-08-02,40,56849131.0,0,0,0.0,0.00663,0.00663,0.00663,,,18739267.0,,18739267.0
2018-08-03,40,56686657.0,0,0,0.0,0.00121,0.00121,0.00121,,,4746215.0,,4746215.0
2018-08-06,40,56640339.0,1,0,0.025,0.01688,0.01542,0.01688,,,23107704.0,,23107704.0
2018-08-07,41,56222423.0,0,0,0.0,0.00567,0.00567,0.00567,,,6945516.0,,6945516.0
2018-08-08,41,56541223.0,1,0,0.02439,0.02176,0.01651,0.02176,,,43717617.0,,43717617.0
2018-08-09,42,56293802.0,0,0,0.0,0.02576,0.02576,0.02576,,,31519541.0,,31519541.0
2018-08-10,42,57482837.0,0,0,0.0,0.00721,0.00721,0.00721,,,20911519.0,,20911519.0
2018-08-13,42,57667921.0,0,0,0.0,0.0,0.0,0.0,,,0.0,,0.0
2018-08-14,42,57667921.0,0,0,0.0,0.00164,0.00164,0.00164,,,4776944.0,,4776944.0
2018-08-15,42,57703713.0,0,0,0.0,0.00642,0.00642,0.00642,,,20542025.0,,20542025.0
2018-08-16,42,57673209.0,0,0,0.0,0.01174,0.01174,0.01174,,,20022644.0,,20022644.0
2018-08-17,42,58220337.0,0,0,0.0,0.00965,0.00965,0.00965,,,20877340.0,,20877340.0
2018-08-20,42,58460479.0,0,0,0.0,0.0,0.0,0.0,,,0.0,,0.0
2018-08-21,42,58460479.0,0,0,0.0,0.03085,0.03085,0.03085,,,39795129.0,,39795129.0
2018-08-22,42,59188255.0,0,0,0.0,0.00326,0.00326,0.00326,,,5985739.0,,5985739.0
2018-08-23,42,59373171.0,0,0,0.0,0.0,0.0,0.0,,,0.0,,0.0
2018-08-24,42,59373171.0,0,0,0.0,0.00362,0.00362,0.00362,,,4772831.0,,4772831.0
2018-08-27,42,59587829.0,1,0,0.02381,0.01671,0.00832,0.01671,,,20796776.0,,20796776.0
2018-08-28,43,60548857.0,0,0,0.0,0.0,0.0,0.0,,,0.0,,0.0
2018-08-29,43,60548857.0,0,0,0.0,0.00891,0.00891,0.00891,,,12314005.0,,12314005.0
2018-08-30,43,61088381.0,0,0,0.0,0.00353,0.00353,0.00353,,,4924327.0,,4924327.0
2018-08-31,43,61304176.0,0,0,0.0,0.00352,0.00352,0.00352,,,4942959.0,,4942959.0
2018-09-04,43,61519970.0,0,0,0.0,0.00526,0.00526,0.00526,,,7331008.0,,7331008.0
2018-09-05,43,61843672.0,0,0,0.0,0.01391,0.01391,0.01391,,,11824403.0,,11824403.0
2018-09-06,43,61499536.0,0,0,0.0,0.0101,0.0101,0.0101,,,15043522.0,,15043522.0
2018-09-07,43,61723171.0,0,1,0.02326,0.01013,0.01013,0.01013,,,17298436.0,,17298436.0
2018-09-10,42,62215507.0,0,0,0.0,0.00976,0.00976,0.00976,,,16476955.0,,16476955.0
2018-09-11,42,62519263.0,0,0,0.0,0.01315,0.01315,0.01315,,,36842676.0,,36842676.0
2018-09-12,42,62466700.0,0,0,0.0,0.0,0.0,0.0,,,0.0,,0.0
2018-09-13,42,62466700.0,0,0,0.0,0.00568,0.00568,0.00568,,,11262152.0,,11262152.0
2018-09-14,42,62721007.0,0,0,0.0,0.00344,0.00344,0.00344,,,4795236.0,,4795236.0
2018-09-17,42,62936463.0,0,0,0.0,0.00856,0.00856,0.00856,,,11758172.0,,11758172.0
2018-09-18,42,63475105.0,0,0,0.0,0.00647,0.00647,0.00647,,,7869432.0,,7869432.0
2018-09-19,42,63459892.0,0,0,0.0,0.0,0.0,0.0,,,0.0,,0.0
2018-09-20,42,63459892.0,0,2,0.04762,0.00187,0.00187,0.00187,,,28453.0,,28453.0
2018-09-21,40,63340957.0,0,0,0.0,0.00343,0.00343,0.00343,,,7133225.0,,7133225.0
2018-09-24,40,63177078.0,0,0,0.0,0.0106,0.0106,0.0106,,,22602550.0,,22602550.0
2018-09-25,40,63329069.0,0,0,0.0,0.00338,0.00338,0.00338,,,4751568.0,,4751568.0
2018-09-26,40,63543398.0,0,0,0.0,0.0,0.0,0.0,,,0.0,,0.0
2018-09-27,40,63543398.0,0,0,0.0,0.0,0.0,0.0,,,0.0,,0.0
2018-09-28,40,63543398.0,0,0,0.0,0.00169,0.00169,0.00169,,,2357168.0,,2357168.0
2018-10-01,40,63650519.0,0,0,0.0,0.01344,0.01344,0.01344,,,21308145.0,,21308145.0
2018-10-02,40,64059878.0,0,0,0.0,0.0,0.0,0.0,,,0.0,,0.0
2018-10-03,40,64059878.0,0,0,0.0,0.00108,0.00108,0.00108,,,9199.0,,9199.0
2018-10-04,40,63990450.0,0,0,0.0,0.00339,0.00339,0.00339,,,12377265.0,,12377265.0
2018-10-05,40,64099087.0,0,0,0.0,0.01588,0.01588,0.01588,,,39926205.0,,39926205.0
2018-10-08,40,64033732.0,0,0,0.0,0.00268,0.00268,0.00268,,,2645823.0,,2645823.0
2018-10-09,40,64185284.0,0,0,0.0,0.00205,0.00205,0.00205,,,13197126.0,,13197126.0
2018-10-10,40,64174530.0,0,0,0.0,0.0075,0.0075,0.0075,,,13720783.0,,13720783.0
2018-10-11,40,63833667.0,0,0,0.0,0.00711,0.00711,0.00711,,,24848204.0,,24848204.0
2018-10-12,40,64280115.0,0,1,0.025,0.02693,0.02685,0.02693,,,54086122.0,,54086122.0
2018-10-15,39,63888253.0,0,1,0.02564,0.03709,0.00681,0.03709,,,8478055.0,,8478055.0
2018-10-16,38,62181016.0,0,2,0.05263,0.00333,0.00258,0.00333,,,18083414.0,,18083414.0
2018-10-17,36,62294815.0,0,0,0.0,0.00542,0.00542,0.00542,,,6699326.0,,6699326.0
2018-10-18,36,62591006.0,0,0,0.0,0.00246,0.00246,0.00246,,,2987504.0,,2987504.0
2018-10-19,36,62745293.0,0,0,0.0,0.0032,0.0032,0.0032,,,6894907.0,,6894907.0
2018-10-22,36,62754840.0,0,0,0.0,0.00461,0.00461,0.00461,,,11184514.0,,11184514.0
2018-10-23,36,62541558.0,0,0,0.0,0.00227,0.00227,0.00227,,,5218329.0,,5218329.0
2018-10-24,36,62471216.0,0,1,0.02778,0.01672,0.01465,0.01672,,,22258702.0,,22258702.0
2018-10-25,35,62828920.0,0,1,0.02857,0.01845,0.01652,0.01845,,,23117371.0,,23117371.0
2018-10-26,34,63262370.0,0,0,0.0,0.01118,0.01118,0.01118,,,15200029.0,,15200029.0
2018-10-29,34,63337903.0,0,0,0.0,0.01722,0.01722,0.01722,,,15601976.0,,15601976.0
2018-10-30,34,63491997.0,0,0,0.0,0.00891,0.00891,0.00891,,,46893999.0,,46893999.0
2018-10-31,34,63416618.0,0,1,0.02941,0.00508,0.00376,0.00508,,,31090236.0,,31090236.0
2018-11-01,33,63443978.0,0,0,0.0,0.0,0.0,0.0,,,0.0,,0.0
2018-11-02,33,63443978.0,0,0,0.0,0.00921,0.00921,0.00921,,,10597370.0,,10597370.0
2018-11-05,33,63507621.0,1,0,0.0303,0.06071,0.05776,0.06071,,,54285237.0,,54285237.0
2018-11-06,34,60380574.0,0,0,0.0,0.01127,0.01127,0.01127,,,10018852.0,,10018852.0
2018-11-07,34,60022817.0,1,0,0.02941,0.01248,0.01038,0.01248,,,21727911.0,,21727911.0
2018-11-08,35,59892514.0,0,0,0.0,0.01072,0.01072,0.01072,,,16171938.0,,16171938.0
2018-11-09,35,60101015.0,0,0,0.0,0.01308,0.01308,0.01308,,,20764949.0,,20764949.0
2018-11-12,35,60210796.0,0,0,0.0,0.00637,0.00637,0.00637,,,9940122.0,,9940122.0
2018-11-13,35,60281604.0,0,0,0.0,0.02734,0.02734,0.02734,,,21759138.0,,21759138.0
2018-11-14,35,61116277.0,0,0,0.0,0.00378,0.00378,0.00378,,,4871186.0,,4871186.0
2018-11-15,35,60893896.0,0,0,0.0,0.00968,0.00968,0.00968,,,19803741.0,,19803741.0
2018-11-16,35,60609082.0,0,0,0.0,0.00114,0.00114,0.00114,,,1216470.0,,1216470.0
2018-11-19,35,60558636.0,0,0,0.0,0.06886,0.06886,0.06886,,,31270352.0,,31270352.0
2018-11-20,35,63620975.0,0,0,0.0,0.04886,0.04886,0.04886,,,47859234.0,,47859234.0
2018-11-21,35,64609424.0,0,0,0.0,0.01844,0.01844,0.01844,,,13396283.0,,13396283.0
2018-11-23,35,65218874.0,0,3,0.08571,0.0151,0.01507,0.0151,,,6100340.0,,6100340.0
2018-11-26,32,65923789.0,0,0,0.0,0.00665,0.00665,0.00665,,,8697142.0,,8697142.0
2018-11-27,32,65485360.0,0,0,0.0,0.00514,0.00514,0.00514,,,6502069.0,,6502069.0
2018-11-28,32,65148942.0,0,0,0.0,0.00179,0.00179,0.00179,,,4525606.0,,4525606.0
2018-11-29,32,65052015.0,0,0,0.0,0.00221,0.00221,0.00221,,,2309703.0,,2309703.0
2018-11-30,32,65048148.0,0,0,0.0,0.00516,0.00516,0.00516,,,8269432.0,,8269432.0
2018-12-03,32,65338923.0,0,0,0.0,0.00317,0.00317,0.00317,,,10790477.0,,10790477.0
2018-12-04,32,65188676.0,0,0,0.0,0.00668,0.00668,0.00668,,,8736767.0,,8736767.0
2018-12-06,32,65623848.0,0,0,0.0,0.00412,0.00412,0.00412,,,13302169.0,,13302169.0
2018-12-07,32,65554578.0,0,0,0.0,0.00322,0.00322,0.00322,,,6710617.0,,6710617.0
2018-12-10,32,65573918.0,0,0,0.0,0.00689,0.00689,0.00689,,,11186095.0,,11186095.0
2018-12-11,32,65891270.0,0,0,0.0,0.00269,0.00269,0.00269,,,5903140.0,,5903140.0
2018-12-12,32,66020966.0,0,0,0.0,0.01213,0.01213,0.01213,,,5343635.0,,5343635.0
2018-12-13,32,66616618.0,0,0,0.0,0.00737,0.00737,0.00737,,,9356977.0,,9356977.0
2018-12-14,32,67078206.0,1,1,0.0625,0.0034,0.00327,0.0034,,,5389855.0,,5389855.0
2018-12-17,32,67217061.0,0,0,0.0,0.01825,0.01825,0.01825,,,13970282.0,,13970282.0
2018-12-18,32,67563011.0,0,0,0.0,0.00816,0.00816,0.00816,,,15580353.0,,15580353.0
2018-12-19,32,67339729.0,0,0,0.0,0.0036,0.0036,0.0036,,,4277015.0,,4277015.0
2018-12-20,32,67139065.0,0,0,0.0,0.01294,0.01294,0.01294,,,5787539.0,,5787539.0
2018-12-21,32,67954493.0,0,0,0.0,0.01528,0.01528,0.01528,,,29253933.0,,29253933.0
2018-12-24,32,67564885.0,0,0,0.0,0.01867,0.01867,0.01867,,,23342099.0,,23342099.0
2018-12-26,32,66394470.0,0,0,0.0,0.01331,0.01331,0.01331,,,24369061.0,,24369061.0
2018-12-27,32,65651929.0,0,0,0.0,0.00258,0.00258,0.00258,,,4147834.0,,4147834.0
2018-12-28,32,65482420.0,0,0,0.0,0.01355,0.01355,0.01355,,,14711144.0,,14711144.0
2018-12-31,32,64595370.0,0,0,0.0,0.00856,0.00856,0.00856,,,9310266.0,,9310266.0
2019-01-02,32,65146394.0,0,0,0.0,0.00443,0.00443,0.00443,,,5799303.0,,5799303.0
2019-01-03,32,65364198.0,0,0,0.0,0.00934,0.00934,0.00934,,,12022879.0,,12022879.0
2019-01-04,32,65905973.0,0,0,0.0,0.00549,0.00549,0.00549,,,18498603.0,,18498603.0
2019-01-07,32,66076550.0,0,0,0.0,0.0,0.0,0.0,,,0.0,,0.0
2019-01-08,32,66076550.0,0,0,0.0,0.00336,0.00336,0.00336,,,4013604.0,,4013604.0
2019-01-09,32,66298534.0,0,0,0.0,0.01028,0.01028,0.01028,,,23023113.0,,23023113.0
2019-01-10,32,66751174.0,0,0,0.0,0.00331,0.00331,0.00331,,,4152553.0,,4152553.0
2019-01-11,32,66972419.0,0,0,0.0,0.01321,0.01321,0.01321,,,16675307.0,,16675307.0
2019-01-14,32,67857441.0,0,0,0.0,0.00326,0.00326,0.00326,,,4097035.0,,4097035.0
2019-01-15,32,68078701.0,0,0,0.0,0.00163,0.00163,0.00163,,,10415631.0,,10415631.0
2019-01-16,32,68159811.0,0,0,0.0,0.01138,0.01138,0.01138,,,14771518.0,,14771518.0
2019-01-17,32,68935144.0,0,0,0.0,0.00161,0.00161,0.00161,,,2127446.0,,2127446.0
2019-01-18,32,69045904.0,0,0,0.0,0.00802,0.00802,0.00802,,,10671466.0,,10671466.0
2019-01-22,32,69599703.0,0,0,0.0,0.01658,0.01658,0.01658,,,38291073.0,,38291073.0
2019-01-23,32,70122460.0,0,0,0.0,0.01264,0.01264,0.01264,,,27687765.0,,27687765.0
2019-01-24,32,70589210.0,0,0,0.0,0.00975,0.00975,0.00975,,,20841841.0,,20841841.0
2019-01-25,32,70780416.0,0,0,0.0,0.00121,0.00121,0.00121,,,1831353.0,,1831353.0
2019-01-28,32,70865754.0,0,0,0.0,0.0,0.0,0.0,,,0.0,,0.0
2019-01-29,32,70865754.0,0,0,0.0,0.04305,0.04305,0.04305,,,21099756.0,,21099756.0
2019-01-30,32,73561305.0,1,1,0.0625,0.02196,0.01425,0.02196,,,46592648.0,,46592648.0
2019-01-31,32,74472818.0,0,0,0.0,0.0077,0.0077,0.0077,,,20477378.0,,20477378.0
2019-02-01,32,74688381.0,0,0,0.0,0.00316,0.00316,0.00316,,,4296640.0,,4296640.0
2019-02-04,32,74924208.0,0,0,0.0,0.00157,0.00157,0.00157,,,2184825.0,,2184825.0
2019-02-05,32,75042174.0,0,0,0.0,0.0,0.0,0.0,,,0.0,,0.0
2019-02-06,32,75042174.0,0,0,0.0,0.00629,0.00629,0.00629,,,8766015.0,,8766015.0
2019-02-07,32,75514029.0,0,0,0.0,0.00312,0.00312,0.00312,,,4245612.0,,4245612.0
2019-02-08,32,75749957.0,0,0,0.0,0.00397,0.00397,0.00397,,,10820301.0,,10820301.0
2019-02-11,32,75801988.0,0,0,0.0,0.00292,0.00292,0.00292,,,8023941.0,,8023941.0
2019-02-12,32,75847521.0,1,0,0.03125,0.00568,0.00513,0.00568,,,21241162.0,,21241162.0
2019-02-13,33,75773643.0,0,0,0.0,0.00344,0.00344,0.00344,,,10369644.0,,10369644.0
2019-02-14,33,75642699.0,0,0,0.0,0.00934,0.00934,0.00934,,,13366973.0,,13366973.0
2019-02-15,33,76349505.0,0,0,0.0,0.00309,0.00309,0.00309,,,4504212.0,,4504212.0
2019-02-19,33,76585095.0,0,0,0.0,0.01708,0.01708,0.01708,,,15042739.0,,15042739.0
2019-02-20,33,77647745.0,0,0,0.0,0.00163,0.00163,0.00163,,,2316445.0,,2316445.0
2019-02-21,33,77774216.0,0,0,0.0,0.0092,0.0092,0.0092,,,13397155.0,,13397155.0
2019-02-22,33,78489949.0,0,0,0.0,0.0,0.0,0.0,,,0.0,,0.0
2019-02-25,33,78489949.0,0,0,0.0,0.0114,0.0114,0.0114,,,24888171.0,,24888171.0
2019-02-26,33,77999850.0,0,0,0.0,0.0,0.0,0.0,,,0.0,,0.0
2019-02-27,33,77999850.0,0,0,0.0,0.0,0.0,0.0,,,0.0,,0.0
2019-02-28,33,77999850.0,0,0,0.0,0.00277,0.00277,0.00277,,,7645568.0,,7645568.0
2019-03-01,33,78033494.0,0,0,0.0,0.00153,0.00153,0.00153,,,2334304.0,,2334304.0
2019-03-04,33,78153009.0,0,0,0.0,0.00296,0.00296,0.00296,,,6124147.0,,6124147.0
2019-03-05,33,78235731.0,0,0,0.0,0.00484,0.00484,0.00484,,,11581658.0,,11581658.0
2019-03-06,33,78386014.0,0,0,0.0,0.00861,0.00861,0.00861,,,13552630.0,,13552630.0
2019-03-07,33,78882635.0,0,0,0.0,0.00456,0.00456,0.00456,,,6675044.0,,6675044.0
2019-03-08,33,79242328.0,0,0,0.0,0.00675,0.00675,0.00675,,,15517610.0,,15517610.0
2019-03-11,33,79293589.0,1,0,0.0303,0.00747,0.00364,0.00747,,,17137213.0,,17137213.0
2019-03-12,34,79584165.0,0,0,0.0,0.00218,0.00218,0.00218,,,2586492.0,,2586492.0
2019-03-13,34,79693257.0,0,0,0.0,0.01031,0.01031,0.01031,,,14872138.0,,14872138.0
2019-03-14,34,80364901.0,0,0,0.0,0.01227,0.01227,0.01227,,,18681050.0,,18681050.0
2019-03-15,34,81307271.0,0,0,0.0,0.00148,0.00148,0.00148,,,2342792.0,,2342792.0
2019-03-18,34,81427924.0,0,0,0.0,0.00284,0.00284,0.00284,,,4669108.0,,4669108.0
2019-03-19,34,81646473.0,0,0,0.0,0.0,0.0,0.0,,,0.0,,0.0
2019-03-20,34,81646473.0,0,0,0.0,0.00444,0.00444,0.00444,,,7042432.0,,7042432.0
2019-03-21,34,82008578.0,0,0,0.0,0.00442,0.00442,0.00442,,,7190009.0,,7190009.0
2019-03-22,34,82370684.0,0,0,0.0,0.00293,0.00293,0.00293,,,4592398.0,,4592398.0
2019-03-25,34,82612087.0,0,0,0.0,0.00292,0.00292,0.00292,,,4585613.0,,4585613.0
2019-03-26,34,82853508.0,0,0,0.0,0.012,0.012,0.012,,,22041874.0,,22041874.0
2019-03-27,34,83475838.0,0,0,0.0,0.00103,0.00103,0.00103,,,4829471.0,,4829471.0
2019-03-28,34,83435750.0,0,0,0.0,0.00051,0.00051,0.00051,,,2410411.0,,2410411.0
2019-03-29,34,83416293.0,0,0,0.0,0.01089,0.01089,0.01089,,,19613812.0,,19613812.0
2019-04-01,34,84245769.0,0,0,0.0,0.00143,0.00143,0.00143,,,2364950.0,,2364950.0
2019-04-02,34,84366563.0,0,0,0.0,0.0,0.0,0.0,,,0.0,,0.0
2019-04-03,34,84366563.0,0,0,0.0,0.00036,0.00036,0.00036,,,698420.0,,698420.0
2019-04-04,34,84362416.0,0,1,0.02941,0.00885,0.00561,0.00885,,,11160551.0,,11160551.0
2019-04-05,33,84559622.0,0,0,0.0,0.02489,0.02489,0.02489,,,36263807.0,,36263807.0
2019-04-08,33,84737341.0,0,0,0.0,0.01746,0.01746,0.01746,,,12258220.0,,12258220.0
2019-04-09,33,84197466.0,1,0,0.0303,0.00366,0.00205,0.00366,,,11861856.0,,11861856.0
2019-04-10,34,84368819.0,0,0,0.0,0.00585,0.00585,0.00585,,,25254544.0,,25254544.0
2019-04-11,34,84511647.0,0,0,0.0,0.0,0.0,0.0,,,0.0,,0.0
2019-04-12,34,84511647.0,0,0,0.0,0.0,0.0,0.0,,,0.0,,0.0
2019-04-15,34,84511647.0,0,0,0.0,0.0,0.0,0.0,,,0.0,,0.0
2019-04-16,34,84511647.0,0,0,0.0,0.00567,0.00567,0.00567,,,9649895.0,,9649895.0
2019-04-17,34,84032356.0,0,0,0.0,0.0,0.0,0.0,,,0.0,,0.0
2019-04-18,34,84032356.0,0,0,0.0,0.01643,0.01643,0.01643,,,21105138.0,,21105138.0
2019-04-22,34,83389997.0,0,0,0.0,0.00971,0.00971,0.00971,,,8729182.0,,8729182.0
2019-04-23,34,82848657.0,0,0,0.0,0.0,0.0,0.0,,,0.0,,0.0
2019-04-24,34,82848657.0,0,0,0.0,0.02071,0.02071,0.02071,,,29640265.0,,29640265.0
2019-04-25,34,82266756.0,0,0,0.0,0.00399,0.00399,0.00399,,,7060904.0,,7060904.0
2019-04-26,34,82332134.0,1,1,0.05882,0.04428,0.03919,0.04428,,,57097437.0,,57097437.0
2019-04-29,34,80873162.0,0,0,0.0,0.01818,0.01818,0.01818,,,51257480.0,,51257480.0
2019-04-30,34,81395422.0,0,0,0.0,0.00795,0.00795,0.00795,,,30778633.0,,30778633.0
2019-05-01,34,81333290.0,0,0,0.0,0.0,0.0,0.0,,,0.0,,0.0
2019-05-02,34,81333290.0,0,0,0.0,0.00282,0.00282,0.00282,,,4699720.0,,4699720.0
2019-05-03,34,81562621.0,0,0,0.0,0.02663,0.02663,0.02663,,,37373371.0,,37373371.0
2019-05-06,34,80879018.0,0,0,0.0,0.00352,0.00352,0.00352,,,6122175.0,,6122175.0
2019-05-07,34,81061632.0,0,0,0.0,0.00314,0.00314,0.00314,,,8533130.0,,8533130.0
2019-05-08,34,81115006.0,0,0,0.0,0.0,0.0,0.0,,,0.0,,0.0
2019-05-09,34,81115006.0,0,0,0.0,0.02055,0.02055,0.02055,,,39565971.0,,39565971.0
2019-05-10,34,82322840.0,0,0,0.0,0.00554,0.00554,0.00554,,,17025612.0,,17025612.0
2019-05-13,34,82683502.0,0,0,0.0,0.0046,0.0046,0.0046,,,12674085.0,,12674085.0
2019-05-14,34,82772756.0,0,0,0.0,0.00426,0.00426,0.00426,,,26971425.0,,26971425.0
2019-05-15,34,82938463.0,0,0,0.0,0.002,0.002,0.002,,,6534729.0,,6534729.0
2019-05-16,34,82930454.0,0,0,0.0,0.00246,0.00246,0.00246,,,5101614.0,,5101614.0
2019-05-17,34,83059302.0,0,0,0.0,0.0,0.0,0.0,,,0.0,,0.0
2019-05-20,34,83059302.0,0,0,0.0,0.00569,0.00569,0.00569,,,9800273.0,,9800273.0
2019-05-21,34,83282819.0,0,0,0.0,0.00584,0.00584,0.00584,,,10780625.0,,10780625.0
2019-05-22,34,83583985.0,0,0,0.0,0.00139,0.00139,0.00139,,,2156397.0,,2156397.0
2019-05-23,34,83699862.0,0,0,0.0,0.00969,0.00969,0.00969,,,14686340.0,,14686340.0
2019-05-24,34,84511036.0,0,0,0.0,0.00338,0.00338,0.00338,,,6264177.0,,6264177.0
2019-05-28,34,84711520.0,0,0,0.0,0.00264,0.00264,0.00264,,,11083805.0,,11083805.0
2019-05-29,34,84580316.0,0,0,0.0,0.00421,0.00421,0.00421,,,9483025.0,,9483025.0
2019-05-30,34,84735901.0,0,0,0.0,0.0109,0.0109,0.0109,,,28048616.0,,28048616.0
2019-05-31,34,83959983.0,0,0,0.0,0.00233,0.00233,0.00233,,,4321291.0,,4321291.0
2019-06-03,34,84103603.0,0,0,0.0,0.0052,0.0052,0.0052,,,12284906.0,,12284906.0
2019-06-04,34,84467465.0,0,0,0.0,0.0,0.0,0.0,,,0.0,,0.0
2019-06-05,34,84467465.0,0,0,0.0,0.0,0.0,0.0,,,0.0,,0.0
2019-06-06,34,84467465.0,0,0,0.0,0.00688,0.00688,0.00688,,,10511564.0,,10511564.0
2019-06-07,34,83885980.0,0,0,0.0,0.0,0.0,0.0,,,0.0,,0.0
2019-06-10,34,83885980.0,0,0,0.0,0.0097,0.0097,0.0097,,,15238286.0,,15238286.0
2019-06-11,34,83071886.0,0,0,0.0,0.00239,0.00239,0.00239,,,13657703.0,,13657703.0
2019-06-12,34,83173979.0,0,0,0.0,0.0028,0.0028,0.0028,,,4306169.0,,4306169.0
2019-06-13,34,83406535.0,0,0,0.0,0.01247,0.01247,0.01247,,,13110769.0,,13110769.0
2019-06-14,34,84327616.0,0,0,0.0,0.00441,0.00441,0.00441,,,14119265.0,,14119265.0
2019-06-17,34,84564151.0,1,1,0.05882,0.02723,0.02564,0.02723,,,59070826.0,,59070826.0
2019-06-18,34,86281015.0,0,0,0.0,0.0,0.0,0.0,,,0.0,,0.0
2019-06-19,34,86281015.0,0,0,0.0,0.00278,0.00278,0.00278,,,4516762.0,,4516762.0
2019-06-20,34,86041132.0,0,0,0.0,0.0,0.0,0.0,,,0.0,,0.0
2019-06-21,34,86041132.0,0,0,0.0,0.0,0.0,0.0,,,0.0,,0.0
2019-06-24,34,86041132.0,0,0,0.0,0.0,0.0,0.0,,,0.0,,0.0
2019-06-25,34,86041132.0,0,0,0.0,0.00139,0.00139,0.00139,,,2222599.0,,2222599.0
2019-06-26,34,86161074.0,0,0,0.0,0.00135,0.00135,0.00135,,,5681199.0,,5681199.0
2019-06-27,34,86258530.0,0,0,0.0,0.00039,0.00039,0.00039,,,796080.0,,796080.0
2019-06-28,34,86292536.0,0,0,0.0,0.00279,0.00279,0.00279,,,4796503.0,,4796503.0
2019-07-01,34,86532926.0,0,0,0.0,0.0,0.0,0.0,,,0.0,,0.0
2019-07-02,34,86532926.0,0,0,0.0,0.00139,0.00139,0.00139,,,2370212.0,,2370212.0
2019-07-03,34,86412726.0,0,0,0.0,0.0,0.0,0.0,,,0.0,,0.0
2019-07-05,34,86412726.0,0,0,0.0,0.0,0.0,0.0,,,0.0,,0.0
2019-07-08,34,86412726.0,0,0,0.0,0.0,0.0,0.0,,,0.0,,0.0
2019-07-09,34,86412726.0,0,0,0.0,0.00278,0.00278,0.00278,,,4821393.0,,4821393.0
2019-07-10,34,86172321.0,0,0,0.0,0.0,0.0,0.0,,,0.0,,0.0
2019-07-11,34,86172321.0,0,0,0.0,0.0,0.0,0.0,,,0.0,,0.0
2019-07-12,34,86172321.0,0,0,0.0,0.0,0.0,0.0,,,0.0,,0.0
2019-07-15,34,86172321.0,0,0,0.0,0.00554,0.00554,0.00554,,,27081845.0,,27081845.0
2019-07-16,34,85788128.0,0,0,0.0,0.0014,0.0014,0.0014,,,2418921.0,,2418921.0
2019-07-17,34,85668288.0,0,0,0.0,0.0,0.0,0.0,,,0.0,,0.0
2019-07-18,34,85668288.0,0,0,0.0,0.0,0.0,0.0,,,0.0,,0.0
2019-07-19,34,85668288.0,0,0,0.0,0.00362,0.00362,0.00362,,,10867816.0,,10867816.0
2019-07-22,34,85385219.0,0,0,0.0,0.0,0.0,0.0,,,0.0,,0.0
2019-07-23,34,85385219.0,0,0,0.0,0.0014,0.0014,0.0014,,,2446394.0,,2446394.0
2019-07-24,34,85504817.0,0,0,0.0,0.0,0.0,0.0,,,0.0,,0.0
2019-07-25,34,85504817.0,0,0,0.0,0.00232,0.00232,0.00232,,,7899478.0,,7899478.0
2019-07-26,34,85367000.0,0,0,0.0,0.00533,0.00533,0.00533,,,24977784.0,,24977784.0
2019-07-29,34,85268719.0,0,0,0.0,0.00253,0.00253,0.00253,,,8394022.0,,8394022.0
2019-07-30,34,85114786.0,0,0,0.0,0.00254,0.00254,0.00254,,,9363272.0,,9363272.0
2019-07-31,34,84924597.0,0,0,0.0,0.03207,0.03207,0.03207,,,66266552.0,,66266552.0
2019-08-01,34,86001814.0,0,0,0.0,0.0,0.0,0.0,,,0.0,,0.0
2019-08-02,34,86001814.0,0,0,0.0,0.00362,0.00362,0.00362,,,11238614.0,,11238614.0
2019-08-05,34,86087221.0,0,0,0.0,0.0055,0.0055,0.0055,,,21622288.0,,21622288.0
2019-08-06,34,85956084.0,0,0,0.0,0.0161,0.0161,0.0161,,,57999632.0,,57999632.0
2019-08-07,34,86164271.0,1,0,0.02941,0.02907,0.02846,0.02907,,,48455453.0,,48455453.0
2019-08-08,35,84466182.0,0,0,0.0,0.01017,0.01017,0.01017,,,7586603.0,,7586603.0
2019-08-09,35,84045327.0,0,0,0.0,0.00838,0.00838,0.00838,,,11346471.0,,11346471.0
2019-08-12,35,83663492.0,1,0,0.02857,0.00856,0.0051,0.00856,,,18895183.0,,18895183.0
2019-08-13,36,83935870.0,0,3,0.08333,0.00342,0.00341,0.00342,,,9354779.0,,9354779.0
2019-08-14,33,83997385.0,0,0,0.0,0.00346,0.00346,0.00346,,,8976640.0,,8976640.0
2019-08-15,33,84073754.0,0,0,0.0,0.00625,0.00625,0.00625,,,26089702.0,,26089702.0
2019-08-16,33,83941676.0,0,0,0.0,0.00462,0.00462,0.00462,,,10727483.0,,10727483.0
2019-08-19,33,84329430.0,0,0,0.0,0.00276,0.00276,0.00276,,,4544004.0,,4544004.0
2019-08-20,33,84562085.0,0,0,0.0,0.0,0.0,0.0,,,0.0,,0.0
2019-08-21,33,84562085.0,0,0,0.0,0.00138,0.00138,0.00138,,,2278636.0,,2278636.0
2019-08-22,33,84678410.0,0,0,0.0,0.0063,0.0063,0.0063,,,13847373.0,,13847373.0
2019-08-23,33,84937152.0,0,0,0.0,0.00466,0.00466,0.00466,,,20165500.0,,20165500.0
2019-08-26,33,84711760.0,0,0,0.0,0.0109,0.0109,0.0109,,,6140858.0,,6140858.0
2019-08-27,33,84058604.0,0,0,0.0,0.03204,0.03204,0.03204,,,23846753.0,,23846753.0
2019-08-28,33,81954984.0,0,0,0.0,0.00101,0.00101,0.00101,,,6494923.0,,6494923.0
2019-08-29,33,82013630.0,1,0,0.0303,0.02602,0.02458,0.02602,,,59195259.0,,59195259.0
2019-08-30,34,80467947.0,0,0,0.0,0.00136,0.00136,0.00136,,,2211153.0,,2211153.0
2019-09-03,34,80358510.0,0,0,0.0,0.00179,0.00179,0.00179,,,9507416.0,,9507416.0
2019-09-04,34,80344370.0,0,0,0.0,0.00126,0.00126,0.00126,,,5701579.0,,5701579.0
2019-09-05,34,80371009.0,0,0,0.0,0.00081,0.00081,0.00081,,,4118884.0,,4118884.0
2019-09-06,34,80348180.0,0,0,0.0,0.00292,0.00292,0.00292,,,7228215.0,,7228215.0
2019-09-09,34,80487374.0,0,0,0.0,0.00203,0.00203,0.00203,,,6033186.0,,6033186.0
2019-09-10,34,80624611.0,0,1,0.02941,0.0,0.0,0.0,,,16675.0,,16675.0
2019-09-11,33,80624514.0,0,0,0.0,0.01419,0.01419,0.01419,,,13121233.0,,13121233.0
2019-09-12,33,79854814.0,1,0,0.0303,0.03639,0.03621,0.03639,,,31056772.0,,31056772.0
2019-09-13,34,77817411.0,0,0,0.0,0.00395,0.00395,0.00395,,,5087463.0,,5087463.0
2019-09-16,34,77908540.0,0,0,0.0,0.00294,0.00294,0.00294,,,4890291.0,,4890291.0
2019-09-17,34,78137627.0,0,0,0.0,0.00171,0.00171,0.00171,,,851653.0,,851653.0
2019-09-18,34,78036386.0,0,0,0.0,0.0,0.0,0.0,,,0.0,,0.0
2019-09-19,34,78036386.0,0,0,0.0,0.00135,0.00135,0.00135,,,2241049.0,,2241049.0
2019-09-20,34,78141710.0,0,0,0.0,0.00404,0.00404,0.00404,,,6710286.0,,6710286.0
2019-09-23,34,77825740.0,0,0,0.0,0.00103,0.00103,0.00103,,,6492523.0,,6492523.0
2019-09-24,34,77811933.0,1,0,0.02941,0.00462,0.00266,0.00462,,,31886934.0,,31886934.0
2019-09-25,35,77757968.0,0,0,0.0,0.0,0.0,0.0,,,0.0,,0.0
2019-09-26,35,77757968.0,0,0,0.0,0.00566,0.00566,0.00566,,,12603538.0,,12603538.0
2019-09-27,35,77521316.0,0,0,0.0,0.0,0.0,0.0,,,0.0,,0.0
2019-09-30,35,77521316.0,0,0,0.0,0.0,0.0,0.0,,,0.0,,0.0
2019-10-01,35,77521316.0,0,0,0.0,0.00237,0.00237,0.00237,,,8182741.0,,8182741.0
2019-10-02,35,77613954.0,0,0,0.0,0.00134,0.00134,0.00134,,,2083027.0,,2083027.0
2019-10-03,35,77579621.0,0,0,0.0,0.03686,0.03686,0.03686,,,45165509.0,,45165509.0
2019-10-04,35,75399758.0,0,0,0.0,0.00286,0.00286,0.00286,,,6649977.0,,6649977.0
2019-10-07,35,75615605.0,0,0,0.0,0.00137,0.00137,0.00137,,,2100886.0,,2100886.0
2019-10-08,35,75511862.0,0,0,0.0,0.0,0.0,0.0,,,0.0,,0.0
2019-10-09,35,75511862.0,0,0,0.0,0.0,0.0,0.0,,,0.0,,0.0
2019-10-10,35,75511862.0,0,0,0.0,0.00229,0.00229,0.00229,,,3396949.0,,3396949.0
2019-10-11,35,75377998.0,0,0,0.0,0.00646,0.00646,0.00646,,,4045083.0,,4045083.0
2019-10-14,35,74951368.0,0,0,0.0,0.00407,0.00407,0.00407,,,5768114.0,,5768114.0
2019-10-15,35,75082594.0,0,0,0.0,0.00545,0.00545,0.00545,,,7282950.0,,7282950.0
2019-10-16,35,75044888.0,0,0,0.0,0.00384,0.00384,0.00384,,,8414048.0,,8414048.0
2019-10-17,35,74848888.0,0,0,0.0,0.003,0.003,0.003,,,4302272.0,,4302272.0
2019-10-18,35,74681147.0,0,0,0.0,0.00633,0.00633,0.00633,,,4623374.0,,4623374.0
2019-10-21,35,74876834.0,0,0,0.0,0.02039,0.02039,0.02039,,,37255308.0,,37255308.0
2019-10-22,35,74078809.0,0,0,0.0,0.00325,0.00325,0.00325,,,4074998.0,,4074998.0
2019-10-23,35,74128617.0,0,0,0.0,0.01379,0.01379,0.01379,,,20478888.0,,20478888.0
2019-10-24,35,73904223.0,0,0,0.0,0.0022,0.0022,0.0022,,,5362556.0,,5362556.0
2019-10-25,35,74052691.0,0,0,0.0,0.00828,0.00828,0.00828,,,16551136.0,,16551136.0
2019-10-28,35,73866170.0,0,0,0.0,0.00959,0.00959,0.00959,,,28277876.0,,28277876.0
2019-10-29,35,73274386.0,0,0,0.0,0.00522,0.00522,0.00522,,,15700845.0,,15700845.0
2019-10-30,35,72921560.0,0,0,0.0,0.00138,0.00138,0.00138,,,2235543.0,,2235543.0
2019-10-31,35,73022101.0,0,0,0.0,0.02023,0.02023,0.02023,,,12789089.0,,12789089.0
2019-11-01,35,71921443.0,0,0,0.0,0.0,0.0,0.0,,,0.0,,0.0
2019-11-04,35,71921443.0,1,0,0.02857,0.0182,0.01232,0.0182,,,25731863.0,,25731863.0
2019-11-05,36,71480757.0,0,0,0.0,0.004,0.004,0.004,,,16143754.0,,16143754.0
2019-11-06,36,71613001.0,0,0,0.0,0.00016,0.00016,0.00016,,,232285.0,,232285.0
2019-11-07,36,71603497.0,0,0,0.0,0.00179,0.00179,0.00179,,,1926090.0,,1926090.0
2019-11-08,36,71731732.0,0,1,0.02778,0.02107,0.02056,0.02107,,,41309877.0,,41309877.0
2019-11-11,35,71751924.0,0,0,0.0,0.00245,0.00245,0.00245,,,5157404.0,,5157404.0
2019-11-12,35,71834403.0,0,0,0.0,0.00137,0.00137,0.00137,,,2350155.0,,2350155.0
2019-11-13,35,71933164.0,0,0,0.0,0.0,0.0,0.0,,,0.0,,0.0
2019-11-14,35,71933164.0,0,0,0.0,0.0,0.0,0.0,,,0.0,,0.0
2019-11-15,35,71933164.0,0,0,0.0,0.00689,0.00689,0.00689,,,10927345.0,,10927345.0
2019-11-18,35,71984186.0,0,0,0.0,0.0,0.0,0.0,,,0.0,,0.0
2019-11-19,35,71984186.0,0,0,0.0,0.0,0.0,0.0,,,0.0,,0.0
2019-11-20,35,71984186.0,0,0,0.0,0.00035,0.00035,0.00035,,,678717.0,,678717.0
2019-11-21,35,71972907.0,0,0,0.0,0.0,0.0,0.0,,,0.0,,0.0
2019-11-22,35,71972907.0,0,0,0.0,0.0,0.0,0.0,,,0.0,,0.0
2019-11-25,35,71972907.0,0,0,0.0,0.00533,0.00533,0.00533,,,13075027.0,,13075027.0
2019-11-26,35,71940777.0,0,0,0.0,0.0,0.0,0.0,,,0.0,,0.0
2019-11-27,35,71940777.0,0,0,0.0,0.0,0.0,0.0,,,0.0,,0.0
2019-11-29,35,71940777.0,0,0,0.0,0.00138,0.00138,0.00138,,,2538306.0,,2538306.0
2019-12-02,35,72039816.0,0,0,0.0,0.0,0.0,0.0,,,0.0,,0.0
2019-12-03,35,72039816.0,0,0,0.0,0.0,0.0,0.0,,,0.0,,0.0
2019-12-04,35,72039816.0,0,0,0.0,0.0,0.0,0.0,,,0.0,,0.0
2019-12-05,35,72039816.0,0,0,0.0,0.00059,0.00059,0.00059,,,2223180.0,,2223180.0
2019-12-06,35,72015698.0,0,0,0.0,0.00191,0.00191,0.00191,,,6586359.0,,6586359.0
2019-12-09,35,72090726.0,0,0,0.0,0.0,0.0,0.0,,,0.0,,0.0
2019-12-10,35,72090726.0,0,0,0.0,0.0,0.0,0.0,,,0.0,,0.0
2019-12-11,35,72090726.0,0,0,0.0,0.0,0.0,0.0,,,0.0,,0.0
2019-12-12,35,72090726.0,0,0,0.0,0.00877,0.00877,0.00877,,,18569746.0,,18569746.0
2019-12-13,35,72249142.0,0,0,0.0,0.00491,0.00491,0.00491,,,10402657.0,,10402657.0
2019-12-16,35,72309804.0,0,0,0.0,0.00514,0.00514,0.00514,,,12731489.0,,12731489.0
2019-12-17,35,72579623.0,0,0,0.0,0.00272,0.00272,0.00272,,,5058992.0,,5058992.0
2019-12-18,35,72777273.0,0,0,0.0,0.0,0.0,0.0,,,0.0,,0.0
2019-12-19,35,72777273.0,0,0,0.0,0.00136,0.00136,0.00136,,,2563355.0,,2563355.0
2019-12-20,35,72876105.0,0,0,0.0,0.0032,0.0032,0.0032,,,11463095.0,,11463095.0
2019-12-23,35,73047696.0,0,0,0.0,0.00034,0.00034,0.00034,,,539070.0,,539070.0
2019-12-24,35,73023013.0,0,0,0.0,0.01201,0.01201,0.01201,,,37113764.0,,37113764.0
2019-12-26,35,72913481.0,0,0,0.0,0.00137,0.00137,0.00137,,,2851720.0,,2851720.0
2019-12-27,35,72980132.0,0,0,0.0,0.00383,0.00383,0.00383,,,7216014.0,,7216014.0
2019-12-30,35,72791204.0,0,0,0.0,0.005,0.005,0.005,,,8964215.0,,8964215.0
2019-12-31,35,73116553.0,0,0,0.0,0.00495,0.00495,0.00495,,,15062219.0,,15062219.0
2020-01-02,35,72931271.0,0,0,0.0,0.00176,0.00176,0.00176,,,5431913.0,,5431913.0
2020-01-03,35,72981718.0,0,0,0.0,0.00272,0.00272,0.00272,,,5164296.0,,5164296.0
2020-01-06,35,72913220.0,0,0,0.0,2e-05,2e-05,2e-05,,,26081.0,,26081.0
2020-01-07,35,72914845.0,0,0,0.0,0.00579,0.00579,0.00579,,,10041438.0,,10041438.0
2020-01-08,35,73189129.0,0,0,0.0,0.00011,0.00011,0.00011,,,133267.0,,133267.0
2020-01-09,35,73197325.0,1,0,0.02857,0.0087,0.00571,0.0087,,,16417826.0,,16417826.0
2020-01-10,36,73239825.0,0,0,0.0,0.00963,0.00963,0.00963,,,16236781.0,,16236781.0
2020-01-13,36,73945384.0,0,0,0.0,0.01063,0.01063,0.01063,,,40956222.0,,40956222.0
2020-01-14,36,73797087.0,0,0,0.0,0.01295,0.01295,0.01295,,,36666442.0,,36666442.0
2020-01-15,36,73817095.0,0,0,0.0,2e-05,2e-05,2e-05,,,380623.0,,380623.0
2020-01-16,36,73818283.0,0,0,0.0,0.00398,0.00398,0.00398,,,8089197.0,,8089197.0
2020-01-17,36,74111896.0,0,0,0.0,0.00264,0.00264,0.00264,,,5359328.0,,5359328.0
2020-01-21,36,73916152.0,0,0,0.0,0.00132,0.00132,0.00132,,,2677136.0,,2677136.0
2020-01-22,36,74014026.0,0,0,0.0,0.00397,0.00397,0.00397,,,8065517.0,,8065517.0
2020-01-23,36,74307640.0,0,0,0.0,0.00602,0.00602,0.00602,,,27686989.0,,27686989.0
2020-01-24,36,74115611.0,0,0,0.0,0.00658,0.00658,0.00658,,,13194576.0,,13194576.0
2020-01-27,36,74603057.0,0,0,0.0,0.00391,0.00391,0.00391,,,15422933.0,,15422933.0
2020-01-28,36,74719191.0,0,0,0.0,0.00609,0.00609,0.00609,,,13984764.0,,13984764.0
2020-01-29,36,74818995.0,0,0,0.0,0.00189,0.00189,0.00189,,,3557405.0,,3557405.0
2020-01-30,36,74788203.0,0,0,0.0,0.01498,0.01498,0.01498,,,19726420.0,,19726420.0
2020-01-31,36,75508352.0,3,0,0.08333,0.01603,0.01442,0.01603,,,69782710.0,,69782710.0
2020-02-03,39,75171529.0,0,0,0.0,0.0,0.0,0.0,,,0.0,,0.0
2020-02-04,39,75171529.0,0,0,0.0,0.00277,0.00277,0.00277,,,6589550.0,,6589550.0
2020-02-05,39,75340459.0,0,0,0.0,0.02231,0.02231,0.02231,,,57788616.0,,57788616.0
2020-02-06,39,76338566.0,0,0,0.0,0.00586,0.00586,0.00586,,,8850302.0,,8850302.0
2020-02-07,39,76435406.0,0,0,0.0,0.00979,0.00979,0.00979,,,32713739.0,,32713739.0
2020-02-10,39,76789183.0,0,0,0.0,0.00571,0.00571,0.00571,,,25390242.0,,25390242.0
2020-02-11,39,76796123.0,0,0,0.0,0.01414,0.01414,0.01414,,,31759917.0,,31759917.0
2020-02-12,39,77660204.0,0,0,0.0,0.00794,0.00794,0.00794,,,32384048.0,,32384048.0
2020-02-13,39,77547536.0,0,0,0.0,0.01728,0.01728,0.01728,,,39437711.0,,39437711.0
2020-02-14,39,78759356.0,0,0,0.0,0.00016,0.00016,0.00016,,,1281989.0,,1281989.0
2020-02-18,39,78772135.0,0,0,0.0,0.00849,0.00849,0.00849,,,29824083.0,,29824083.0
2020-02-19,39,79060849.0,1,0,0.02564,0.00569,0.00479,0.00569,,,15959314.0,,15959314.0
2020-02-20,40,79246113.0,1,0,0.025,0.01945,0.01544,0.01945,,,50137414.0,,50137414.0
2020-02-21,41,80109115.0,0,0,0.0,0.01945,0.01945,0.01945,,,56758566.0,,56758566.0
2020-02-24,41,81013029.0,0,0,0.0,0.01328,0.01328,0.01328,,,32154149.0,,32154149.0
2020-02-25,41,81833689.0,0,0,0.0,0.00935,0.00935,0.00935,,,27220267.0,,27220267.0
2020-02-26,41,81695533.0,0,0,0.0,0.00705,0.00705,0.00705,,,30462168.0,,30462168.0
2020-02-27,41,82071278.0,0,0,0.0,0.00939,0.00939,0.00939,,,20856113.0,,20856113.0
2020-02-28,41,81811624.0,0,0,0.0,0.02634,0.02634,0.02634,,,98117766.0,,98117766.0
2020-03-02,41,82380881.0,0,0,0.0,0.0118,0.0118,0.0118,,,49912526.0,,49912526.0
2020-03-03,41,82420534.0,0,0,0.0,0.01333,0.01333,0.01333,,,34512920.0,,34512920.0
2020-03-04,41,82988551.0,0,0,0.0,0.00947,0.00947,0.00947,,,27399991.0,,27399991.0
2020-03-05,41,83472979.0,0,0,0.0,0.00838,0.00838,0.00838,,,17261646.0,,17261646.0
2020-03-06,41,83977060.0,0,0,0.0,0.00275,0.00275,0.00275,,,13979667.0,,13979667.0
2020-03-09,41,83950812.0,1,0,0.02439,0.02495,0.02,0.02495,,,81638273.0,,81638273.0
2020-03-10,42,84985931.0,0,0,0.0,0.01889,0.01889,0.01889,,,56130155.0,,56130155.0
2020-03-11,42,84866315.0,1,1,0.04762,0.01146,0.0087,0.01146,,,29154406.0,,29154406.0
2020-03-12,42,84699537.0,0,0,0.0,0.01528,0.01528,0.01528,,,59561572.0,,59561572.0
2020-03-13,42,85239606.0,0,0,0.0,0.01932,0.01932,0.01932,,,68342716.0,,68342716.0
2020-03-16,42,86098338.0,0,0,0.0,0.00353,0.00353,0.00353,,,5445800.0,,5445800.0
2020-03-17,42,86402675.0,0,1,0.02381,0.01263,0.01206,0.01263,,,32052216.0,,32052216.0
2020-03-18,41,86775652.0,0,0,0.0,0.03332,0.03332,0.03332,,,59093490.0,,59093490.0
2020-03-19,41,87269361.0,0,8,0.19512,0.01253,0.01246,0.01253,,,30257434.0,,30257434.0
2020-03-20,33,88151298.0,0,0,0.0,0.00271,0.00271,0.00271,,,5623087.0,,5623087.0
2020-03-23,33,87912406.0,0,0,0.0,0.00402,0.00402,0.00402,,,10657953.0,,10657953.0
2020-03-24,33,88259619.0,0,1,0.0303,0.00963,0.00953,0.00963,,,19751150.0,,19751150.0
2020-03-25,32,88050236.0,0,0,0.0,0.00931,0.00931,0.00931,,,17500265.0,,17500265.0
2020-03-26,32,88870279.0,0,0,0.0,0.00923,0.00923,0.00923,,,18383268.0,,18383268.0
2020-03-27,32,89690308.0,0,0,0.0,0.01143,0.01143,0.01143,,,21832391.0,,21832391.0
2020-03-30,32,90715362.0,0,0,0.0,0.02294,0.02294,0.02294,,,36938040.0,,36938040.0
2020-03-31,32,91411833.0,0,0,0.0,0.0154,0.0154,0.0154,,,32449595.0,,32449595.0
2020-04-01,32,92744793.0,0,0,0.0,0.00456,0.00456,0.00456,,,10380548.0,,10380548.0
2020-04-02,32,93158184.0,0,0,0.0,0.01109,0.01109,0.01109,,,18191408.0,,18191408.0
2020-04-03,32,93639166.0,0,0,0.0,0.04261,0.04261,0.04261,,,45528061.0,,45528061.0
2020-04-06,32,91986647.0,0,1,0.03125,0.01269,0.01269,0.01269,,,44382830.0,,44382830.0
2020-04-07,31,92609060.0,0,0,0.0,0.00797,0.00797,0.00797,,,15700924.0,,15700924.0
2020-04-08,31,93250449.0,0,0,0.0,0.00399,0.00399,0.00399,,,5444681.0,,5444681.0
2020-04-09,31,93622776.0,0,0,0.0,0.00467,0.00467,0.00467,,,11849221.0,,11849221.0
2020-04-13,31,93907584.0,0,0,0.0,0.03485,0.03485,0.03485,,,76730663.0,,76730663.0
2020-04-14,31,97169368.0,0,0,0.0,0.00349,0.00349,0.00349,,,9606221.0,,9606221.0
2020-04-15,31,97438951.0,0,0,0.0,0.01454,0.01454,0.01454,,,34529776.0,,34529776.0
2020-04-16,31,98855641.0,0,0,0.0,0.00386,0.00386,0.00386,,,8990318.0,,8990318.0
2020-04-17,31,98981934.0,0,0,0.0,0.00701,0.00701,0.00701,,,15245426.0,,15245426.0
2020-04-20,31,99271347.0,0,1,0.03226,0.01626,0.01626,0.01626,,,37605280.0,,37605280.0
2020-04-21,30,100617689.0,1,0,0.03333,0.0078,0.00668,0.0078,,,27387817.0,,27387817.0
2020-04-22,31,100959045.0,0,1,0.03226,0.00816,0.00816,0.00816,,,26073612.0,,26073612.0
2020-04-23,30,101539325.0,0,0,0.0,0.00933,0.00933,0.00933,,,39017257.0,,39017257.0
2020-04-24,30,102395621.0,0,0,0.0,0.01223,0.01223,0.01223,,,55807216.0,,55807216.0
2020-04-27,30,102954450.0,0,0,0.0,0.00255,0.00255,0.00255,,,3889712.0,,3889712.0
2020-04-28,30,102888277.0,0,0,0.0,0.02042,0.02042,0.02042,,,59816233.0,,59816233.0
2020-04-29,30,104905642.0,0,0,0.0,0.00865,0.00865,0.00865,,,25407107.0,,25407107.0
2020-04-30,30,105812648.0,0,0,0.0,0.0093,0.0093,0.0093,,,27157813.0,,27157813.0
2020-05-01,30,106796775.0,0,0,0.0,0.0,0.0,0.0,,,0.0,,0.0
2020-05-04,30,106796775.0,0,0,0.0,0.00708,0.00708,0.00708,,,27104368.0,,27104368.0
2020-05-05,30,107427864.0,0,0,0.0,0.00516,0.00516,0.00516,,,11554248.0,,11554248.0
2020-05-06,30,107451841.0,0,0,0.0,0.0039,0.0039,0.0039,,,10925064.0,,10925064.0
2020-05-07,30,107769218.0,1,0,0.03333,0.011,0.01088,0.011,,,36207803.0,,36207803.0
2020-05-08,31,108850115.0,0,0,0.0,0.0044,0.0044,0.0044,,,14961377.0,,14961377.0
2020-05-11,31,109089344.0,0,0,0.0,0.00922,0.00922,0.00922,,,35139490.0,,35139490.0
2020-05-12,31,109443117.0,0,0,0.0,0.00587,0.00587,0.00587,,,12151206.0,,12151206.0
2020-05-13,31,110085422.0,0,0,0.0,0.00323,0.00323,0.00323,,,10464854.0,,10464854.0
2020-05-14,31,110437665.0,0,0,0.0,0.00942,0.00942,0.00942,,,43456778.0,,43456778.0
2020-05-15,31,110958497.0,0,0,0.0,0.00784,0.00784,0.00784,,,15322831.0,,15322831.0
2020-05-18,31,110973587.0,0,0,0.0,0.00885,0.00885,0.00885,,,35288305.0,,35288305.0
2020-05-19,31,111419961.0,0,0,0.0,0.00271,0.00271,0.00271,,,5569753.0,,5569753.0
2020-05-20,31,111369560.0,0,0,0.0,0.00436,0.00436,0.00436,,,16701807.0,,16701807.0
2020-05-21,31,111758675.0,0,0,0.0,0.0155,0.0155,0.0155,,,46480352.0,,46480352.0
2020-05-22,31,112123808.0,0,0,0.0,0.00927,0.00927,0.00927,,,33814588.0,,33814588.0
2020-05-26,31,112928484.0,0,0,0.0,0.00787,0.00787,0.00787,,,33763852.0,,33763852.0
2020-05-27,31,113791819.0,0,0,0.0,0.02036,0.02036,0.02036,,,70167506.0,,70167506.0
2020-05-28,31,115565875.0,0,0,0.0,0.0009,0.0009,0.0009,,,3715824.0,,3715824.0
2020-05-29,31,115669611.0,0,0,0.0,0.00128,0.00128,0.00128,,,4543369.0,,4543369.0
2020-06-01,31,115769152.0,1,0,0.03226,0.00809,0.00335,0.00809,,,39001883.0,,39001883.0
2020-06-02,32,116392331.0,0,0,0.0,0.00507,0.00507,0.00507,,,20662516.0,,20662516.0
2020-06-03,32,116981929.0,0,0,0.0,0.0136,0.0136,0.0136,,,54422060.0,,54422060.0
2020-06-04,32,118563255.0,0,0,0.0,0.01772,0.01772,0.01772,,,66708610.0,,66708610.0
2020-06-05,32,120071848.0,0,0,0.0,0.00538,0.00538,0.00538,,,10219027.0,,10219027.0
2020-06-08,32,119918108.0,1,0,0.03125,0.02146,0.01614,0.02146,,,100854495.0,,100854495.0
2020-06-09,33,121430606.0,0,0,0.0,0.00902,0.00902,0.00902,,,32029698.0,,32029698.0
2020-06-10,33,121538008.0,0,0,0.0,0.00528,0.00528,0.00528,,,28250826.0,,28250826.0
2020-06-11,33,122021678.0,0,0,0.0,0.01607,0.01607,0.01607,,,61414173.0,,61414173.0
2020-06-12,33,123535868.0,0,0,0.0,0.00188,0.00188,0.00188,,,6421867.0,,6421867.0
2020-06-15,33,123768044.0,0,0,0.0,0.00365,0.00365,0.00365,,,14841905.0,,14841905.0
2020-06-16,33,124183314.0,0,0,0.0,0.00962,0.00962,0.00962,,,34711056.0,,34711056.0
2020-06-17,33,125034176.0,0,0,0.0,0.0101,0.0101,0.0101,,,49526895.0,,49526895.0
2020-06-18,33,125771563.0,0,0,0.0,0.01282,0.01282,0.01282,,,56699579.0,,56699579.0
2020-06-19,33,127384314.0,0,0,0.0,0.00069,0.00069,0.00069,,,3108621.0,,3108621.0
2020-06-22,33,127471798.0,0,0,0.0,0.00834,0.00834,0.00834,,,42593982.0,,42593982.0
2020-06-23,33,128206391.0,0,0,0.0,0.0173,0.0173,0.0173,,,84267699.0,,84267699.0
2020-06-24,33,129791071.0,0,0,0.0,0.01137,0.01137,0.01137,,,45816684.0,,45816684.0
2020-06-25,33,130977241.0,0,0,0.0,0.00801,0.00801,0.00801,,,52203888.0,,52203888.0
2020-06-26,33,131855477.0,0,0,0.0,0.01258,0.01258,0.01258,,,61599260.0,,61599260.0
2020-06-29,33,133339950.0,0,0,0.0,0.00199,0.00199,0.00199,,,9551302.0,,9551302.0
2020-06-30,33,133605561.0,0,0,0.0,0.00781,0.00781,0.00781,,,49259715.0,,49259715.0
2020-07-01,33,134138115.0,0,0,0.0,0.00861,0.00861,0.00861,,,40650122.0,,40650122.0
2020-07-02,33,135254370.0,0,0,0.0,0.00748,0.00748,0.00748,,,34010103.0,,34010103.0
2020-07-06,33,135937117.0,0,0,0.0,0.0107,0.0107,0.0107,,,54398242.0,,54398242.0
2020-07-07,33,137094979.0,0,0,0.0,0.00746,0.00746,0.00746,,,36929902.0,,36929902.0
2020-07-08,33,137813236.0,0,0,0.0,0.01317,0.01317,0.01317,,,76697626.0,,76697626.0
2020-07-09,33,139628684.0,2,0,0.06061,0.02135,0.01823,0.02135,,,169218822.0,,169218822.0
2020-07-10,35,141554931.0,1,0,0.02857,0.02479,0.02106,0.02479,,,171604246.0,,171604246.0
2020-07-13,36,143394432.0,0,0,0.0,0.00747,0.00747,0.00747,,,40257218.0,,40257218.0
2020-07-14,36,144276713.0,1,0,0.02778,0.02869,0.02767,0.02869,,,184887196.0,,184887196.0
2020-07-15,37,146654984.0,0,0,0.0,0.00396,0.00396,0.00396,,,28968642.0,,28968642.0
2020-07-16,37,147093965.0,0,0,0.0,0.00742,0.00742,0.00742,,,40846654.0,,40846654.0
2020-07-17,37,148096925.0,0,0,0.0,0.00609,0.00609,0.00609,,,33313849.0,,33313849.0
2020-07-20,37,148620083.0,0,0,0.0,0.00962,0.00962,0.00962,,,66338728.0,,66338728.0
2020-07-21,37,149663829.0,0,0,0.0,0.00456,0.00456,0.00456,,,24465052.0,,24465052.0
2020-07-22,37,150109609.0,0,0,0.0,0.00864,0.00864,0.00864,,,50513673.0,,50513673.0
2020-07-23,37,151240684.0,1,0,0.02703,0.0206,0.01161,0.0206,,,81234405.0,,81234405.0
2020-07-24,38,151899002.0,0,0,0.0,0.00662,0.00662,0.00662,,,32533636.0,,32533636.0
2020-07-27,38,152573944.0,0,0,0.0,0.00937,0.00937,0.00937,,,75158525.0,,75158525.0
2020-07-28,38,152889858.0,0,0,0.0,0.01338,0.01338,0.01338,,,78845652.0,,78845652.0
2020-07-29,38,154821149.0,0,0,0.0,0.00239,0.00239,0.00239,,,12871991.0,,12871991.0
2020-07-30,38,155173424.0,0,0,0.0,0.00614,0.00614,0.00614,,,34486230.0,,34486230.0
2020-07-31,38,155705443.0,0,0,0.0,0.01269,0.01269,0.01269,,,62871810.0,,62871810.0
2020-08-03,38,156344727.0,0,0,0.0,0.0,0.0,0.0,,,0.0,,0.0
2020-08-04,38,156344727.0,0,0,0.0,0.01178,0.01178,0.01178,,,66482253.0,,66482253.0
2020-08-05,38,158105621.0,0,0,0.0,0.01316,0.01316,0.01316,,,99663505.0,,99663505.0
2020-08-06,38,160105676.0,1,0,0.02632,0.01414,0.01221,0.01414,,,232065203.0,,232065203.0
2020-08-07,39,160883487.0,1,0,0.02564,0.03275,0.03103,0.03275,,,231748028.0,,231748028.0
2020-08-10,40,159316338.0,0,0,0.0,0.00736,0.00736,0.00736,,,138209781.0,,138209781.0
2020-08-11,40,159465621.0,0,0,0.0,0.01184,0.01184,0.01184,,,102246409.0,,102246409.0
2020-08-12,40,158837551.0,0,0,0.0,0.00315,0.00315,0.00315,,,19677006.0,,19677006.0
2020-08-13,40,159337826.0,0,0,0.0,0.00745,0.00745,0.00745,,,66596679.0,,66596679.0
2020-08-14,40,160176788.0,0,0,0.0,0.00806,0.00806,0.00806,,,54750550.0,,54750550.0
2020-08-17,40,161459711.0,0,0,0.0,0.00295,0.00295,0.00295,,,15570042.0,,15570042.0
2020-08-18,40,161935960.0,1,0,0.025,0.00672,0.00646,0.00672,,,50442869.0,,50442869.0
2020-08-19,41,162880082.0,2,0,0.04878,0.01311,0.00978,0.01311,,,172850543.0,,172850543.0
2020-08-20,43,163757257.0,0,0,0.0,0.01637,0.01637,0.01637,,,123142233.0,,123142233.0
2020-08-21,43,166438497.0,2,0,0.04651,0.01058,0.00952,0.01058,,,90317426.0,,90317426.0
2020-08-24,45,167466114.0,0,0,0.0,0.00997,0.00997,0.00997,,,91996804.0,,91996804.0
2020-08-25,45,168944792.0,0,0,0.0,0.00728,0.00728,0.00728,,,53773900.0,,53773900.0
2020-08-26,45,170139286.0,0,0,0.0,0.01052,0.01052,0.01052,,,77969176.0,,77969176.0
2020-08-27,45,171928708.0,0,0,0.0,0.01474,0.01474,0.01474,,,82679598.0,,82679598.0
2020-08-28,45,174108464.0,0,0,0.0,0.0073,0.0073,0.0073,,,50214793.0,,50214793.0
2020-08-31,45,175378732.0,0,0,0.0,0.00892,0.00892,0.00892,,,160130703.0,,160130703.0
2020-09-01,45,176034752.0,0,0,0.0,0.02128,0.02128,0.02128,,,195294431.0,,195294431.0
2020-09-02,45,179699628.0,1,0,0.02222,0.0199,0.01904,0.0199,,,194588097.0,,194588097.0
2020-09-03,46,183009982.0,0,2,0.04348,0.0231,0.0231,0.0231,,,177943780.0,,177943780.0
2020-09-04,44,185786937.0,0,0,0.0,0.00964,0.00964,0.00964,,,72129504.0,,72129504.0
2020-09-08,44,185778350.0,0,1,0.02273,0.01783,0.01782,0.01783,,,173204539.0,,173204539.0
2020-09-09,43,184244648.0,0,0,0.0,0.01535,0.01535,0.01535,,,188265283.0,,188265283.0
2020-09-10,43,182887346.0,0,0,0.0,0.01417,0.01417,0.01417,,,83737433.0,,83737433.0
2020-09-11,43,183634694.0,0,0,0.0,0.01115,0.01115,0.01115,,,93495826.0,,93495826.0
2020-09-14,43,183845100.0,0,0,0.0,0.00805,0.00805,0.00805,,,66184170.0,,66184170.0
2020-09-15,43,184793721.0,0,0,0.0,0.01395,0.01395,0.01395,,,122070051.0,,122070051.0
2020-09-16,43,187172885.0,0,0,0.0,0.0028,0.0028,0.0028,,,22228353.0,,22228353.0
2020-09-17,43,187696412.0,0,0,0.0,0.00817,0.00817,0.00817,,,70774545.0,,70774545.0
2020-09-18,43,189108016.0,0,0,0.0,0.01147,0.01147,0.01147,,,101732610.0,,101732610.0
2020-09-21,43,191015844.0,0,0,0.0,0.01027,0.01027,0.01027,,,83013104.0,,83013104.0
2020-09-22,43,192457836.0,0,0,0.0,0.00279,0.00279,0.00279,,,12035883.0,,12035883.0
2020-09-23,43,192959975.0,1,0,0.02326,0.00913,0.00644,0.00913,,,107446822.0,,107446822.0
2020-09-24,44,193660262.0,0,0,0.0,0.00768,0.00768,0.00768,,,126311398.0,,126311398.0
2020-09-25,44,194198882.0,0,0,0.0,0.0037,0.0037,0.0037,,,54507731.0,,54507731.0
2020-09-28,44,194069284.0,0,0,0.0,0.00631,0.00631,0.00631,,,50081068.0,,50081068.0
2020-09-29,44,194252784.0,0,0,0.0,0.00686,0.00686,0.00686,,,65105433.0,,65105433.0
2020-09-30,44,195509044.0,0,0,0.0,0.00429,0.00429,0.00429,,,37714672.0,,37714672.0
2020-10-01,44,195962918.0,0,0,0.0,0.00196,0.00196,0.00196,,,16570988.0,,16570988.0
2020-10-02,44,195577963.0,0,0,0.0,0.00171,0.00171,0.00171,,,23066369.0,,23066369.0
2020-10-05,44,195617733.0,0,0,0.0,0.00023,0.00023,0.00023,,,1233742.0,,1233742.0
2020-10-06,44,195662629.0,0,0,0.0,0.00104,0.00104,0.00104,,,9315544.0,,9315544.0
2020-10-07,44,195575935.0,0,0,0.0,0.00638,0.00638,0.00638,,,54428212.0,,54428212.0
2020-10-08,44,196420683.0,0,0,0.0,0.0049,0.0049,0.0049,,,56862009.0,,56862009.0
2020-10-09,44,197149683.0,0,0,0.0,0.00476,0.00476,0.00476,,,60612701.0,,60612701.0
2020-10-12,44,198015570.0,0,0,0.0,0.00572,0.00572,0.00572,,,51725217.0,,51725217.0
2020-10-13,44,198976541.0,0,0,0.0,0.00735,0.00735,0.00735,,,99503080.0,,99503080.0
2020-10-14,44,200313582.0,0,0,0.0,0.01134,0.01134,0.01134,,,154499673.0,,154499673.0
2020-10-15,44,202583762.0,1,0,0.02273,0.00513,0.005,0.00513,,,70013252.0,,70013252.0
2020-10-16,45,203507719.0,1,0,0.02222,0.00582,0.00485,0.00582,,,188467732.0,,188467732.0
2020-10-19,46,204629924.0,0,0,0.0,0.00448,0.00448,0.00448,,,62432709.0,,62432709.0
2020-10-20,46,205360207.0,0,0,0.0,0.00013,0.00013,0.00013,,,4157438.0,,4157438.0
2020-10-21,46,205387594.0,0,1,0.02174,0.00564,0.00564,0.00564,,,97886574.0,,97886574.0
2020-10-22,45,206505712.0,0,0,0.0,0.00517,0.00517,0.00517,,,53286815.0,,53286815.0
2020-10-23,45,207204282.0,0,0,0.0,0.00171,0.00171,0.00171,,,22782735.0,,22782735.0
2020-10-26,45,207536915.0,0,0,0.0,0.00218,0.00218,0.00218,,,22947362.0,,22947362.0
2020-10-27,45,207772036.0,0,0,0.0,0.0,0.0,0.0,,,0.0,,0.0
2020-10-28,45,207772036.0,1,0,0.02222,0.00681,0.00435,0.00681,,,208127976.0,,208127976.0
2020-10-29,46,207800864.0,0,1,0.02174,0.00316,0.00316,0.00316,,,89917266.0,,89917266.0
2020-10-30,45,208200273.0,0,0,0.0,0.01331,0.01331,0.01331,,,281322333.0,,281322333.0
2020-11-02,45,208499560.0,0,0,0.0,0.0,0.0,0.0,,,0.0,,0.0
2020-11-03,45,208499560.0,0,0,0.0,0.00985,0.00985,0.00985,,,174647204.0,,174647204.0
2020-11-04,45,207956963.0,1,0,0.02222,0.0129,0.01031,0.0129,,,313641780.0,,313641780.0
2020-11-05,46,206983762.0,0,1,0.02174,0.00342,0.00342,0.00342,,,56800971.0,,56800971.0
2020-11-06,45,207538490.0,0,0,0.0,0.01231,0.01231,0.01231,,,167295744.0,,167295744.0
2020-11-09,45,209757239.0,0,0,0.0,0.00373,0.00373,0.00373,,,56405569.0,,56405569.0
2020-11-10,45,210451994.0,0,0,0.0,0.01386,0.01386,0.01386,,,306643406.0,,306643406.0
2020-11-11,45,212504563.0,0,0,0.0,0.00291,0.00291,0.00291,,,72404090.0,,72404090.0
2020-11-12,45,212631800.0,0,0,0.0,0.00543,0.00543,0.00543,,,92279023.0,,92279023.0
2020-11-13,45,212985497.0,0,0,0.0,0.00518,0.00518,0.00518,,,76230468.0,,76230468.0
2020-11-16,45,213178318.0,0,0,0.0,0.00352,0.00352,0.00352,,,72673641.0,,72673641.0
2020-11-17,45,213684573.0,0,1,0.02222,0.00483,0.00483,0.00483,,,111554645.0,,111554645.0
2020-11-18,44,213408198.0,0,0,0.0,0.00284,0.00284,0.00284,,,46269684.0,,46269684.0
2020-11-19,44,213708723.0,0,0,0.0,0.00512,0.00512,0.00512,,,82911779.0,,82911779.0
2020-11-20,44,214628737.0,2,1,0.06818,0.01545,0.00572,0.01545,,,319155634.0,,319155634.0
2020-11-23,45,216348853.0,0,0,0.0,0.00123,0.00123,0.00123,,,18509248.0,,18509248.0
2020-11-24,45,216399565.0,0,0,0.0,0.0083,0.0083,0.0083,,,125817086.0,,125817086.0
2020-11-25,45,217866696.0,0,0,0.0,0.00458,0.00458,0.00458,,,75741546.0,,75741546.0
2020-11-27,45,218779809.0,0,0,0.0,0.00094,0.00094,0.00094,,,13438484.0,,13438484.0
2020-11-30,45,218881691.0,0,0,0.0,0.0015,0.0015,0.0015,,,25263124.0,,25263124.0
2020-12-01,45,219167625.0,0,0,0.0,0.01313,0.01313,0.01313,,,258047459.0,,258047459.0
2020-12-02,45,221583853.0,0,0,0.0,0.00517,0.00517,0.00517,,,124811089.0,,124811089.0
2020-12-03,45,222079885.0,0,0,0.0,0.0312,0.0312,0.0312,,,514937068.0,,514937068.0
2020-12-04,45,220537105.0,0,0,0.0,0.03886,0.03886,0.03886,,,572913305.0,,572913305.0
2020-12-07,45,217398501.0,0,0,0.0,0.01477,0.01477,0.01477,,,260287987.0,,260287987.0
2020-12-08,45,217757200.0,0,0,0.0,0.00698,0.00698,0.00698,,,149792558.0,,149792558.0
2020-12-09,45,219127088.0,0,0,0.0,0.00575,0.00575,0.00575,,,126643643.0,,126643643.0
2020-12-10,45,220319621.0,0,0,0.0,0.00667,0.00667,0.00667,,,176680780.0,,176680780.0
2020-12-11,45,221641805.0,1,0,0.02222,0.00953,0.00875,0.00953,,,220439955.0,,220439955.0
2020-12-14,46,223585030.0,0,0,0.0,0.00843,0.00843,0.00843,,,199725597.0,,199725597.0
2020-12-15,46,224743436.0,0,0,0.0,0.00802,0.00802,0.00802,,,142208459.0,,142208459.0
2020-12-16,46,224960327.0,0,0,0.0,0.01631,0.01631,0.01631,,,403748483.0,,403748483.0
2020-12-17,46,225044041.0,0,0,0.0,0.00578,0.00578,0.00578,,,187094833.0,,187094833.0
2020-12-18,46,226338092.0,0,0,0.0,0.00522,0.00522,0.00522,,,108666314.0,,108666314.0
2020-12-21,46,227399147.0,0,0,0.0,0.00434,0.00434,0.00434,,,108741658.0,,108741658.0
2020-12-22,46,228247329.0,0,2,0.04348,0.00631,0.00631,0.00631,,,163035870.0,,163035870.0
2020-12-23,44,229616609.0,0,0,0.0,0.01101,0.01101,0.01101,,,273466720.0,,273466720.0
2020-12-24,44,231362516.0,0,0,0.0,0.00992,0.00992,0.00992,,,251833464.0,,251833464.0
2020-12-28,44,233262643.0,0,0,0.0,0.00385,0.00385,0.00385,,,86384739.0,,86384739.0
2020-12-29,44,234156910.0,0,0,0.0,0.00599,0.00599,0.00599,,,145824709.0,,145824709.0
2020-12-30,44,235560061.0,0,0,0.0,0.00786,0.00786,0.00786,,,142246705.0,,142246705.0
2020-12-31,44,233886535.0,0,0,0.0,0.00948,0.00948,0.00948,,,329411449.0,,329411449.0
2021-01-04,44,233978772.0,0,0,0.0,0.00258,0.00258,0.00258,,,104838893.0,,104838893.0
2021-01-05,44,234344403.0,0,0,0.0,0.00305,0.00305,0.00305,,,80391823.0,,80391823.0
2021-01-06,44,235049311.0,0,0,0.0,0.00188,0.00188,0.00188,,,46770374.0,,46770374.0
2021-01-07,44,235429471.0,2,0,0.04545,0.00666,0.00343,0.00666,,,217690722.0,,217690722.0
2021-01-08,46,236764849.0,1,0,0.02174,0.01149,0.01128,0.01149,,,322676264.0,,322676264.0
2021-01-11,47,236113982.0,0,1,0.02128,0.01443,0.01436,0.01443,,,430843338.0,,430843338.0
2021-01-12,46,238933502.0,1,0,0.02174,0.009,0.00873,0.009,,,275933799.0,,275933799.0
2021-01-13,47,240930555.0,0,0,0.0,0.01056,0.01056,0.01056,,,479417989.0,,479417989.0
2021-01-14,47,242513868.0,0,0,0.0,0.0084,0.0084,0.0084,,,255848891.0,,255848891.0
2021-01-15,47,243361988.0,0,0,0.0,0.00671,0.00671,0.00671,,,233919539.0,,233919539.0
2021-01-19,47,244311322.0,0,0,0.0,0.0076,0.0076,0.0076,,,343220684.0,,343220684.0
2021-01-20,47,245997853.0,0,0,0.0,0.00772,0.00772,0.00772,,,331825580.0,,331825580.0
2021-01-21,47,246473827.0,1,0,0.02128,0.01084,0.01013,0.01084,,,411833029.0,,411833029.0
2021-01-22,48,248936383.0,0,0,0.0,0.01136,0.01136,0.01136,,,367244667.0,,367244667.0
2021-01-25,48,251516602.0,0,0,0.0,0.00589,0.00589,0.00589,,,225802956.0,,225802956.0
2021-01-26,48,252764445.0,0,0,0.0,0.00285,0.00285,0.00285,,,86623564.0,,86623564.0
2021-01-27,48,253368056.0,0,0,0.0,0.0049,0.0049,0.0049,,,102874104.0,,102874104.0
2021-01-28,48,253692573.0,1,0,0.02083,0.00769,0.00712,0.00769,,,235434336.0,,235434336.0
2021-01-29,49,253193135.0,0,0,0.0,0.00933,0.00933,0.00933,,,351584790.0,,351584790.0
2021-02-01,49,253396873.0,1,0,0.02041,0.00722,0.00606,0.00722,,,244898406.0,,244898406.0
2021-02-02,50,254590403.0,0,0,0.0,0.0,0.0,0.0,,,0.0,,0.0
2021-02-03,50,254590403.0,0,0,0.0,0.0099,0.0099,0.0099,,,357517531.0,,357517531.0
2021-02-04,50,257013503.0,0,0,0.0,0.00822,0.00822,0.00822,,,275635874.0,,275635874.0
2021-02-05,50,258719490.0,0,0,0.0,0.00529,0.00529,0.00529,,,186686796.0,,186686796.0
2021-02-08,50,259830888.0,1,0,0.02,0.02275,0.01433,0.02275,,,530542770.0,,530542770.0
2021-02-09,51,261749250.0,0,0,0.0,0.01288,0.01288,0.01288,,,399269981.0,,399269981.0
2021-02-10,51,263048853.0,0,0,0.0,0.00529,0.00529,0.00529,,,226655962.0,,226655962.0
2021-02-11,51,264233835.0,0,0,0.0,0.00486,0.00486,0.00486,,,225211280.0,,225211280.0
2021-02-12,51,265196712.0,0,0,0.0,0.00348,0.00348,0.00348,,,63440486.0,,63440486.0
2021-02-16,51,265776654.0,0,0,0.0,0.00374,0.00374,0.00374,,,108438191.0,,108438191.0
2021-02-17,51,266731820.0,0,0,0.0,0.00571,0.00571,0.00571,,,237339522.0,,237339522.0
2021-02-18,51,267978889.0,0,0,0.0,0.00966,0.00966,0.00966,,,383299650.0,,383299650.0
2021-02-19,51,269489903.0,1,0,0.01961,0.0249,0.00532,0.0249,,,365580524.0,,365580524.0
2021-02-22,52,275341963.0,0,0,0.0,0.00717,0.00717,0.00717,,,302579765.0,,302579765.0
2021-02-23,52,277024070.0,1,0,0.01923,0.01132,0.00781,0.01132,,,535391047.0,,535391047.0
2021-02-24,53,278207665.0,0,0,0.0,0.03094,0.03094,0.03094,,,963235768.0,,963235768.0
2021-02-25,53,273497566.0,0,0,0.0,0.01001,0.01001,0.01001,,,273210012.0,,273210012.0
2021-02-26,53,272489460.0,0,0,0.0,0.02676,0.02676,0.02676,,,792259026.0,,792259026.0
2021-03-01,53,269610548.0,0,0,0.0,0.0271,0.0271,0.0271,,,677048109.0,,677048109.0
2021-03-02,53,270267017.0,1,1,0.03774,0.00985,0.00947,0.00985,,,368676950.0,,368676950.0
2021-03-03,53,272363950.0,0,0,0.0,0.00525,0.00525,0.00525,,,227075343.0,,227075343.0
2021-03-04,53,273794927.0,0,0,0.0,0.02206,0.02206,0.02206,,,486362329.0,,486362329.0
2021-03-05,53,274066719.0,0,0,0.0,0.02425,0.02425,0.02425,,,825289602.0,,825289602.0
2021-03-08,53,272973251.0,0,0,0.0,0.01226,0.01226,0.01226,,,277816670.0,,277816670.0
2021-03-09,53,272995703.0,1,0,0.01887,0.00757,0.00483,0.00757,,,169727118.0,,169727118.0
2021-03-10,54,273490338.0,0,0,0.0,0.0136,0.0136,0.0136,,,431368629.0,,431368629.0
2021-03-11,54,276523296.0,0,0,0.0,0.007,0.007,0.007,,,224413171.0,,224413171.0
2021-03-12,54,277982173.0,0,0,0.0,0.01101,0.01101,0.01101,,,400421829.0,,400421829.0
2021-03-15,54,280716138.0,0,0,0.0,0.00329,0.00329,0.00329,,,127188242.0,,127188242.0
2021-03-16,54,281638541.0,0,2,0.03704,0.00158,0.00157,0.00158,,,74563320.0,,74563320.0
2021-03-17,52,281936051.0,0,0,0.0,0.00092,0.00092,0.00092,,,44107136.0,,44107136.0
2021-03-18,52,282196187.0,0,0,0.0,0.00531,0.00531,0.00531,,,151458613.0,,151458613.0
2021-03-19,52,281962987.0,0,0,0.0,0.00717,0.00717,0.00717,,,202413045.0,,202413045.0
2021-03-22,52,280636647.0,0,0,0.0,0.00201,0.00201,0.00201,,,33961270.0,,33961270.0
2021-03-23,52,280312397.0,0,0,0.0,0.00283,0.00283,0.00283,,,100024098.0,,100024098.0
2021-03-24,52,281106861.0,0,0,0.0,0.00242,0.00242,0.00242,,,50402827.0,,50402827.0
2021-03-26,52,280481827.0,0,0,0.0,0.03885,0.03885,0.03885,,,846072959.0,,846072959.0
2021-03-29,52,276001956.0,0,0,0.0,0.0144,0.0144,0.0144,,,361407920.0,,361407920.0
2021-03-30,52,272735134.0,0,0,0.0,0.01587,0.01587,0.01587,,,423117016.0,,423117016.0
2021-03-31,52,270765352.0,0,0,0.0,0.00802,0.00802,0.00802,,,259320965.0,,259320965.0
2021-04-01,52,271769965.0,0,0,0.0,0.01657,0.01657,0.01657,,,559815419.0,,559815419.0
2021-04-05,52,276144925.0,1,0,0.01923,0.01128,0.00964,0.01128,,,366642344.0,,366642344.0
2021-04-06,53,279260267.0,0,0,0.0,0.00239,0.00239,0.00239,,,61998452.0,,61998452.0
2021-04-07,53,279867491.0,0,0,0.0,0.00769,0.00769,0.00769,,,201430439.0,,201430439.0
2021-04-08,53,281441214.0,0,0,0.0,0.0127,0.0127,0.0127,,,271750551.0,,271750551.0
2021-04-09,53,282011008.0,0,0,0.0,0.00105,0.00105,0.00105,,,42808506.0,,42808506.0
2021-04-12,53,282306518.0,0,0,0.0,0.00126,0.00126,0.00126,,,30626420.0,,30626420.0
2021-04-13,53,282242101.0,0,0,0.0,0.00506,0.00506,0.00506,,,136745930.0,,136745930.0
2021-04-14,53,282966239.0,0,0,0.0,0.00644,0.00644,0.00644,,,223310559.0,,223310559.0
2021-04-15,53,284318136.0,1,0,0.01887,0.00875,0.00695,0.00875,,,465498361.0,,465498361.0
2021-04-16,54,285743379.0,1,0,0.01852,0.01622,0.00799,0.01622,,,450185108.0,,450185108.0
2021-04-19,55,288426907.0,0,0,0.0,0.0081,0.0081,0.0081,,,261075988.0,,261075988.0
2021-04-20,55,286588899.0,0,0,0.0,0.0114,0.0114,0.0114,,,266540429.0,,266540429.0
2021-04-21,55,284182644.0,0,0,0.0,0.01706,0.01706,0.01706,,,383520412.0,,383520412.0
2021-04-22,55,283858584.0,2,0,0.03636,0.03512,0.01623,0.03512,,,727644312.0,,727644312.0
2021-04-23,57,285213249.0,0,0,0.0,0.00889,0.00889,0.00889,,,233110823.0,,233110823.0
2021-04-26,57,286720008.0,0,0,0.0,0.00545,0.00545,0.00545,,,213118766.0,,213118766.0
2021-04-27,57,285739338.0,0,2,0.03509,0.00525,0.00524,0.00525,,,161656636.0,,161656636.0
2021-04-28,55,286763901.0,0,0,0.0,0.00021,0.00021,0.00021,,,5349848.0,,5349848.0
2021-04-29,55,286704904.0,0,0,0.0,0.00648,0.00648,0.00648,,,211881757.0,,211881757.0
2021-04-30,55,286133537.0,0,0,0.0,0.02422,0.02422,0.02422,,,710671690.0,,710671690.0
2021-05-03,55,281927535.0,0,0,0.0,0.0,0.0,0.0,,,0.0,,0.0
2021-05-04,55,281927535.0,0,0,0.0,0.01758,0.01758,0.01758,,,372153946.0,,372153946.0
2021-05-05,55,279608702.0,0,0,0.0,0.02968,0.02968,0.02968,,,557748073.0,,557748073.0
2021-05-06,55,282315735.0,0,1,0.01818,0.01831,0.01793,0.01831,,,227265465.0,,227265465.0
2021-05-07,54,284299218.0,0,0,0.0,0.026,0.026,0.026,,,551893215.0,,551893215.0
2021-05-10,54,284523531.0,0,0,0.0,0.0198,0.0198,0.0198,,,416839333.0,,416839333.0
2021-05-11,54,287867933.0,1,0,0.01852,0.02586,0.02554,0.02586,,,541230898.0,,541230898.0
2021-05-12,55,287069298.0,0,0,0.0,0.0273,0.0273,0.0273,,,467025559.0,,467025559.0
2021-05-13,55,289614789.0,0,0,0.0,0.02909,0.02909,0.02909,,,545671609.0,,545671609.0
2021-05-14,55,289584913.0,0,0,0.0,0.01909,0.01909,0.01909,,,370491145.0,,370491145.0
2021-05-17,55,289464555.0,0,1,0.01818,0.00903,0.00903,0.00903,,,192409532.0,,192409532.0
2021-05-18,54,289688090.0,0,2,0.03704,0.01058,0.01057,0.01058,,,205834016.0,,205834016.0
2021-05-19,52,290043716.0,0,0,0.0,0.01286,0.01286,0.01286,,,302181665.0,,302181665.0
2021-05-20,52,291108278.0,0,0,0.0,0.01265,0.01265,0.01265,,,268103650.0,,268103650.0
2021-05-21,52,287962541.0,0,1,0.01923,0.01503,0.01499,0.01503,,,314854107.0,,314854107.0
2021-05-24,51,289011414.0,0,0,0.0,0.00965,0.00965,0.00965,,,210340513.0,,210340513.0
2021-05-25,51,286558502.0,0,1,0.01961,0.01238,0.01237,0.01238,,,223078070.0,,223078070.0
2021-05-26,50,287266730.0,0,0,0.0,0.0031,0.0031,0.0031,,,38841369.0,,38841369.0
2021-05-27,50,286376909.0,0,0,0.0,0.01576,0.01576,0.01576,,,65365785.0,,65365785.0
2021-05-28,50,282600192.0,0,0,0.0,0.00369,0.00369,0.00369,,,75002155.0,,75002155.0
2021-06-01,50,282503274.0,0,0,0.0,0.00614,0.00614,0.00614,,,73965755.0,,73965755.0
2021-06-02,50,280994020.0,0,0,0.0,0.00451,0.00451,0.00451,,,90662129.0,,90662129.0
2021-06-03,50,279820490.0,0,0,0.0,0.0016,0.0016,0.0016,,,33341297.0,,33341297.0
2021-06-04,50,279374120.0,0,0,0.0,0.00875,0.00875,0.00875,,,190986437.0,,190986437.0
2021-06-07,50,277073937.0,0,0,0.0,0.00288,0.00288,0.00288,,,48373043.0,,48373043.0
2021-06-08,50,276598992.0,0,0,0.0,0.00639,0.00639,0.00639,,,108313476.0,,108313476.0
2021-06-09,50,276309353.0,0,2,0.04,0.00333,0.00333,0.00333,,,70721597.0,,70721597.0
2021-06-10,48,276228885.0,0,0,0.0,0.00276,0.00276,0.00276,,,93495836.0,,93495836.0
2021-06-11,48,276664326.0,0,0,0.0,0.00439,0.00439,0.00439,,,106477217.0,,106477217.0
2021-06-14,48,276878366.0,0,1,0.02083,0.00399,0.00399,0.00399,,,60284406.0,,60284406.0
2021-06-15,47,276427584.0,0,0,0.0,0.00746,0.00746,0.00746,,,168199031.0,,168199031.0
2021-06-16,47,277489319.0,0,0,0.0,0.01153,0.01153,0.01153,,,239302091.0,,239302091.0
2021-06-17,47,276112693.0,0,0,0.0,0.01035,0.01035,0.01035,,,223074856.0,,223074856.0
2021-06-18,47,273253759.0,0,0,0.0,0.01088,0.01088,0.01088,,,288955357.0,,288955357.0
2021-06-21,47,276151193.0,0,0,0.0,0.00533,0.00533,0.00533,,,135110926.0,,135110926.0
2021-06-22,47,277287066.0,0,0,0.0,0.00079,0.00079,0.00079,,,17846863.0,,17846863.0
2021-06-23,47,277068768.0,0,0,0.0,0.00188,0.00188,0.00188,,,78658991.0,,78658991.0
2021-06-24,47,277590782.0,0,0,0.0,0.0061,0.0061,0.0061,,,173931123.0,,173931123.0
2021-06-25,47,279282824.0,0,0,0.0,0.00653,0.00653,0.00653,,,187554195.0,,187554195.0
2021-06-28,47,281034713.0,0,0,0.0,0.00451,0.00451,0.00451,,,104697230.0,,104697230.0
2021-06-29,47,280336073.0,0,0,0.0,0.00619,0.00619,0.00619,,,157839291.0,,157839291.0
2021-06-30,47,281565567.0,0,0,0.0,0.00402,0.00402,0.00402,,,99774917.0,,99774917.0
2021-07-01,47,282698318.0,0,0,0.0,0.0079,0.0079,0.0079,,,199907492.0,,199907492.0
2021-07-02,47,280677423.0,0,0,0.0,0.00878,0.00878,0.00878,,,219278254.0,,219278254.0
2021-07-06,47,278213171.0,0,0,0.0,0.00495,0.00495,0.00495,,,121640196.0,,121640196.0
2021-07-07,47,276836089.0,0,0,0.0,0.00243,0.00243,0.00243,,,58136160.0,,58136160.0
2021-07-08,47,276163811.0,0,0,0.0,0.01317,0.01317,0.01317,,,312381327.0,,312381327.0
2021-07-09,47,274183171.0,0,0,0.0,0.00686,0.00686,0.00686,,,211620402.0,,211620402.0
2021-07-12,47,273636909.0,0,0,0.0,0.00369,0.00369,0.00369,,,84312028.0,,84312028.0
2021-07-13,47,273087579.0,0,0,0.0,0.00761,0.00761,0.00761,,,146119490.0,,146119490.0
2021-07-14,47,273098265.0,0,0,0.0,0.00539,0.00539,0.00539,,,120636514.0,,120636514.0
2021-07-15,47,271788963.0,0,0,0.0,0.01409,0.01409,0.01409,,,281528958.0,,281528958.0
2021-07-16,47,268788715.0,0,1,0.02128,0.01322,0.01315,0.01322,,,256170262.0,,256170262.0
2021-07-19,46,266283592.0,0,0,0.0,0.01041,0.01041,0.01041,,,174449393.0,,174449393.0
2021-07-20,46,264322287.0,0,0,0.0,0.01665,0.01665,0.01665,,,279709939.0,,279709939.0
2021-07-21,46,264240243.0,0,0,0.0,0.01377,0.01377,0.01377,,,251327062.0,,251327062.0
2021-07-22,46,264218148.0,0,0,0.0,0.01442,0.01442,0.01442,,,359473347.0,,359473347.0
2021-07-23,46,267464881.0,0,0,0.0,0.01429,0.01429,0.01429,,,314816447.0,,314816447.0
2021-07-26,46,265779871.0,0,2,0.04348,0.01649,0.01649,0.01649,,,279870955.0,,279870955.0
2021-07-27,44,263995587.0,0,0,0.0,0.00428,0.00428,0.00428,,,75225291.0,,75225291.0
2021-07-28,44,264276975.0,0,0,0.0,0.0136,0.0136,0.0136,,,271157137.0,,271157137.0
2021-07-29,44,260774473.0,0,1,0.02273,0.00908,0.00908,0.00908,,,173267657.0,,173267657.0
2021-07-30,43,259777842.0,1,0,0.02326,0.02816,0.01421,0.02816,,,470458323.0,,470458323.0
2021-08-02,44,263016248.0,0,1,0.02273,0.01161,0.01161,0.01161,,,155509943.0,,155509943.0
2021-08-03,43,263745532.0,0,0,0.0,0.00639,0.00639,0.00639,,,112748470.0,,112748470.0
2021-08-04,43,264617339.0,0,0,0.0,0.00684,0.00684,0.00684,,,147995869.0,,147995869.0
2021-08-05,43,263428504.0,0,0,0.0,0.00348,0.00348,0.00348,,,96127977.0,,96127977.0
2021-08-06,43,263218825.0,1,0,0.02326,0.01588,0.00856,0.01588,,,389714333.0,,389714333.0
2021-08-09,44,265589756.0,0,0,0.0,0.01091,0.01091,0.01091,,,165579444.0,,165579444.0
2021-08-10,44,266092938.0,0,0,0.0,0.01252,0.01252,0.01252,,,89930609.0,,89930609.0
2021-08-11,44,269085058.0,0,0,0.0,0.01378,0.01378,0.01378,,,193186069.0,,193186069.0
2021-08-12,44,271353475.0,1,0,0.02273,0.01363,0.01065,0.01363,,,228291488.0,,228291488.0
2021-08-13,45,270666126.0,0,0,0.0,0.01539,0.01539,0.01539,,,231179914.0,,231179914.0
2021-08-16,45,272209862.0,0,0,0.0,0.01279,0.01279,0.01279,,,135037902.0,,135037902.0
2021-08-17,45,274126358.0,0,0,0.0,0.01657,0.01657,0.01657,,,280835555.0,,280835555.0
2021-08-18,45,273700600.0,0,0,0.0,0.01405,0.01405,0.01405,,,293493799.0,,293493799.0
2021-08-19,45,271343307.0,0,0,0.0,0.00392,0.00392,0.00392,,,66440573.0,,66440573.0
2021-08-20,45,272085978.0,0,0,0.0,0.00297,0.00297,0.00297,,,54686277.0,,54686277.0
2021-08-23,45,272411443.0,0,0,0.0,0.00758,0.00758,0.00758,,,164198709.0,,164198709.0
2021-08-24,45,271356460.0,0,0,0.0,0.01339,0.01339,0.01339,,,220822180.0,,220822180.0
2021-08-25,45,274319999.0,0,0,0.0,0.01337,0.01337,0.01337,,,207533698.0,,207533698.0
2021-08-26,45,277134068.0,0,0,0.0,0.00467,0.00467,0.00467,,,86481813.0,,86481813.0
2021-08-27,45,278136418.0,0,0,0.0,0.00543,0.00543,0.00543,,,85695970.0,,85695970.0
2021-08-30,45,277742668.0,0,0,0.0,0.00687,0.00687,0.00687,,,68897574.0,,68897574.0
2021-08-31,45,276420182.0,0,0,0.0,0.0068,0.0068,0.0068,,,60913187.0,,60913187.0
2021-09-01,45,275526138.0,0,0,0.0,0.00547,0.00547,0.00547,,,102571528.0,,102571528.0
2021-09-02,45,274658079.0,0,0,0.0,0.00206,0.00206,0.00206,,,24481674.0,,24481674.0
2021-09-03,45,274474907.0,0,0,0.0,0.00195,0.00195,0.00195,,,39088688.0,,39088688.0
2021-09-07,45,274757608.0,0,0,0.0,0.01095,0.01095,0.01095,,,279041584.0,,279041584.0
2021-09-08,45,272102763.0,0,1,0.02222,0.00131,0.00131,0.00131,,,22802600.0,,22802600.0
2021-09-09,44,272186044.0,0,0,0.0,0.01266,0.01266,0.01266,,,302621979.0,,302621979.0
2021-09-10,44,271316881.0,0,0,0.0,0.00361,0.00361,0.00361,,,76240952.0,,76240952.0
2021-09-13,44,271710270.0,0,0,0.0,0.00269,0.00269,0.00269,,,74744369.0,,74744369.0
2021-09-14,44,271216270.0,0,0,0.0,0.00782,0.00782,0.00782,,,93866376.0,,93866376.0
2021-09-15,44,270924659.0,0,0,0.0,0.00949,0.00949,0.00949,,,197084687.0,,197084687.0
2021-09-16,44,271128307.0,0,0,0.0,0.00741,0.00741,0.00741,,,156964727.0,,156964727.0
2021-09-17,44,272041422.0,0,0,0.0,0.00655,0.00655,0.00655,,,108312036.0,,108312036.0
2021-09-20,44,273480574.0,0,0,0.0,0.00189,0.00189,0.00189,,,28664806.0,,28664806.0
2021-09-21,44,273282332.0,0,0,0.0,0.01558,0.01558,0.01558,,,346446685.0,,346446685.0
2021-09-22,44,276723702.0,0,0,0.0,0.00637,0.00637,0.00637,,,164701845.0,,164701845.0
2021-09-23,44,276352340.0,0,0,0.0,0.01308,0.01308,0.01308,,,230082192.0,,230082192.0
2021-09-24,44,278285925.0,0,0,0.0,0.0181,0.0181,0.0181,,,291199949.0,,291199949.0
2021-09-27,44,277742585.0,0,0,0.0,0.00905,0.00905,0.00905,,,151372266.0,,151372266.0
2021-09-28,44,277545186.0,0,0,0.0,0.01039,0.01039,0.01039,,,222340811.0,,222340811.0
2021-09-29,44,275421259.0,0,0,0.0,0.02147,0.02147,0.02147,,,630842249.0,,630842249.0
2021-09-30,44,273238199.0,0,0,0.0,0.01413,0.01413,0.01413,,,183017267.0,,183017267.0
2021-10-01,44,273153790.0,0,0,0.0,0.00469,0.00469,0.00469,,,94235937.0,,94235937.0
2021-10-04,44,272434995.0,0,0,0.0,0.00854,0.00854,0.00854,,,153072595.0,,153072595.0
2021-10-05,44,274386458.0,0,1,0.02273,0.02045,0.02045,0.02045,,,333953744.0,,333953744.0
2021-10-06,43,279418669.0,0,0,0.0,0.01381,0.01381,0.01381,,,169592459.0,,169592459.0
2021-10-07,43,281423783.0,0,0,0.0,0.03183,0.03183,0.03183,,,237099768.0,,237099768.0
2021-10-08,43,289656457.0,0,1,0.02326,0.00486,0.00486,0.00486,,,85780354.0,,85780354.0
2021-10-11,42,289302722.0,0,0,0.0,0.00906,0.00906,0.00906,,,212051484.0,,212051484.0
2021-10-12,42,288231577.0,0,0,0.0,0.00487,0.00487,0.00487,,,113129510.0,,113129510.0
2021-10-13,42,287565473.0,0,0,0.0,0.0014,0.0014,0.0014,,,46570807.0,,46570807.0
2021-10-14,42,287588983.0,0,0,0.0,0.00472,0.00472,0.00472,,,107031495.0,,107031495.0
2021-10-15,42,288467579.0,0,0,0.0,0.00827,0.00827,0.00827,,,173438423.0,,173438423.0
2021-10-18,42,290138429.0,0,1,0.02381,0.01133,0.01133,0.01133,,,231081081.0,,231081081.0
2021-10-19,41,286878651.0,0,0,0.0,0.00362,0.00362,0.00362,,,75187316.0,,75187316.0
2021-10-20,41,285866512.0,0,0,0.0,0.01091,0.01091,0.01091,,,232798678.0,,232798678.0
2021-10-21,41,288721511.0,0,0,0.0,0.00111,0.00111,0.00111,,,23628577.0,,23628577.0
2021-10-22,41,288401305.0,0,0,0.0,0.00869,0.00869,0.00869,,,76579352.0,,76579352.0
2021-10-25,41,290171354.0,0,0,0.0,0.00663,0.00663,0.00663,,,164679761.0,,164679761.0
2021-10-26,41,288914408.0,0,0,0.0,0.0024,0.0024,0.0024,,,49136918.0,,49136918.0
2021-10-27,41,288535106.0,0,0,0.0,0.01157,0.01157,0.01157,,,278191802.0,,278191802.0
2021-10-28,41,291189737.0,0,0,0.0,0.01903,0.01903,0.01903,,,374126023.0,,374126023.0
2021-11-03,41,291217963.0,0,0,0.0,0.01245,0.01245,0.01245,,,440229567.0,,440229567.0
2021-11-04,41,292746141.0,0,0,0.0,0.01748,0.01748,0.01748,,,421889983.0,,421889983.0
2021-11-05,41,291921668.0,0,0,0.0,0.02125,0.02125,0.02125,,,446098870.0,,446098870.0
2021-11-08,41,289658478.0,0,0,0.0,0.01931,0.01931,0.01931,,,335852449.0,,335852449.0
2021-11-09,41,287819546.0,0,0,0.0,0.00369,0.00369,0.00369,,,135775898.0,,135775898.0
2021-11-10,41,287175493.0,0,0,0.0,0.00651,0.00651,0.00651,,,91311539.0,,91311539.0
2021-11-11,41,287975097.0,0,0,0.0,0.00526,0.00526,0.00526,,,68511979.0,,68511979.0
2021-11-12,41,289280142.0,1,1,0.04878,0.01226,0.00525,0.01226,,,282425042.0,,282425042.0
2021-11-15,41,291369524.0,0,0,0.0,0.00453,0.00453,0.00453,,,77783477.0,,77783477.0
2021-11-16,41,290557377.0,0,0,0.0,0.00689,0.00689,0.00689,,,136542066.0,,136542066.0
2021-11-17,41,291619160.0,0,0,0.0,0.00217,0.00217,0.00217,,,43438904.0,,43438904.0
2021-11-18,41,292252887.0,0,0,0.0,0.00771,0.00771,0.00771,,,188028204.0,,188028204.0
2021-11-19,41,292737352.0,0,0,0.0,0.00351,0.00351,0.00351,,,112608054.0,,112608054.0
2021-11-22,41,293256205.0,0,0,0.0,0.00971,0.00971,0.00971,,,236213478.0,,236213478.0
2021-11-23,41,290766396.0,0,0,0.0,0.01144,0.01144,0.01144,,,297139866.0,,297139866.0
2021-11-24,41,293568932.0,0,0,0.0,0.00678,0.00678,0.00678,,,304625529.0,,304625529.0
2021-11-26,41,294842978.0,0,0,0.0,0.00573,0.00573,0.00573,,,134764783.0,,134764783.0
2021-11-29,41,296216305.0,0,0,0.0,0.00181,0.00181,0.00181,,,38348995.0,,38348995.0
2021-11-30,41,296435370.0,0,0,0.0,0.00784,0.00784,0.00784,,,141170544.0,,141170544.0
2021-12-01,41,298127920.0,0,1,0.02439,0.00892,0.00892,0.00892,,,218350682.0,,218350682.0
2021-12-02,40,299524716.0,0,0,0.0,0.01137,0.01137,0.01137,,,200699448.0,,200699448.0
2021-12-03,40,299645909.0,1,0,0.025,0.01178,0.01055,0.01178,,,355472153.0,,355472153.0
2021-12-06,41,301464758.0,0,0,0.0,0.01483,0.01483,0.01483,,,371564677.0,,371564677.0
2021-12-07,41,299386684.0,0,0,0.0,0.01069,0.01069,0.01069,,,168382314.0,,168382314.0
2021-12-08,41,302277501.0,0,0,0.0,0.00426,0.00426,0.00426,,,59799721.0,,59799721.0
2021-12-09,41,303305743.0,0,0,0.0,0.00231,0.00231,0.00231,,,41267219.0,,41267219.0
2021-12-10,41,302603709.0,0,0,0.0,0.0078,0.0078,0.0078,,,159751294.0,,159751294.0
2021-12-13,41,301008209.0,0,0,0.0,0.00471,0.00471,0.00471,,,93956577.0,,93956577.0
2021-12-14,41,300337138.0,0,0,0.0,0.00874,0.00874,0.00874,,,129591885.0,,129591885.0
2021-12-15,41,302475820.0,0,1,0.02439,0.00618,0.00618,0.00618,,,55424081.0,,55424081.0
2021-12-16,40,303602035.0,0,0,0.0,0.02745,0.02745,0.02745,,,438305274.0,,438305274.0
2021-12-17,40,307620503.0,0,0,0.0,0.01504,0.01504,0.01504,,,235492590.0,,235492590.0
2021-12-20,40,303442428.0,0,0,0.0,0.00345,0.00345,0.00345,,,39173419.0,,39173419.0
2021-12-21,40,303675728.0,0,0,0.0,0.00134,0.00134,0.00134,,,23692949.0,,23692949.0
2021-12-22,40,303985693.0,0,0,0.0,0.00911,0.00911,0.00911,,,157151914.0,,157151914.0
2021-12-23,40,306352203.0,0,0,0.0,0.00368,0.00368,0.00368,,,60424475.0,,60424475.0
2021-12-27,40,305225689.0,0,0,0.0,0.00029,0.00029,0.00029,,,4950702.0,,4950702.0
2021-12-28,40,305313691.0,0,0,0.0,0.00991,0.00991,0.00991,,,192481251.0,,192481251.0
2021-12-29,40,302288519.0,0,0,0.0,0.00753,0.00753,0.00753,,,144205401.0,,144205401.0
2021-12-30,40,300076566.0,0,0,0.0,0.00446,0.00446,0.00446,,,95795828.0,,95795828.0
2021-12-31,40,299546455.0,0,0,0.0,0.0113,0.0113,0.0113,,,196929615.0,,196929615.0
2022-01-03,40,301367872.0,0,0,0.0,0.00857,0.00857,0.00857,,,124814845.0,,124814845.0
2022-01-04,40,299675371.0,0,0,0.0,0.00715,0.00715,0.00715,,,83179766.0,,83179766.0
2022-01-05,40,299673956.0,0,0,0.0,0.02544,0.02544,0.02544,,,406220668.0,,406220668.0
2022-01-06,40,295240863.0,0,0,0.0,0.01311,0.01311,0.01311,,,200019808.0,,200019808.0
2022-01-07,40,293882219.0,0,0,0.0,0.02587,0.02587,0.02587,,,270552847.0,,270552847.0
2022-01-10,40,296200079.0,0,0,0.0,0.02005,0.02005,0.02005,,,351393177.0,,351393177.0
2022-01-11,40,300896990.0,0,0,0.0,0.00727,0.00727,0.00727,,,131398701.0,,131398701.0
2022-01-12,40,302571085.0,0,0,0.0,0.009,0.009,0.009,,,131288970.0,,131288970.0
2022-01-13,40,305295085.0,0,0,0.0,0.01481,0.01481,0.01481,,,199657974.0,,199657974.0
2022-01-14,40,301380719.0,0,0,0.0,0.02599,0.02599,0.02599,,,393520310.0,,393520310.0
2022-01-18,40,293713927.0,0,0,0.0,0.0113,0.0113,0.0113,,,171443181.0,,171443181.0
2022-01-19,40,290860298.0,0,1,0.025,0.01651,0.01651,0.01651,,,208695615.0,,208695615.0
2022-01-20,39,295656229.0,0,0,0.0,0.01286,0.01286,0.01286,,,162272092.0,,162272092.0
2022-01-21,39,299128003.0,0,0,0.0,0.01424,0.01424,0.01424,,,141359852.0,,141359852.0
2022-01-24,39,300660082.0,0,0,0.0,0.00854,0.00854,0.00854,,,84231902.0,,84231902.0
2022-01-25,39,300059063.0,0,0,0.0,0.00939,0.00939,0.00939,,,79950917.0,,79950917.0
2022-01-26,39,301492863.0,0,0,0.0,0.02011,0.02011,0.02011,,,215608631.0,,215608631.0
2022-01-27,39,307383673.0,0,0,0.0,0.02912,0.02912,0.02912,,,235888089.0,,235888089.0
2022-01-28,39,299183339.0,0,0,0.0,0.0106,0.0106,0.0106,,,106105395.0,,106105395.0
2022-01-31,39,297644418.0,0,0,0.0,0.01469,0.01469,0.01469,,,80671527.0,,80671527.0
2022-02-01,39,297195931.0,1,0,0.02564,0.04856,0.04847,0.04856,,,378099059.0,,378099059.0
2022-02-02,40,296555242.0,0,1,0.025,0.01805,0.01805,0.01805,,,105189072.0,,105189072.0
2022-02-03,39,291343905.0,0,0,0.0,0.01614,0.01614,0.01614,,,212039260.0,,212039260.0
2022-02-04,39,287293335.0,0,2,0.05128,0.02257,0.02256,0.02257,,,251053065.0,,251053065.0
2022-02-07,37,281211708.0,0,0,0.0,0.01039,0.01039,0.01039,,,118829353.0,,118829353.0
2022-02-08,37,278306861.0,0,0,0.0,0.02396,0.02396,0.02396,,,352077538.0,,352077538.0
2022-02-09,37,277225676.0,0,0,0.0,0.01801,0.01801,0.01801,,,199279060.0,,199279060.0
2022-02-10,37,278599641.0,0,0,0.0,0.03105,0.03105,0.03105,,,372891942.0,,372891942.0
2022-02-11,37,283517352.0,0,0,0.0,0.01309,0.01309,0.01309,,,98280843.0,,98280843.0
2022-02-14,37,285254293.0,0,0,0.0,0.01238,0.01238,0.01238,,,150933101.0,,150933101.0
2022-02-15,37,283115662.0,0,0,0.0,0.00825,0.00825,0.00825,,,88630701.0,,88630701.0
2022-02-16,37,285450647.0,0,0,0.0,0.01401,0.01401,0.01401,,,177396804.0,,177396804.0
2022-02-17,37,289448978.0,0,0,0.0,0.00729,0.00729,0.00729,,,101237846.0,,101237846.0
2022-02-18,37,287994613.0,0,3,0.08108,0.02196,0.02195,0.02196,,,158664293.0,,158664293.0
2022-02-22,34,282831966.0,0,0,0.0,0.04476,0.04476,0.04476,,,252308341.0,,252308341.0
2022-02-23,34,273820442.0,0,0,0.0,0.04134,0.04134,0.04134,,,201768490.0,,201768490.0
2022-02-24,34,264801735.0,0,0,0.0,0.01689,0.01689,0.01689,,,176077205.0,,176077205.0
2022-02-25,34,268960327.0,0,0,0.0,0.02362,0.02362,0.02362,,,316593009.0,,316593009.0
2022-02-28,34,274054229.0,0,1,0.02941,0.00085,0.00085,0.00085,,,10153583.0,,10153583.0
2022-03-01,33,274286344.0,0,0,0.0,0.00763,0.00763,0.00763,,,95033955.0,,95033955.0
2022-03-02,33,276378520.0,0,0,0.0,0.0062,0.0062,0.0062,,,80934825.0,,80934825.0
2022-03-03,33,278093397.0,0,0,0.0,0.00214,0.00214,0.00214,,,41846637.0,,41846637.0
2022-03-04,33,277752378.0,0,0,0.0,0.00984,0.00984,0.00984,,,131477371.0,,131477371.0
2022-03-07,33,276320658.0,0,0,0.0,0.00567,0.00567,0.00567,,,61235328.0,,61235328.0
2022-03-08,33,274755290.0,0,0,0.0,0.01467,0.01467,0.01467,,,151024152.0,,151024152.0
2022-03-09,33,278787006.0,0,1,0.0303,0.02531,0.02531,0.02531,,,266898964.0,,266898964.0
2022-03-10,32,285842189.0,0,0,0.0,0.00651,0.00651,0.00651,,,74056785.0,,74056785.0
2022-03-11,32,283981421.0,0,0,0.0,0.01147,0.01147,0.01147,,,125104528.0,,125104528.0
2022-03-14,32,287237723.0,0,0,0.0,0.00432,0.00432,0.00432,,,44536137.0,,44536137.0
2022-03-15,32,285997163.0,0,0,0.0,0.00136,0.00136,0.00136,,,13091221.0,,13091221.0
2022-03-16,32,285609503.0,0,0,0.0,0.00896,0.00896,0.00896,,,89687102.0,,89687102.0
2022-03-17,32,288168059.0,0,0,0.0,0.03067,0.03067,0.03067,,,341488228.0,,341488228.0
2022-03-18,32,297006821.0,0,0,0.0,0.01279,0.01279,0.01279,,,154099567.0,,154099567.0
2022-03-21,32,300805840.0,0,0,0.0,0.00713,0.00713,0.00713,,,91131118.0,,91131118.0
2022-03-22,32,298660417.0,0,0,0.0,0.01781,0.01781,0.01781,,,217036737.0,,217036737.0
2022-03-23,32,293341488.0,0,0,0.0,0.0118,0.0118,0.0118,,,149085173.0,,149085173.0
2022-03-24,32,289879570.0,0,0,0.0,0.00619,0.00619,0.00619,,,75392842.0,,75392842.0
2022-03-25,32,288085573.0,0,0,0.0,0.01043,0.01043,0.01043,,,128517454.0,,128517454.0
2022-03-28,32,285082169.0,0,0,0.0,0.01522,0.01522,0.01522,,,308837140.0,,308837140.0
2022-03-29,32,282493641.0,0,0,0.0,0.00648,0.00648,0.00648,,,81086148.0,,81086148.0
2022-03-30,32,280743392.0,0,0,0.0,0.01122,0.01122,0.01122,,,199459015.0,,199459015.0
2022-03-31,32,282982331.0,0,0,0.0,0.00333,0.00333,0.00333,,,54129798.0,,54129798.0
2022-04-01,32,282957088.0,0,0,0.0,0.02857,0.02857,0.02857,,,215725103.0,,215725103.0
2022-04-04,32,285571429.0,0,0,0.0,0.00663,0.00663,0.00663,,,80095489.0,,80095489.0
2022-04-05,32,283684453.0,0,0,0.0,0.00795,0.00795,0.00795,,,83076799.0,,83076799.0
2022-04-06,32,285940830.0,0,0,0.0,0.00294,0.00294,0.00294,,,35057253.0,,35057253.0
2022-04-07,32,285440635.0,0,0,0.0,0.00941,0.00941,0.00941,,,106234146.0,,106234146.0
2022-04-08,32,282755859.0,0,0,0.0,0.00683,0.00683,0.00683,,,75288332.0,,75288332.0
2022-04-11,32,281131729.0,0,0,0.0,0.0115,0.0115,0.0115,,,123995005.0,,123995005.0
2022-04-12,32,277899125.0,0,0,0.0,0.0089,0.0089,0.0089,,,92197167.0,,92197167.0
2022-04-13,32,280372205.0,0,0,0.0,0.01308,0.01308,0.01308,,,137688960.0,,137688960.0
2022-04-14,32,284038746.0,0,0,0.0,0.01813,0.01813,0.01813,,,159143865.0,,159143865.0
2022-04-18,32,289188336.0,0,0,0.0,0.0039,0.0039,0.0039,,,28550150.0,,28550150.0
2022-04-19,32,289202936.0,0,0,0.0,0.00648,0.00648,0.00648,,,48004600.0,,48004600.0
2022-04-20,32,291076634.0,0,0,0.0,0.00438,0.00438,0.00438,,,47676045.0,,47676045.0
2022-04-21,32,292350261.0,0,0,0.0,0.00901,0.00901,0.00901,,,195645004.0,,195645004.0
2022-04-22,32,293559709.0,0,0,0.0,0.01477,0.01477,0.01477,,,221120366.0,,221120366.0
2022-04-25,32,291795757.0,0,0,0.0,0.0082,0.0082,0.0082,,,63062181.0,,63062181.0
2022-04-26,32,294187864.0,0,0,0.0,0.00562,0.00562,0.00562,,,48623907.0,,48623907.0
2022-04-27,32,295827492.0,0,0,0.0,0.0222,0.0222,0.0222,,,179517418.0,,179517418.0
2022-04-28,32,302394208.0,0,0,0.0,0.00054,0.00054,0.00054,,,4953440.0,,4953440.0
2022-04-29,32,302232280.0,0,0,0.0,0.00658,0.00658,0.00658,,,68864872.0,,68864872.0
2022-05-02,32,300888664.0,0,0,0.0,0.00916,0.00916,0.00916,,,80240506.0,,80240506.0
2022-05-03,32,303644500.0,0,0,0.0,0.00908,0.00908,0.00908,,,85136704.0,,85136704.0
2022-05-04,32,300888188.0,0,0,0.0,0.01482,0.01482,0.01482,,,137001173.0,,137001173.0
2022-05-05,32,305346928.0,0,0,0.0,0.03785,0.03785,0.03785,,,368024184.0,,368024184.0
2022-05-06,32,316903620.0,0,0,0.0,0.0119,0.0119,0.0119,,,122652230.0,,122652230.0
2022-05-09,32,320579131.0,0,0,0.0,0.02636,0.02636,0.02636,,,237195157.0,,237195157.0
2022-05-10,32,312129443.0,0,0,0.0,0.00565,0.00565,0.00565,,,49100465.0,,49100465.0
2022-05-11,32,313827588.0,0,0,0.0,0.0301,0.0301,0.0301,,,238374915.0,,238374915.0
2022-05-12,32,323274167.0,0,0,0.0,0.00649,0.00649,0.00649,,,68441222.0,,68441222.0
2022-05-13,32,321852776.0,0,0,0.0,0.00857,0.00857,0.00857,,,91491771.0,,91491771.0
2022-05-16,32,323751105.0,0,0,0.0,0.02812,0.02812,0.02812,,,243665019.0,,243665019.0
2022-05-17,32,332855585.0,0,0,0.0,0.00335,0.00335,0.00335,,,26519349.0,,26519349.0
2022-05-18,32,331740724.0,0,0,0.0,0.01244,0.01244,0.01244,,,50028613.0,,50028613.0
2022-05-19,32,333513761.0,0,0,0.0,0.02742,0.02742,0.02742,,,202295621.0,,202295621.0
2022-05-20,32,329245371.0,0,0,0.0,0.00093,0.00093,0.00093,,,10510655.0,,10510655.0
2022-05-23,32,328939039.0,0,0,0.0,0.006,0.006,0.006,,,12763944.0,,12763944.0
2022-05-24,32,330359026.0,0,0,0.0,0.00526,0.00526,0.00526,,,74252882.0,,74252882.0
2022-05-25,32,331382903.0,0,0,0.0,0.01894,0.01894,0.01894,,,134624762.0,,134624762.0
2022-05-26,32,325521815.0,0,0,0.0,0.00694,0.00694,0.00694,,,62862460.0,,62862460.0
2022-05-27,32,327213216.0,1,0,0.03125,0.00703,0.00645,0.00703,,,95801101.0,,95801101.0
2022-05-31,33,329286885.0,0,0,0.0,0.01119,0.01119,0.01119,,,153839866.0,,153839866.0
2022-06-01,33,332442946.0,0,0,0.0,0.00506,0.00506,0.00506,,,43898105.0,,43898105.0
2022-06-02,33,330813868.0,0,0,0.0,0.01323,0.01323,0.01323,,,111201399.0,,111201399.0
2022-06-03,33,326530997.0,0,0,0.0,0.00322,0.00322,0.00322,,,30223542.0,,30223542.0
2022-06-06,33,327498933.0,0,0,0.0,0.00891,0.00891,0.00891,,,75921151.0,,75921151.0
2022-06-07,33,324680838.0,0,0,0.0,0.00501,0.00501,0.00501,,,48224003.0,,48224003.0
2022-06-08,33,323982436.0,0,0,0.0,0.00711,0.00711,0.00711,,,70997738.0,,70997738.0
2022-06-09,33,325955979.0,0,1,0.0303,0.00275,0.00275,0.00275,,,27770484.0,,27770484.0
2022-06-10,32,326537483.0,0,0,0.0,0.00291,0.00291,0.00291,,,23858090.0,,23858090.0
2022-06-13,32,327486506.0,0,0,0.0,0.01916,0.01916,0.01916,,,138472420.0,,138472420.0
2022-06-14,32,321211800.0,0,0,0.0,0.01003,0.01003,0.01003,,,73798574.0,,73798574.0
2022-06-15,32,318176019.0,0,0,0.0,0.01222,0.01222,0.01222,,,84226514.0,,84226514.0
2022-06-16,32,321743800.0,0,0,0.0,0.01654,0.01654,0.01654,,,122715719.0,,122715719.0
2022-06-17,32,326903407.0,0,0,0.0,0.00731,0.00731,0.00731,,,53287035.0,,53287035.0
2022-06-21,32,329294132.0,0,0,0.0,0.00096,0.00096,0.00096,,,6675362.0,,6675362.0
2022-06-22,32,329471366.0,0,0,0.0,0.01892,0.01892,0.01892,,,151280442.0,,151280442.0
2022-06-23,32,335705066.0,0,0,0.0,0.0104,0.0104,0.0104,,,85973070.0,,85973070.0
2022-06-28,32,339196022.0,0,0,0.0,0.00123,0.00123,0.00123,,,11181276.0,,11181276.0
2022-06-29,32,338780499.0,0,0,0.0,0.01816,0.01816,0.01816,,,155851922.0,,155851922.0
2022-06-30,32,332629915.0,0,0,0.0,0.01006,0.01006,0.01006,,,68563947.0,,68563947.0
2022-07-01,32,331526117.0,0,0,0.0,0.00941,0.00941,0.00941,,,59503108.0,,59503108.0
2022-07-05,32,330647557.0,0,0,0.0,0.00049,0.00049,0.00049,,,3924043.0,,3924043.0
2022-07-06,32,330801603.0,0,0,0.0,0.03917,0.03917,0.03917,,,350317622.0,,350317622.0
2022-07-07,32,340992719.0,0,0,0.0,0.01562,0.01562,0.01562,,,157396540.0,,157396540.0
2022-07-08,32,346318017.0,0,0,0.0,0.00699,0.00699,0.00699,,,62974236.0,,62974236.0
2022-07-11,32,343897542.0,0,0,0.0,0.00591,0.00591,0.00591,,,55537675.0,,55537675.0
2022-07-12,32,341968277.0,0,0,0.0,0.00505,0.00505,0.00505,,,30824315.0,,30824315.0
2022-07-13,32,343160599.0,0,0,0.0,0.00843,0.00843,0.00843,,,60221460.0,,60221460.0
2022-07-14,32,342422154.0,0,0,0.0,0.01934,0.01934,0.01934,,,246750527.0,,246750527.0
2022-07-15,32,341166030.0,0,0,0.0,0.00513,0.00513,0.00513,,,38704593.0,,38704593.0
2022-07-18,32,342478410.0,0,0,0.0,0.00381,0.00381,0.00381,,,36427927.0,,36427927.0
2022-07-19,32,343544008.0,0,0,0.0,0.00817,0.00817,0.00817,,,51305353.0,,51305353.0
2022-07-20,32,346352063.0,0,0,0.0,0.00367,0.00367,0.00367,,,35881518.0,,35881518.0
2022-07-21,32,345082614.0,0,0,0.0,0.00618,0.00618,0.00618,,,68594338.0,,68594338.0
2022-07-22,32,346668451.0,0,0,0.0,0.00936,0.00936,0.00936,,,98891500.0,,98891500.0
2022-07-25,32,349564168.0,0,0,0.0,0.00782,0.00782,0.00782,,,73403949.0,,73403949.0
2022-07-26,32,347132214.0,0,0,0.0,0.00782,0.00782,0.00782,,,60367917.0,,60367917.0
2022-07-27,32,346434435.0,0,0,0.0,0.01625,0.01625,0.01625,,,155642942.0,,155642942.0
2022-07-28,32,348785525.0,0,0,0.0,0.00643,0.00643,0.00643,,,63116347.0,,63116347.0
2022-07-29,32,350836307.0,0,0,0.0,0.00135,0.00135,0.00135,,,17140268.0,,17140268.0
2022-08-01,32,351033372.0,0,0,0.0,0.00249,0.00249,0.00249,,,63284695.0,,63284695.0
2022-08-02,32,350886206.0,0,0,0.0,0.00636,0.00636,0.00636,,,60621723.0,,60621723.0
2022-08-03,32,348652907.0,0,0,0.0,0.00326,0.00326,0.00326,,,31283441.0,,31283441.0
2022-08-04,32,347541564.0,0,0,0.0,0.00207,0.00207,0.00207,,,23467455.0,,23467455.0
2022-08-05,32,347441942.0,0,0,0.0,0.00952,0.00952,0.00952,,,102663110.0,,102663110.0
2022-08-08,32,344133501.0,0,0,0.0,0.01222,0.01222,0.01222,,,142268964.0,,142268964.0
2022-08-09,32,340782960.0,0,0,0.0,0.01439,0.01439,0.01439,,,177883970.0,,177883970.0
2022-08-10,32,337937257.0,0,0,0.0,0.0107,0.0107,0.0107,,,100999744.0,,100999744.0
2022-08-11,32,334319785.0,0,0,0.0,0.00764,0.00764,0.00764,,,80079266.0,,80079266.0
2022-08-12,32,334296498.0,0,0,0.0,0.01954,0.01954,0.01954,,,209840601.0,,209840601.0
2022-08-15,32,328518021.0,0,0,0.0,0.00489,0.00489,0.00489,,,64640223.0,,64640223.0
2022-08-16,32,328179446.0,0,0,0.0,0.00687,0.00687,0.00687,,,72431072.0,,72431072.0
2022-08-17,32,325925116.0,0,0,0.0,0.00951,0.00951,0.00951,,,99376653.0,,99376653.0
2022-08-18,32,322824943.0,0,0,0.0,0.01038,0.01038,0.01038,,,83284496.0,,83284496.0
2022-08-19,32,321193787.0,0,0,0.0,0.01277,0.01277,0.01277,,,151326390.0,,151326390.0
2022-08-22,32,317839352.0,0,0,0.0,0.01047,0.01047,0.01047,,,107485265.0,,107485265.0
2022-08-23,32,314532853.0,0,0,0.0,0.01403,0.01403,0.01403,,,56274702.0,,56274702.0
2022-08-24,32,316068687.0,0,0,0.0,0.02815,0.02815,0.02815,,,295642961.0,,295642961.0
2022-08-25,32,323545095.0,0,0,0.0,0.00775,0.00775,0.00775,,,64395128.0,,64395128.0
2022-08-26,32,325935628.0,0,0,0.0,0.00823,0.00823,0.00823,,,70894621.0,,70894621.0
2022-08-29,32,328300715.0,0,0,0.0,0.00733,0.00733,0.00733,,,42866229.0,,42866229.0
2022-08-30,32,328182173.0,0,0,0.0,0.01212,0.01212,0.01212,,,104173095.0,,104173095.0
2022-08-31,32,324203102.0,0,0,0.0,0.00276,0.00276,0.00276,,,23685537.0,,23685537.0
2022-09-01,32,323916201.0,0,0,0.0,0.00501,0.00501,0.00501,,,40666530.0,,40666530.0
2022-09-02,32,325120214.0,0,0,0.0,0.01026,0.01026,0.01026,,,94661827.0,,94661827.0
2022-09-06,32,327558557.0,0,0,0.0,0.00624,0.00624,0.00624,,,50704571.0,,50704571.0
2022-09-07,32,326288429.0,0,0,0.0,0.00806,0.00806,0.00806,,,72958722.0,,72958722.0
2022-09-08,32,324067825.0,0,0,0.0,0.02295,0.02295,0.02295,,,170518647.0,,170518647.0
2022-09-09,32,328863631.0,0,0,0.0,0.01401,0.01401,0.01401,,,112510280.0,,112510280.0
2022-09-12,32,331892109.0,0,0,0.0,0.01016,0.01016,0.01016,,,86305172.0,,86305172.0
2022-09-13,32,335265736.0,0,0,0.0,0.00539,0.00539,0.00539,,,68369697.0,,68369697.0
2022-09-14,32,336029136.0,0,0,0.0,0.01956,0.01956,0.01956,,,171957077.0,,171957077.0
2022-09-15,32,329754356.0,0,0,0.0,0.01542,0.01542,0.01542,,,139894688.0,,139894688.0
2022-09-16,32,324713502.0,0,0,0.0,0.00298,0.00298,0.00298,,,22703866.0,,22703866.0
2022-09-19,32,323746887.0,0,0,0.0,0.00988,0.00988,0.00988,,,62134145.0,,62134145.0
2022-09-20,32,325184565.0,1,0,0.03125,0.00559,0.00528,0.00559,,,39520177.0,,39520177.0
2022-09-21,33,326207759.0,0,0,0.0,0.02825,0.02825,0.02825,,,217888741.0,,217888741.0
2022-09-22,33,334132687.0,0,0,0.0,0.00256,0.00256,0.00256,,,23517676.0,,23517676.0
2022-09-23,33,333533781.0,0,0,0.0,0.00568,0.00568,0.00568,,,51896393.0,,51896393.0
2022-09-26,33,331765270.0,0,0,0.0,0.00377,0.00377,0.00377,,,32320250.0,,32320250.0
2022-09-27,33,332907305.0,0,0,0.0,0.01312,0.01312,0.01312,,,75537165.0,,75537165.0
2022-09-28,33,337152688.0,0,0,0.0,0.00467,0.00467,0.00467,,,32710484.0,,32710484.0
2022-09-29,33,338717276.0,0,0,0.0,0.02709,0.02709,0.02709,,,212534965.0,,212534965.0
2022-09-30,33,347787169.0,0,0,0.0,0.0028,0.0028,0.0028,,,15392716.0,,15392716.0
2022-10-03,33,348701429.0,0,1,0.0303,0.00857,0.00857,0.00857,,,62837544.0,,62837544.0
2022-10-04,32,351358972.0,0,0,0.0,0.00627,0.00627,0.00627,,,92523607.0,,92523607.0
2022-10-05,32,352364433.0,0,0,0.0,0.00753,0.00753,0.00753,,,60671655.0,,60671655.0
2022-10-06,32,354888762.0,0,0,0.0,0.01207,0.01207,0.01207,,,101378775.0,,101378775.0
2022-10-07,32,350604376.0,0,0,0.0,0.01133,0.01133,0.01133,,,104302993.0,,104302993.0
2022-10-10,32,346633165.0,0,0,0.0,0.01159,0.01159,0.01159,,,102501070.0,,102501070.0
2022-10-11,32,343132744.0,0,0,0.0,0.00204,0.00204,0.00204,,,17467634.0,,17467634.0
2022-10-12,32,342463146.0,0,0,0.0,0.00676,0.00676,0.00676,,,46446099.0,,46446099.0
2022-10-13,32,340146872.0,0,0,0.0,0.00964,0.00964,0.00964,,,70423234.0,,70423234.0
2022-10-14,32,343339842.0,0,0,0.0,0.00911,0.00911,0.00911,,,67240539.0,,67240539.0
2022-10-17,32,346386845.0,0,0,0.0,0.0026,0.0026,0.0026,,,16747199.0,,16747199.0
2022-10-18,32,347063873.0,0,0,0.0,0.00337,0.00337,0.00337,,,23966359.0,,23966359.0
2022-10-19,32,345894845.0,0,0,0.0,0.00056,0.00056,0.00056,,,3800645.0,,3800645.0
2022-10-20,32,345701960.0,0,0,0.0,0.00043,0.00043,0.00043,,,2434007.0,,2434007.0
2022-10-21,32,345710721.0,0,0,0.0,0.00404,0.00404,0.00404,,,41997624.0,,41997624.0
2022-10-24,32,344428132.0,0,0,0.0,0.00938,0.00938,0.00938,,,64051532.0,,64051532.0
2022-10-25,32,341198039.0,0,0,0.0,0.00105,0.00105,0.00105,,,6112844.0,,6112844.0
2022-10-26,32,341308207.0,0,0,0.0,0.01111,0.01111,0.01111,,,80038313.0,,80038313.0
2022-10-27,32,344121829.0,0,0,0.0,0.01112,0.01112,0.01112,,,71076546.0,,71076546.0
2022-10-28,32,346204108.0,0,0,0.0,0.00108,0.00108,0.00108,,,791992.0,,791992.0
2022-10-31,32,345830592.0,0,0,0.0,0.00342,0.00342,0.00342,,,28088805.0,,28088805.0
2022-11-01,32,346885485.0,0,0,0.0,0.00921,0.00921,0.00921,,,21898952.0,,21898952.0
2022-11-02,32,343871656.0,0,0,0.0,0.00624,0.00624,0.00624,,,30764723.0,,30764723.0
2022-11-03,32,342663186.0,0,0,0.0,0.01169,0.01169,0.01169,,,61567860.0,,61567860.0
2022-11-04,32,338852509.0,0,0,0.0,0.01526,0.01526,0.01526,,,88828282.0,,88828282.0
2022-11-07,32,333683219.0,0,0,0.0,0.01468,0.01468,0.01468,,,92131219.0,,92131219.0
2022-11-08,32,332680223.0,0,0,0.0,0.00345,0.00345,0.00345,,,11036890.0,,11036890.0
2022-11-09,32,332290625.0,0,0,0.0,0.01683,0.01683,0.01683,,,101589879.0,,101589879.0
2022-11-10,32,334180171.0,0,1,0.03125,0.01204,0.01204,0.01204,,,134543537.0,,134543537.0
2022-11-11,31,337227249.0,0,0,0.0,0.01841,0.01841,0.01841,,,121474729.0,,121474729.0
2022-11-14,31,341506554.0,0,0,0.0,0.02573,0.02573,0.02573,,,207624077.0,,207624077.0
2022-11-15,31,349714900.0,0,0,0.0,0.00782,0.00782,0.00782,,,62626686.0,,62626686.0
2022-11-16,31,352311079.0,0,0,0.0,0.00887,0.00887,0.00887,,,74516603.0,,74516603.0
2022-11-17,31,355435616.0,0,0,0.0,0.00116,0.00116,0.00116,,,13465607.0,,13465607.0
2022-11-18,31,355342469.0,0,0,0.0,0.00873,0.00873,0.00873,,,66905702.0,,66905702.0
2022-11-21,31,354327976.0,0,0,0.0,0.01095,0.01095,0.01095,,,121979173.0,,121979173.0
2022-11-22,31,350903477.0,0,0,0.0,0.01529,0.01529,0.01529,,,67918327.0,,67918327.0
2022-11-23,31,352098253.0,0,0,0.0,9e-05,9e-05,9e-05,,,497217.0,,497217.0
2022-11-25,31,352067731.0,0,0,0.0,0.001,0.001,0.001,,,7202599.0,,7202599.0
2022-11-28,31,352354867.0,0,0,0.0,0.00345,0.00345,0.00345,,,25343729.0,,25343729.0
2022-11-29,31,351137609.0,0,0,0.0,0.00294,0.00294,0.00294,,,21010428.0,,21010428.0
2022-11-30,31,350104687.0,0,0,0.0,0.02057,0.02057,0.02057,,,146114379.0,,146114379.0
2022-12-01,31,342904627.0,0,0,0.0,0.00933,0.00933,0.00933,,,72671902.0,,72671902.0
2022-12-02,31,345194627.0,0,0,0.0,0.01294,0.01294,0.01294,,,97022907.0,,97022907.0
2022-12-05,31,349316958.0,0,0,0.0,0.00649,0.00649,0.00649,,,49932277.0,,49932277.0
2022-12-06,31,347050346.0,0,0,0.0,0.01049,0.01049,0.01049,,,76390144.0,,76390144.0
2022-12-07,31,343641583.0,0,0,0.0,0.00988,0.00988,0.00988,,,68859949.0,,68859949.0
2022-12-08,31,340732146.0,0,0,0.0,0.00162,0.00162,0.00162,,,10687380.0,,10687380.0
2022-12-09,31,340341524.0,0,1,0.03226,0.00107,0.00107,0.00107,,,7364587.0,,7364587.0
2022-12-12,30,340651184.0,0,0,0.0,0.00508,0.00508,0.00508,,,35520556.0,,35520556.0
2022-12-13,30,342050556.0,0,0,0.0,0.00063,0.00063,0.00063,,,4540878.0,,4540878.0
2022-12-14,30,341925719.0,0,0,0.0,0.02117,0.02117,0.02117,,,149956492.0,,149956492.0
2022-12-15,30,349164844.0,0,0,0.0,0.00299,0.00299,0.00299,,,35233078.0,,35233078.0
2022-12-16,30,348568296.0,0,0,0.0,0.00821,0.00821,0.00821,,,57046583.0,,57046583.0
2022-12-19,30,345758116.0,0,0,0.0,0.01888,0.01888,0.01888,,,125499723.0,,125499723.0
2022-12-20,30,339231301.0,0,0,0.0,0.00152,0.00152,0.00152,,,15422188.0,,15422188.0
2022-12-21,30,339083646.0,0,0,0.0,0.00461,0.00461,0.00461,,,29280851.0,,29280851.0
2022-12-22,30,337530050.0,0,0,0.0,0.00219,0.00219,0.00219,,,14733115.0,,14733115.0
2022-12-23,30,337996505.0,0,0,0.0,0.00852,0.00852,0.00852,,,53705247.0,,53705247.0
2022-12-27,30,335116956.0,0,0,0.0,0.00278,0.00278,0.00278,,,17244858.0,,17244858.0
2022-12-28,30,334211404.0,0,0,0.0,0.01048,0.01048,0.01048,,,56736495.0,,56736495.0
2022-12-29,30,330708439.0,0,0,0.0,0.00331,0.00331,0.00331,,,19651636.0,,19651636.0
2022-12-30,30,331479372.0,0,0,0.0,0.02295,0.02295,0.02295,,,68034325.0,,68034325.0
2023-01-03,30,330169277.0,0,0,0.0,0.01101,0.01101,0.01101,,,70299306.0,,70299306.0
2023-01-04,30,326949666.0,0,0,0.0,0.00436,0.00436,0.00436,,,29100628.0,,29100628.0
2023-01-05,30,325810311.0,0,0,0.0,0.00851,0.00851,0.00851,,,45791587.0,,45791587.0
2023-01-06,30,323036226.0,0,0,0.0,0.00603,0.00603,0.00603,,,35657753.0,,35657753.0
2023-01-09,30,321087528.0,0,0,0.0,0.00027,0.00027,0.00027,,,7665749.0,,7665749.0
2023-01-10,30,321050070.0,0,0,0.0,0.00699,0.00699,0.00699,,,43820854.0,,43820854.0
2023-01-11,30,323043942.0,0,2,0.06667,0.00294,0.00294,0.00294,,,36220026.0,,36220026.0
2023-01-12,28,322296712.0,0,0,0.0,0.00441,0.00441,0.00441,,,32114961.0,,32114961.0
2023-01-13,28,322678632.0,0,0,0.0,0.00218,0.00218,0.00218,,,15515144.0,,15515144.0
2023-01-17,28,322055853.0,0,0,0.0,0.02127,0.02127,0.02127,,,159511506.0,,159511506.0
2023-01-18,28,315397750.0,0,0,0.0,0.01782,0.01782,0.01782,,,122405864.0,,122405864.0
2023-01-19,28,320600429.0,0,0,0.0,0.00835,0.00835,0.00835,,,53439079.0,,53439079.0
2023-01-20,28,317923963.0,0,0,0.0,0.01087,0.01087,0.01087,,,71337360.0,,71337360.0
2023-01-23,28,321380673.0,0,0,0.0,0.02361,0.02361,0.02361,,,164229961.0,,164229961.0
2023-01-24,28,328969023.0,0,0,0.0,0.0096,0.0096,0.0096,,,74403234.0,,74403234.0
2023-01-25,28,325809443.0,0,0,0.0,0.00123,0.00123,0.00123,,,11645501.0,,11645501.0
2023-01-26,28,325408557.0,0,0,0.0,0.0102,0.0102,0.0102,,,80507521.0,,80507521.0
2023-01-27,28,324506001.0,0,0,0.0,0.00296,0.00296,0.00296,,,23713250.0,,23713250.0
2023-01-30,28,323954954.0,0,0,0.0,0.0058,0.0058,0.0058,,,45771405.0,,45771405.0
2023-01-31,28,325363077.0,0,0,0.0,0.00246,0.00246,0.00246,,,18883218.0,,18883218.0
2023-02-01,28,325000901.0,0,0,0.0,0.00208,0.00208,0.00208,,,15930981.0,,15930981.0
2023-02-02,28,324324637.0,0,0,0.0,0.00035,0.00035,0.00035,,,2389459.0,,2389459.0
2023-02-03,28,324380276.0,0,0,0.0,0.00632,0.00632,0.00632,,,53383548.0,,53383548.0
2023-02-06,28,326386604.0,0,0,0.0,0.01424,0.01424,0.01424,,,117474785.0,,117474785.0
2023-02-07,28,321737949.0,0,0,0.0,0.01314,0.01314,0.01314,,,104962302.0,,104962302.0
2023-02-08,28,317606894.0,0,0,0.0,0.00974,0.00974,0.00974,,,77566204.0,,77566204.0
2023-02-09,28,314514330.0,0,0,0.0,0.00726,0.00726,0.00726,,,56284085.0,,56284085.0
2023-02-10,28,316797369.0,0,0,0.0,0.00694,0.00694,0.00694,,,52598724.0,,52598724.0
2023-02-13,28,318996319.0,0,0,0.0,0.01271,0.01271,0.01271,,,97015439.0,,97015439.0
2023-02-14,28,315074434.0,0,0,0.0,0.01609,0.01609,0.01609,,,117848575.0,,117848575.0
2023-02-15,28,320137773.0,0,0,0.0,0.00109,0.00109,0.00109,,,8834755.0,,8834755.0
2023-02-16,28,320470025.0,0,0,0.0,0.0008,0.0008,0.0008,,,6501878.0,,6501878.0
2023-02-17,28,320213057.0,0,0,0.0,0.00768,0.00768,0.00768,,,78396828.0,,78396828.0
2023-02-21,28,318884312.0,0,0,0.0,0.01782,0.01782,0.01782,,,149948848.0,,149948848.0
2023-02-22,28,313203015.0,0,0,0.0,0.01679,0.01679,0.01679,,,122525606.0,,122525606.0
2023-02-23,28,307943826.0,0,0,0.0,0.01857,0.01857,0.01857,,,139865566.0,,139865566.0
2023-02-24,28,313626653.0,0,0,0.0,0.01931,0.01931,0.01931,,,141999848.0,,141999848.0
2023-02-27,28,319684061.0,0,0,0.0,0.01101,0.01101,0.01101,,,81013491.0,,81013491.0
2023-02-28,28,316289994.0,0,0,0.0,0.00937,0.00937,0.00937,,,67909994.0,,67909994.0
2023-03-01,28,319252236.0,0,0,0.0,0.02201,0.02201,0.02201,,,164172143.0,,164172143.0
2023-03-02,28,326279054.0,0,0,0.0,0.01521,0.01521,0.01521,,,121321230.0,,121321230.0
2023-03-03,28,321537453.0,0,0,0.0,0.00953,0.00953,0.00953,,,49101539.0,,49101539.0
2023-03-07,28,321714822.0,0,1,0.03571,0.01291,0.0129,0.01291,,,24971039.0,,24971039.0
2023-03-08,27,325752935.0,0,0,0.0,0.01511,0.01511,0.01511,,,48368996.0,,48368996.0
2023-03-09,27,328037168.0,0,0,0.0,0.00698,0.00698,0.00698,,,53984059.0,,53984059.0
2023-03-10,27,327608515.0,0,0,0.0,0.01038,0.01038,0.01038,,,92141026.0,,92141026.0
2023-03-13,27,326853023.0,0,0,0.0,0.00229,0.00229,0.00229,,,19172454.0,,19172454.0
2023-03-14,27,326609742.0,0,0,0.0,0.05776,0.05776,0.05776,,,392958968.0,,392958968.0
2023-03-15,27,345475596.0,0,0,0.0,0.0069,0.0069,0.0069,,,67070619.0,,67070619.0
2023-03-16,27,343440148.0,0,0,0.0,0.01611,0.01611,0.01611,,,134886887.0,,134886887.0
2023-03-17,27,348222258.0,0,0,0.0,0.00584,0.00584,0.00584,,,44902062.0,,44902062.0
2023-03-20,27,350214909.0,0,0,0.0,0.02591,0.02591,0.02591,,,198311563.0,,198311563.0
2023-03-21,27,341141079.0,0,0,0.0,0.0114,0.0114,0.0114,,,85848417.0,,85848417.0
2023-03-22,27,337667550.0,0,0,0.0,0.00223,0.00223,0.00223,,,17616822.0,,17616822.0
2023-03-23,27,338281306.0,0,0,0.0,0.00749,0.00749,0.00749,,,58354403.0,,58354403.0
2023-03-24,27,340816225.0,0,0,0.0,0.01222,0.01222,0.01222,,,117557681.0,,117557681.0
2023-03-27,27,337369571.0,0,0,0.0,0.00635,0.00635,0.00635,,,75921576.0,,75921576.0
2023-03-28,27,339302409.0,0,0,0.0,0.00348,0.00348,0.00348,,,26340460.0,,26340460.0
2023-03-29,27,340447953.0,0,0,0.0,0.00946,0.00946,0.00946,,,66443293.0,,66443293.0
2023-03-30,27,337413074.0,0,0,0.0,0.0122,0.0122,0.0122,,,89932702.0,,89932702.0
2023-03-31,27,341519566.0,0,0,0.0,0.00146,0.00146,0.00146,,,13023533.0,,13023533.0
2023-04-03,27,342017217.0,0,0,0.0,0.02177,0.02177,0.02177,,,170090325.0,,170090325.0
2023-04-04,27,349461383.0,0,0,0.0,0.01443,0.01443,0.01443,,,112708256.0,,112708256.0
2023-04-05,27,344419619.0,0,0,0.0,0.00925,0.00925,0.00925,,,70868474.0,,70868474.0
2023-04-06,27,341235275.0,0,0,0.0,0.00709,0.00709,0.00709,,,57622179.0,,57622179.0
2023-04-10,27,339205034.0,0,0,0.0,0.00239,0.00239,0.00239,,,24799102.0,,24799102.0
2023-04-11,27,339632418.0,0,0,0.0,0.00461,0.00461,0.00461,,,34360664.0,,34360664.0
2023-04-12,27,338403884.0,0,0,0.0,0.00414,0.00414,0.00414,,,29645939.0,,29645939.0
2023-04-13,27,339803567.0,0,0,0.0,0.00573,0.00573,0.00573,,,25995041.0,,25995041.0
2023-04-14,27,340306947.0,0,0,0.0,0.0019,0.0019,0.0019,,,11349596.0,,11349596.0
2023-04-17,27,340884396.0,0,0,0.0,0.01441,0.01441,0.01441,,,90410783.0,,90410783.0
2023-04-18,27,345795377.0,0,0,0.0,0.00561,0.00561,0.00561,,,43816421.0,,43816421.0
2023-04-19,27,347502040.0,0,0,0.0,0.00238,0.00238,0.00238,,,17442226.0,,17442226.0
2023-04-20,27,348082493.0,0,0,0.0,0.00323,0.00323,0.00323,,,31425190.0,,31425190.0
2023-04-21,27,347529967.0,0,0,0.0,0.00772,0.00772,0.00772,,,100800174.0,,100800174.0
2023-04-24,27,345252674.0,0,0,0.0,0.02179,0.02179,0.02179,,,166403757.0,,166403757.0
2023-04-25,27,337728137.0,0,0,0.0,0.00913,0.00913,0.00913,,,64744448.0,,64744448.0
2023-04-26,27,338102562.0,0,0,0.0,0.01103,0.01103,0.01103,,,12235108.0,,12235108.0
2023-04-27,27,341788335.0,0,0,0.0,0.00853,0.00853,0.00853,,,83313421.0,,83313421.0
2023-04-28,27,339246688.0,0,0,0.0,0.0039,0.0039,0.0039,,,44566411.0,,44566411.0
2023-05-01,27,339772970.0,0,0,0.0,0.00128,0.00128,0.00128,,,14449837.0,,14449837.0
2023-05-02,27,339591726.0,0,0,0.0,0.00176,0.00176,0.00176,,,17199120.0,,17199120.0
2023-05-03,27,339424594.0,0,0,0.0,0.00776,0.00776,0.00776,,,41910444.0,,41910444.0
2023-05-04,27,338158927.0,0,0,0.0,0.00279,0.00279,0.00279,,,17251319.0,,17251319.0
2023-05-05,27,338955699.0,0,0,0.0,0.00197,0.00197,0.00197,,,13751546.0,,13751546.0
2023-05-08,27,339514746.0,0,0,0.0,0.00742,0.00742,0.00742,,,83786540.0,,83786540.0
2023-05-09,27,341156839.0,0,0,0.0,0.00569,0.00569,0.00569,,,41217467.0,,41217467.0
2023-05-10,27,343098177.0,0,0,0.0,0.00106,0.00106,0.00106,,,7640786.0,,7640786.0
2023-05-11,27,343462597.0,1,0,0.03704,0.01451,0.00357,0.01451,,,103419644.0,,103419644.0
2023-05-12,28,346949328.0,0,0,0.0,0.01174,0.01174,0.01174,,,25214153.0,,25214153.0
2023-05-15,28,350952566.0,0,0,0.0,0.00134,0.00134,0.00134,,,9430888.0,,9430888.0
2023-05-16,28,351423551.0,0,0,0.0,0.00106,0.00106,0.00106,,,7712110.0,,7712110.0
2023-05-17,28,351795055.0,0,0,0.0,0.00689,0.00689,0.00689,,,66795760.0,,66795760.0
2023-05-18,28,349734932.0,0,0,0.0,0.00774,0.00774,0.00774,,,53997290.0,,53997290.0
2023-05-19,28,352298305.0,0,0,0.0,0.00279,0.00279,0.00279,,,26108344.0,,26108344.0
2023-05-22,28,353016809.0,0,0,0.0,0.0,0.0,0.0,,,0.0,,0.0
2023-05-23,28,353016809.0,0,0,0.0,0.01441,0.01441,0.01441,,,108218164.0,,108218164.0
2023-05-24,28,358103953.0,0,0,0.0,0.00168,0.00168,0.00168,,,28694416.0,,28694416.0
2023-05-25,28,357952295.0,0,0,0.0,0.00402,0.00402,0.00402,,,32899960.0,,32899960.0
2023-05-26,28,356513472.0,0,0,0.0,0.01294,0.01294,0.01294,,,94386579.0,,94386579.0
2023-05-30,28,358841447.0,0,0,0.0,0.01583,0.01583,0.01583,,,118663606.0,,118663606.0
2023-05-31,28,353160456.0,0,0,0.0,0.01699,0.01699,0.01699,,,127389384.0,,127389384.0
2023-06-01,28,359160712.0,0,0,0.0,0.00653,0.00653,0.00653,,,50611811.0,,50611811.0
2023-06-02,28,356816812.0,0,0,0.0,0.0021,0.0021,0.0021,,,16448766.0,,16448766.0
2023-06-05,28,356066756.0,0,0,0.0,0.00656,0.00656,0.00656,,,71243426.0,,71243426.0
2023-06-06,28,354491338.0,0,0,0.0,0.00191,0.00191,0.00191,,,12821910.0,,12821910.0
2023-06-07,28,355106778.0,0,0,0.0,0.00381,0.00381,0.00381,,,49393365.0,,49393365.0
2023-06-08,28,354389210.0,0,0,0.0,0.00897,0.00897,0.00897,,,87714131.0,,87714131.0
2023-06-09,28,351448044.0,0,0,0.0,0.00027,0.00027,0.00027,,,5418275.0,,5418275.0
2023-06-12,28,351541838.0,0,0,0.0,0.00321,0.00321,0.00321,,,27585237.0,,27585237.0
2023-06-13,28,352416766.0,2,0,0.07143,0.01344,0.01293,0.01344,,,222118526.0,,222118526.0
2023-06-14,30,348037680.0,0,0,0.0,0.00456,0.00456,0.00456,,,60974529.0,,60974529.0
2023-06-15,30,349624659.0,0,0,0.0,0.00531,0.00531,0.00531,,,49298723.0,,49298723.0
2023-06-16,30,347907969.0,0,0,0.0,0.00096,0.00096,0.00096,,,8729656.0,,8729656.0
2023-06-20,30,348206290.0,0,0,0.0,0.00711,0.00711,0.00711,,,74235675.0,,74235675.0
2023-06-21,30,347017766.0,0,0,0.0,0.0116,0.0116,0.0116,,,104611097.0,,104611097.0
2023-06-22,30,343351696.0,0,0,0.0,0.00277,0.00277,0.00277,,,23257956.0,,23257956.0
2023-06-23,30,342673311.0,0,0,0.0,0.00499,0.00499,0.00499,,,36441990.0,,36441990.0
2023-06-26,30,341882345.0,0,0,0.0,0.01011,0.01011,0.01011,,,75233495.0,,75233495.0
2023-06-27,30,339846183.0,0,0,0.0,0.00023,0.00023,0.00023,,,1391727.0,,1391727.0
2023-06-28,30,339923074.0,0,0,0.0,0.0011,0.0011,0.0011,,,10343426.0,,10343426.0
2023-06-29,30,340191004.0,0,0,0.0,0.00836,0.00836,0.00836,,,66266002.0,,66266002.0
2023-06-30,30,343035684.0,0,0,0.0,0.0007,0.0007,0.0007,,,5362322.0,,5362322.0
2023-07-03,30,342900683.0,0,0,0.0,0.00703,0.00703,0.00703,,,73229789.0,,73229789.0
2023-07-05,30,340907815.0,0,0,0.0,0.00276,0.00276,0.00276,,,24753247.0,,24753247.0
2023-07-06,30,341813133.0,0,0,0.0,0.00452,0.00452,0.00452,,,36875339.0,,36875339.0
2023-07-07,30,343359437.0,0,0,0.0,0.00719,0.00719,0.00719,,,56069636.0,,56069636.0
2023-07-10,30,341012257.0,0,0,0.0,0.00119,0.00119,0.00119,,,9229071.0,,9229071.0
2023-07-11,30,340668172.0,0,0,0.0,9e-05,9e-05,9e-05,,,665026.0,,665026.0
2023-07-12,30,340697624.0,0,0,0.0,0.02584,0.02584,0.02584,,,178729318.0,,178729318.0
2023-07-13,30,349499910.0,0,0,0.0,0.01286,0.01286,0.01286,,,104936800.0,,104936800.0
2023-07-14,30,353994185.0,0,0,0.0,0.00323,0.00323,0.00323,,,29745948.0,,29745948.0
2023-07-17,30,355138373.0,0,0,0.0,0.00759,0.00759,0.00759,,,135171693.0,,135171693.0
2023-07-18,30,353316713.0,0,0,0.0,0.00341,0.00341,0.00341,,,50001486.0,,50001486.0
2023-07-19,30,354251089.0,0,0,0.0,0.00123,0.00123,0.00123,,,29362076.0,,29362076.0
2023-07-20,30,354596488.0,0,0,0.0,6e-05,6e-05,6e-05,,,2552733.0,,2552733.0
2023-07-21,30,354618626.0,0,0,0.0,0.00837,0.00837,0.00837,,,74013079.0,,74013079.0
2023-07-24,30,351652205.0,0,0,0.0,0.00381,0.00381,0.00381,,,33541382.0,,33541382.0
2023-07-25,30,350312363.0,0,0,0.0,0.00191,0.00191,0.00191,,,16588045.0,,16588045.0
2023-07-26,30,350982221.0,0,0,0.0,0.00055,0.00055,0.00055,,,4724055.0,,4724055.0
2023-07-27,30,351173599.0,0,0,0.0,0.00409,0.00409,0.00409,,,36183538.0,,36183538.0
2023-07-28,30,352608964.0,0,0,0.0,0.00244,0.00244,0.00244,,,21089358.0,,21089358.0
2023-07-31,30,351747736.0,0,0,0.0,0.0049,0.0049,0.0049,,,44466432.0,,44466432.0
2023-08-01,30,353470228.0,0,0,0.0,0.0019,0.0019,0.0019,,,17642744.0,,17642744.0
2023-08-02,30,352800391.0,0,0,0.0,0.01356,0.01356,0.01356,,,123624965.0,,123624965.0
2023-08-03,30,348015791.0,0,0,0.0,0.01677,0.01677,0.01677,,,142431819.0,,142431819.0
2023-08-04,30,342178579.0,0,0,0.0,0.00359,0.00359,0.00359,,,30995652.0,,30995652.0
2023-08-07,30,343155810.0,0,0,0.0,0.00754,0.00754,0.00754,,,75947332.0,,75947332.0
2023-08-08,30,341444192.0,0,0,0.0,0.00358,0.00358,0.00358,,,22220083.0,,22220083.0
2023-08-09,30,342532619.0,0,0,0.0,0.01657,0.01657,0.01657,,,119905588.0,,119905588.0
2023-08-10,30,347871872.0,0,0,0.0,0.00742,0.00742,0.00742,,,61016032.0,,61016032.0
2023-08-11,30,349929560.0,1,0,0.03333,0.03741,0.01704,0.03741,,,98315762.0,,98315762.0
2023-08-14,31,362303513.0,0,0,0.0,0.00495,0.00495,0.00495,,,43789209.0,,43789209.0
2023-08-15,31,361192331.0,0,0,0.0,0.003,0.003,0.003,,,27507678.0,,27507678.0
2023-08-16,31,360691939.0,0,0,0.0,0.00683,0.00683,0.00683,,,47738124.0,,47738124.0
2023-08-17,31,359519249.0,0,0,0.0,0.0099,0.0099,0.0099,,,48316811.0,,48316811.0
2023-08-18,31,361345098.0,0,0,0.0,0.0059,0.0059,0.0059,,,42585077.0,,42585077.0
2023-08-21,31,361432738.0,0,0,0.0,0.0031,0.0031,0.0031,,,21698274.0,,21698274.0
2023-08-22,31,362477495.0,0,0,0.0,0.01085,0.01085,0.01085,,,77987078.0,,77987078.0
2023-08-23,31,366410395.0,0,0,0.0,0.00434,0.00434,0.00434,,,36942794.0,,36942794.0
2023-08-24,31,367982162.0,0,0,0.0,0.00463,0.00463,0.00463,,,35587211.0,,35587211.0
2023-08-25,31,369667477.0,0,0,0.0,0.01019,0.01019,0.01019,,,64721703.0,,64721703.0
2023-08-28,31,367341197.0,0,0,0.0,0.0,0.0,0.0,,,0.0,,0.0
2023-08-29,31,367341197.0,0,0,0.0,0.00268,0.00268,0.00268,,,13936258.0,,13936258.0
2023-08-30,31,368234136.0,0,0,0.0,0.01194,0.01194,0.01194,,,94647318.0,,94647318.0
2023-08-31,31,372629736.0,0,0,0.0,0.00054,0.00054,0.00054,,,4323488.0,,4323488.0
2023-09-01,31,372437385.0,0,0,0.0,0.01059,0.01059,0.01059,,,88638872.0,,88638872.0
2023-09-05,31,369439734.0,0,0,0.0,0.00869,0.00869,0.00869,,,73924023.0,,73924023.0
2023-09-06,31,366601274.0,0,0,0.0,0.00391,0.00391,0.00391,,,37209259.0,,37209259.0
2023-09-07,31,365482622.0,0,0,0.0,0.00877,0.00877,0.00877,,,71693998.0,,71693998.0
2023-09-08,31,362877487.0,0,0,0.0,0.0031,0.0031,0.0031,,,22267882.0,,22267882.0
2023-09-11,31,362624556.0,0,0,0.0,0.00508,0.00508,0.00508,,,41419424.0,,41419424.0
2023-09-12,31,360879861.0,0,0,0.0,0.0062,0.0062,0.0062,,,57192165.0,,57192165.0
2023-09-13,31,360041891.0,0,0,0.0,0.00794,0.00794,0.00794,,,57386898.0,,57386898.0
2023-09-14,31,362838933.0,0,0,0.0,0.00537,0.00537,0.00537,,,52970120.0,,52970120.0
2023-09-15,31,364419830.0,0,0,0.0,0.00163,0.00163,0.00163,,,18165362.0,,18165362.0
2023-09-18,31,364978781.0,0,0,0.0,0.00276,0.00276,0.00276,,,21276205.0,,21276205.0
2023-09-19,31,363991662.0,0,0,0.0,0.00019,0.00019,0.00019,,,1680550.0,,1680550.0
2023-09-20,31,364060792.0,0,0,0.0,0.00546,0.00546,0.00546,,,68720608.0,,68720608.0
2023-09-21,31,363433667.0,0,0,0.0,0.00854,0.00854,0.00854,,,44010519.0,,44010519.0
2023-09-22,31,365689378.0,0,0,0.0,0.00872,0.00872,0.00872,,,90010971.0,,90010971.0
2023-09-25,31,363868928.0,0,0,0.0,0.00794,0.00794,0.00794,,,53594038.0,,53594038.0
2023-09-26,31,360979289.0,0,0,0.0,0.00379,0.00379,0.00379,,,25445279.0,,25445279.0
2023-09-27,31,362346166.0,0,0,0.0,0.00173,0.00173,0.00173,,,11527150.0,,11527150.0
2023-09-28,31,362972206.0,0,0,0.0,0.00604,0.00604,0.00604,,,40577684.0,,40577684.0
2023-09-29,31,365163367.0,0,0,0.0,0.0088,0.0088,0.0088,,,60150104.0,,60150104.0
2023-10-02,31,361949165.0,0,0,0.0,0.00936,0.00936,0.00936,,,64083130.0,,64083130.0
2023-10-03,31,358565428.0,0,0,0.0,0.00146,0.00146,0.00146,,,9770188.0,,9770188.0
2023-10-04,31,359087243.0,0,0,0.0,0.00552,0.00552,0.00552,,,36090796.0,,36090796.0
2023-10-05,31,357104270.0,0,0,0.0,0.02224,0.02224,0.02224,,,129444421.0,,129444421.0
2023-10-06,31,364976535.0,0,0,0.0,0.00315,0.00315,0.00315,,,42275716.0,,42275716.0
2023-10-09,31,365922719.0,0,0,0.0,0.00405,0.00405,0.00405,,,30642975.0,,30642975.0
2023-10-10,31,364639501.0,0,0,0.0,0.00232,0.00232,0.00232,,,18221504.0,,18221504.0
2023-10-11,31,364357480.0,0,0,0.0,0.00725,0.00725,0.00725,,,50537241.0,,50537241.0
2023-10-12,31,366971991.0,0,0,0.0,0.00839,0.00839,0.00839,,,35114435.0,,35114435.0
2023-10-13,31,369986434.0,0,0,0.0,0.0038,0.0038,0.0038,,,21345299.0,,21345299.0
2023-10-16,31,370488069.0,0,0,0.0,0.00331,0.00331,0.00331,,,27310921.0,,27310921.0
2023-10-17,31,369353860.0,0,0,0.0,0.00056,0.00056,0.00056,,,3549545.0,,3549545.0
2023-10-18,31,369546858.0,0,0,0.0,0.00787,0.00787,0.00787,,,61841357.0,,61841357.0
2023-10-19,31,366852919.0,0,0,0.0,0.0044,0.0044,0.0044,,,39691067.0,,39691067.0
2023-10-20,31,368069288.0,0,0,0.0,0.00272,0.00272,0.00272,,,21523756.0,,21523756.0
2023-10-23,31,368084909.0,0,0,0.0,0.00816,0.00816,0.00816,,,55879746.0,,55879746.0
2023-10-24,31,365338116.0,0,0,0.0,0.00246,0.00246,0.00246,,,15915383.0,,15915383.0
2023-10-25,31,366125863.0,0,0,0.0,0.00242,0.00242,0.00242,,,16929601.0,,16929601.0
2023-10-26,31,366933990.0,0,0,0.0,0.00578,0.00578,0.00578,,,33485726.0,,33485726.0
2023-10-27,31,365245212.0,0,0,0.0,0.00032,0.00032,0.00032,,,1845475.0,,1845475.0
2023-10-30,31,365363498.0,0,0,0.0,0.00484,0.00484,0.00484,,,38020813.0,,38020813.0
2023-10-31,31,364284365.0,0,0,0.0,0.00736,0.00736,0.00736,,,42987018.0,,42987018.0
2023-11-01,31,366965619.0,0,0,0.0,0.00372,0.00372,0.00372,,,21535688.0,,21535688.0
2023-11-02,31,368329759.0,0,0,0.0,0.00406,0.00406,0.00406,,,35124052.0,,35124052.0
2023-11-03,31,369395929.0,0,0,0.0,0.01804,0.01804,0.01804,,,118161270.0,,118161270.0
2023-11-06,31,376061373.0,0,0,0.0,0.01109,0.01109,0.01109,,,78750906.0,,78750906.0
2023-11-07,31,380233398.0,0,0,0.0,0.0078,0.0078,0.0078,,,71613849.0,,71613849.0
2023-11-08,31,377687671.0,0,0,0.0,0.00247,0.00247,0.00247,,,8962522.0,,8962522.0
2023-11-09,31,378599843.0,0,0,0.0,0.01575,0.01575,0.01575,,,157043319.0,,157043319.0
2023-11-10,31,375901870.0,0,0,0.0,0.00204,0.00204,0.00204,,,19945058.0,,19945058.0
2023-11-13,31,375235240.0,2,0,0.06452,0.00566,0.00405,0.00566,,,87958500.0,,87958500.0
2023-11-14,33,374805976.0,0,0,0.0,0.00803,0.00803,0.00803,,,65499559.0,,65499559.0
2023-11-15,33,376896493.0,0,0,0.0,0.02956,0.02956,0.02956,,,162448591.0,,162448591.0
2023-11-16,33,388039085.0,0,0,0.0,0.02773,0.02773,0.02773,,,210426775.0,,210426775.0
2023-11-17,33,398798799.0,0,0,0.0,0.00799,0.00799,0.00799,,,61123664.0,,61123664.0
2023-11-20,33,395614135.0,0,0,0.0,0.01027,0.01027,0.01027,,,80731761.0,,80731761.0
2023-11-21,33,391550647.0,0,0,0.0,0.00252,0.00252,0.00252,,,20164089.0,,20164089.0
2023-11-22,33,392538928.0,0,0,0.0,0.01267,0.01267,0.01267,,,100530804.0,,100530804.0
2023-11-24,33,388165563.0,0,0,0.0,0.00214,0.00214,0.00214,,,27154055.0,,27154055.0
2023-11-27,33,387708080.0,0,0,0.0,0.00029,0.00029,0.00029,,,4977421.0,,4977421.0
2023-11-28,33,387685465.0,0,0,0.0,0.00748,0.00748,0.00748,,,45932764.0,,45932764.0
2023-11-29,33,388545428.0,0,0,0.0,0.00592,0.00592,0.00592,,,48230740.0,,48230740.0
2023-11-30,33,390786049.0,0,0,0.0,0.00733,0.00733,0.00733,,,58985739.0,,58985739.0
2023-12-01,33,389196727.0,0,0,0.0,0.01466,0.01466,0.01466,,,119303951.0,,119303951.0
2023-12-04,33,383491872.0,0,0,0.0,0.00511,0.00511,0.00511,,,48319329.0,,48319329.0
2023-12-05,33,381847916.0,0,0,0.0,0.00116,0.00116,0.00116,,,11337940.0,,11337940.0
2023-12-06,33,381690696.0,0,0,0.0,0.00911,0.00911,0.00911,,,107519737.0,,107519737.0
2023-12-07,33,378563188.0,0,0,0.0,0.01053,0.01053,0.01053,,,115603140.0,,115603140.0
2023-12-08,33,382044171.0,0,0,0.0,0.00774,0.00774,0.00774,,,68502024.0,,68502024.0
2023-12-11,33,379134588.0,0,0,0.0,0.01203,0.01203,0.01203,,,114123123.0,,114123123.0
2023-12-12,33,383085186.0,0,0,0.0,0.01117,0.01117,0.01117,,,77270997.0,,77270997.0
2023-12-13,33,387336094.0,0,0,0.0,0.00583,0.00583,0.00583,,,53756435.0,,53756435.0
2023-12-14,33,389533826.0,0,0,0.0,0.0035,0.0035,0.0035,,,63114126.0,,63114126.0
2023-12-15,33,390448253.0,0,0,0.0,0.01977,0.01977,0.01977,,,178865755.0,,178865755.0
2023-12-18,33,398169353.0,1,0,0.0303,0.01038,0.00924,0.01038,,,99237075.0,,99237075.0
2023-12-19,34,402303132.0,0,0,0.0,0.00262,0.00262,0.00262,,,26385052.0,,26385052.0
2023-12-20,34,401568186.0,0,0,0.0,0.00794,0.00794,0.00794,,,77767044.0,,77767044.0
2023-12-21,34,404755873.0,0,0,0.0,0.00386,0.00386,0.00386,,,75768779.0,,75768779.0
2023-12-22,34,403583081.0,0,0,0.0,0.01484,0.01484,0.01484,,,148585008.0,,148585008.0
2023-12-26,34,397593405.0,0,0,0.0,0.00561,0.00561,0.00561,,,77132564.0,,77132564.0
2023-12-27,34,395871194.0,0,0,0.0,0.0094,0.0094,0.0094,,,87274826.0,,87274826.0
2023-12-28,34,399570468.0,0,0,0.0,0.00277,0.00277,0.00277,,,26736602.0,,26736602.0
2023-12-29,34,400655032.0,0,0,0.0,0.00337,0.00337,0.00337,,,32555800.0,,32555800.0
2024-01-02,34,399305774.0,0,0,0.0,0.00694,0.00694,0.00694,,,64213122.0,,64213122.0
2024-01-03,34,396795513.0,0,0,0.0,0.0073,0.0073,0.0073,,,71788315.0,,71788315.0
2024-01-04,34,394206397.0,0,0,0.0,0.01328,0.01328,0.01328,,,136634781.0,,136634781.0
2024-01-05,34,389083896.0,0,0,0.0,0.00478,0.00478,0.00478,,,43726056.0,,43726056.0
2024-01-08,34,387396444.0,0,0,0.0,0.00626,0.00626,0.00626,,,56494664.0,,56494664.0
2024-01-09,34,389547888.0,0,0,0.0,0.00499,0.00499,0.00499,,,43643947.0,,43643947.0
2024-01-10,34,391081811.0,0,0,0.0,0.00445,0.00445,0.00445,,,46303754.0,,46303754.0
2024-01-11,34,391472820.0,0,0,0.0,0.01018,0.01018,0.01018,,,91280619.0,,91280619.0
2024-01-12,34,388008967.0,0,0,0.0,0.01248,0.01248,0.01248,,,118259197.0,,118259197.0
2024-01-16,34,383774789.0,0,0,0.0,0.00802,0.00802,0.00802,,,94400069.0,,94400069.0
2024-01-17,34,381768098.0,0,0,0.0,0.00525,0.00525,0.00525,,,45147631.0,,45147631.0
2024-01-18,34,380947009.0,0,0,0.0,0.00602,0.00602,0.00602,,,35602001.0,,35602001.0
2024-01-19,34,382627372.0,0,0,0.0,0.00657,0.00657,0.00657,,,55533652.0,,55533652.0
2024-01-22,34,380974704.0,0,0,0.0,0.00408,0.00408,0.00408,,,28747273.0,,28747273.0
2024-01-23,34,380746903.0,0,0,0.0,0.00547,0.00547,0.00547,,,41336728.0,,41336728.0
2024-01-24,34,382830185.0,0,0,0.0,0.00769,0.00769,0.00769,,,63658435.0,,63658435.0
2024-01-25,34,380098159.0,0,0,0.0,0.0027,0.0027,0.0027,,,22156158.0,,22156158.0
2024-01-26,34,379885708.0,0,0,0.0,0.00405,0.00405,0.00405,,,60840072.0,,60840072.0
2024-01-29,34,379471033.0,0,0,0.0,0.0034,0.0034,0.0034,,,61271078.0,,61271078.0
2024-01-30,34,379694257.0,0,0,0.0,0.0027,0.0027,0.0027,,,29957613.0,,29957613.0
2024-01-31,34,378685194.0,0,0,0.0,0.00201,0.00201,0.00201,,,21553338.0,,21553338.0
2024-02-01,34,378457888.0,0,0,0.0,0.01439,0.01439,0.01439,,,148981828.0,,148981828.0
2024-02-02,34,373664874.0,0,0,0.0,0.01016,0.01016,0.01016,,,81434358.0,,81434358.0
2024-02-05,34,377326232.0,0,0,0.0,0.00793,0.00793,0.00793,,,101099262.0,,101099262.0
2024-02-06,34,376223656.0,0,0,0.0,0.00555,0.00555,0.00555,,,55177347.0,,55177347.0
2024-02-07,34,374876162.0,0,0,0.0,0.00898,0.00898,0.00898,,,88603416.0,,88603416.0
2024-02-08,34,377327274.0,0,0,0.0,0.05247,0.05247,0.05247,,,46408417.0,,46408417.0
2024-02-09,34,362042149.0,0,0,0.0,0.01216,0.01216,0.01216,,,101583624.0,,101583624.0
2024-02-12,34,363934740.0,0,0,0.0,0.01071,0.01071,0.01071,,,116391010.0,,116391010.0
2024-02-13,34,366552059.0,0,0,0.0,0.01252,0.01252,0.01252,,,118246527.0,,118246527.0
2024-02-14,34,363482214.0,0,0,0.0,0.02221,0.02221,0.02221,,,187912104.0,,187912104.0
2024-02-15,34,356582519.0,0,0,0.0,0.00323,0.00323,0.00323,,,67933991.0,,67933991.0
2024-02-16,34,357253884.0,2,0,0.05882,0.01989,0.00516,0.01989,,,113843945.0,,113843945.0
2024-02-20,36,363325565.0,0,0,0.0,0.01652,0.01652,0.01652,,,245139178.0,,245139178.0
2024-02-21,36,363355583.0,0,0,0.0,0.0024,0.0024,0.0024,,,45639103.0,,45639103.0
2024-02-22,36,363417602.0,0,0,0.0,0.00589,0.00589,0.00589,,,47953363.0,,47953363.0
2024-02-23,36,362821186.0,0,0,0.0,0.00223,0.00223,0.00223,,,26649699.0,,26649699.0
2024-02-26,36,362762158.0,0,1,0.02778,0.00252,0.00252,0.00252,,,21348830.0,,21348830.0
2024-02-27,35,362024665.0,0,0,0.0,0.00398,0.00398,0.00398,,,39112031.0,,39112031.0
2024-02-28,35,362665898.0,1,0,0.02857,0.00884,0.00862,0.00884,,,93772558.0,,93772558.0
2024-02-29,36,362365579.0,0,0,0.0,0.0074,0.0074,0.0074,,,69907238.0,,69907238.0
2024-03-01,36,362849159.0,0,0,0.0,0.00502,0.00502,0.00502,,,40941889.0,,40941889.0
2024-03-04,36,361416759.0,0,0,0.0,0.00782,0.00782,0.00782,,,48708557.0,,48708557.0
2024-03-05,36,362229587.0,0,0,0.0,0.0133,0.0133,0.0133,,,30769034.0,,30769034.0
2024-03-06,36,366901001.0,0,0,0.0,0.00986,0.00986,0.00986,,,72367119.0,,72367119.0
2024-03-07,36,367635254.0,0,0,0.0,0.0052,0.0052,0.0052,,,84931225.0,,84931225.0
2024-03-08,36,367529294.0,0,0,0.0,0.00602,0.00602,0.00602,,,48160466.0,,48160466.0
2024-03-11,36,366526325.0,0,0,0.0,0.00836,0.00836,0.00836,,,66787028.0,,66787028.0
2024-03-12,36,369499904.0,1,0,0.02778,0.01177,0.01105,0.01177,,,140160712.0,,140160712.0
2024-03-13,37,369736155.0,0,0,0.0,0.00968,0.00968,0.00968,,,101012836.0,,101012836.0
2024-03-14,37,366381326.0,0,0,0.0,0.0039,0.0039,0.0039,,,32603129.0,,32603129.0
2024-03-15,37,364966612.0,0,0,0.0,0.01617,0.01617,0.01617,,,132229830.0,,132229830.0
2024-03-18,37,359385821.0,0,0,0.0,0.00794,0.00794,0.00794,,,63644763.0,,63644763.0
2024-03-19,37,356594059.0,0,0,0.0,0.03009,0.03009,0.03009,,,231082354.0,,231082354.0
2024-03-20,37,366823309.0,0,0,0.0,0.00239,0.00239,0.00239,,,30459366.0,,30459366.0
2024-03-21,37,366254232.0,0,0,0.0,0.00284,0.00284,0.00284,,,37684412.0,,37684412.0
2024-03-22,37,366882549.0,0,0,0.0,0.00637,0.00637,0.00637,,,145147271.0,,145147271.0
2024-03-25,37,367997453.0,0,0,0.0,0.00687,0.00687,0.00687,,,131385280.0,,131385280.0
2024-03-26,37,369106562.0,0,0,0.0,0.0103,0.0103,0.0103,,,137213279.0,,137213279.0
2024-03-27,37,367078336.0,0,0,0.0,0.00265,0.00265,0.00265,,,21715394.0,,21715394.0
2024-03-28,37,367854374.0,0,0,0.0,0.00566,0.00566,0.00566,,,43580728.0,,43580728.0
2024-04-01,37,365790156.0,0,0,0.0,0.00293,0.00293,0.00293,,,34141065.0,,34141065.0
2024-04-02,37,364995108.0,0,0,0.0,0.01069,0.01069,0.01069,,,81191775.0,,81191775.0
2024-04-03,37,362791964.0,0,0,0.0,0.01365,0.01365,0.01365,,,133569374.0,,133569374.0
2024-04-04,37,358106722.0,0,0,0.0,0.00278,0.00278,0.00278,,,22133023.0,,22133023.0
2024-04-05,37,359004750.0,0,0,0.0,0.00091,0.00091,0.00091,,,14856663.0,,14856663.0
2024-04-08,37,359244285.0,0,0,0.0,0.00516,0.00516,0.00516,,,63269742.0,,63269742.0
2024-04-09,37,357792078.0,0,0,0.0,0.00502,0.00502,0.00502,,,35796720.0,,35796720.0
2024-04-10,37,359565636.0,0,0,0.0,0.00445,0.00445,0.00445,,,32804341.0,,32804341.0
2024-04-11,37,357966361.0,0,1,0.02703,0.01495,0.01495,0.01495,,,110630689.0,,110630689.0
2024-04-12,36,353062305.0,0,0,0.0,0.00178,0.00178,0.00178,,,23217330.0,,23217330.0
2024-04-15,36,353566471.0,0,0,0.0,0.01201,0.01201,0.01201,,,80951151.0,,80951151.0
2024-04-16,36,357813643.0,0,0,0.0,0.01525,0.01525,0.01525,,,103067051.0,,103067051.0
2024-04-17,36,352355794.0,0,0,0.0,0.01151,0.01151,0.01151,,,80242095.0,,80242095.0
2024-04-18,36,356053555.0,0,0,0.0,0.0028,0.0028,0.0028,,,24696614.0,,24696614.0
2024-04-19,36,357049544.0,0,0,0.0,0.00567,0.00567,0.00567,,,45242377.0,,45242377.0
2024-04-22,36,355441435.0,0,0,0.0,0.00292,0.00292,0.00292,,,12892064.0,,12892064.0
2024-04-23,36,355825496.0,0,0,0.0,0.01249,0.01249,0.01249,,,84098858.0,,84098858.0
2024-04-24,36,351470259.0,0,0,0.0,0.00605,0.00605,0.00605,,,40365155.0,,40365155.0
2024-04-25,36,353347121.0,0,0,0.0,0.00682,0.00682,0.00682,,,11431868.0,,11431868.0
2024-04-26,36,350937571.0,0,0,0.0,0.01101,0.01101,0.01101,,,75761486.0,,75761486.0
2024-04-29,36,347103870.0,0,0,0.0,0.00634,0.00634,0.00634,,,63794969.0,,63794969.0
2024-04-30,36,346060200.0,0,0,0.0,0.00834,0.00834,0.00834,,,44095404.0,,44095404.0
2024-05-01,36,347033773.0,0,0,0.0,0.01576,0.01576,0.01576,,,95781367.0,,95781367.0
2024-05-02,36,341565212.0,0,0,0.0,0.00591,0.00591,0.00591,,,40937349.0,,40937349.0
2024-05-03,36,343058696.0,0,0,0.0,0.00476,0.00476,0.00476,,,32831878.0,,32831878.0
2024-05-06,36,344242420.0,0,0,0.0,0.00434,0.00434,0.00434,,,43461651.0,,43461651.0
2024-05-07,36,343608129.0,0,0,0.0,0.00109,0.00109,0.00109,,,7314259.0,,7314259.0
2024-05-08,36,343232594.0,0,0,0.0,0.00764,0.00764,0.00764,,,66771461.0,,66771461.0
2024-05-09,36,342390085.0,0,0,0.0,0.00226,0.00226,0.00226,,,35374037.0,,35374037.0
2024-05-10,36,342138886.0,0,0,0.0,0.01093,0.01093,0.01093,,,110046629.0,,110046629.0
2024-05-13,36,341226845.0,0,0,0.0,0.03508,0.03508,0.03508,,,77310638.0,,77310638.0
2024-05-14,36,349479510.0,0,0,0.0,0.02567,0.02567,0.02567,,,169077250.0,,169077250.0
2024-05-15,36,358131229.0,0,0,0.0,0.02487,0.02487,0.02487,,,164051472.0,,164051472.0
2024-05-16,36,366889789.0,0,1,0.02778,0.01242,0.01242,0.01242,,,84909625.0,,84909625.0
2024-05-17,35,362333332.0,0,0,0.0,0.01115,0.01115,0.01115,,,72523349.0,,72523349.0
2024-05-20,35,358392707.0,0,0,0.0,0.00267,0.00267,0.00267,,,17473384.0,,17473384.0
2024-05-21,35,358852049.0,0,0,0.0,0.02064,0.02064,0.02064,,,135670890.0,,135670890.0
2024-05-22,35,351443712.0,0,0,0.0,0.00697,0.00697,0.00697,,,43493105.0,,43493105.0
2024-05-23,35,349045444.0,0,0,0.0,0.00447,0.00447,0.00447,,,29265530.0,,29265530.0
2024-05-24,35,347485548.0,0,0,0.0,0.02176,0.02176,0.02176,,,137460536.0,,137460536.0
2024-05-28,35,339925800.0,0,0,0.0,0.00777,0.00777,0.00777,,,48874475.0,,48874475.0
2024-05-29,35,337285712.0,0,0,0.0,0.01715,0.01715,0.01715,,,110783136.0,,110783136.0
2024-05-30,35,342008548.0,0,0,0.0,0.0078,0.0078,0.0078,,,52349876.0,,52349876.0
2024-05-31,35,343954936.0,0,0,0.0,0.01886,0.01886,0.01886,,,109872347.0,,109872347.0
2024-06-03,35,348818225.0,0,0,0.0,0.01397,0.01397,0.01397,,,97818003.0,,97818003.0
2024-06-04,35,345759576.0,0,0,0.0,0.00341,0.00341,0.00341,,,23635056.0,,23635056.0
2024-06-05,35,346616394.0,0,0,0.0,0.00323,0.00323,0.00323,,,25883493.0,,25883493.0
2024-06-06,35,347066445.0,0,0,0.0,0.00189,0.00189,0.00189,,,13174583.0,,13174583.0
2024-06-07,35,347299703.0,0,0,0.0,0.0052,0.0052,0.0052,,,33374513.0,,33374513.0
2024-06-10,35,345784850.0,0,0,0.0,0.00278,0.00278,0.00278,,,17777841.0,,17777841.0
2024-06-11,35,345056189.0,0,0,0.0,0.00358,0.00358,0.00358,,,23354944.0,,23354944.0
2024-06-12,35,345586496.0,0,0,0.0,0.01132,0.01132,0.01132,,,70403905.0,,70403905.0
2024-06-13,35,341673549.0,0,0,0.0,0.00742,0.00742,0.00742,,,45921533.0,,45921533.0
2024-06-14,35,343971575.0,0,0,0.0,0.00465,0.00465,0.00465,,,26948364.0,,26948364.0
2024-06-17,35,342465991.0,0,0,0.0,0.00303,0.00303,0.00303,,,18796075.0,,18796075.0
2024-06-18,35,341630122.0,0,0,0.0,0.00327,0.00327,0.00327,,,22813609.0,,22813609.0
2024-06-20,35,340630397.0,0,0,0.0,0.00235,0.00235,0.00235,,,16463902.0,,16463902.0
2024-06-21,35,341340073.0,0,0,0.0,0.00683,0.00683,0.00683,,,42170781.0,,42170781.0
2024-06-24,35,339128728.0,0,0,0.0,0.02107,0.02107,0.02107,,,128862835.0,,128862835.0
2024-06-25,35,331983385.0,0,0,0.0,0.10441,0.10441,0.10441,,,31409726.0,,31409726.0
2024-06-26,35,297931466.0,0,0,0.0,0.04613,0.04613,0.04613,,,24471307.0,,24471307.0
2024-06-27,35,285343532.0,0,0,0.0,0.08536,0.08536,0.08536,,,32131878.0,,32131878.0
2024-06-28,35,262040502.0,0,0,0.0,0.11757,0.11757,0.11757,,,69499275.0,,69499275.0
2024-07-01,35,236461613.0,0,0,0.0,0.09322,0.09322,0.09322,,,26297075.0,,26297075.0
2024-07-02,35,215076517.0,0,1,0.02857,0.00823,0.00823,0.00823,,,16044575.0,,16044575.0
2024-07-03,34,215079832.0,0,0,0.0,0.0138,0.0138,0.0138,,,60985948.0,,60985948.0
2024-07-05,34,213489307.0,0,0,0.0,0.00391,0.00391,0.00391,,,15824057.0,,15824057.0
2024-07-08,34,214155967.0,0,0,0.0,0.01148,0.01148,0.01148,,,75911660.0,,75911660.0
2024-07-09,34,211696938.0,0,0,0.0,0.00762,0.00762,0.00762,,,47382010.0,,47382010.0
2024-07-10,34,210762204.0,0,0,0.0,0.00172,0.00172,0.00172,,,4122319.0,,4122319.0
2024-07-11,34,210921043.0,0,0,0.0,0.00534,0.00534,0.00534,,,19662711.0,,19662711.0
2024-07-12,34,211723443.0,0,0,0.0,0.004,0.004,0.004,,,25627285.0,,25627285.0
2024-07-15,34,212283421.0,0,0,0.0,0.01249,0.01249,0.01249,,,78356793.0,,78356793.0
2024-07-16,34,214578286.0,0,2,0.05882,0.01944,0.01944,0.01944,,,123001445.0,,123001445.0
2024-07-17,32,218749527.0,0,0,0.0,0.00131,0.00131,0.00131,,,10232601.0,,10232601.0
2024-07-18,32,218481734.0,0,0,0.0,0.00081,0.00081,0.00081,,,6279967.0,,6279967.0
2024-07-19,32,218567465.0,0,0,0.0,0.00504,0.00504,0.00504,,,32414471.0,,32414471.0
2024-07-22,32,217510447.0,0,0,0.0,0.01163,0.01163,0.01163,,,74429351.0,,74429351.0
2024-07-23,32,214980079.0,0,0,0.0,0.00399,0.00399,0.00399,,,10584486.0,,10584486.0
2024-07-24,32,214514752.0,0,0,0.0,0.01091,0.01091,0.01091,,,67353754.0,,67353754.0
2024-07-25,32,212215480.0,0,0,0.0,0.01402,0.01402,0.01402,,,79823101.0,,79823101.0
2024-07-26,32,209685577.0,0,0,0.0,0.01114,0.01114,0.01114,,,63850244.0,,63850244.0
2024-07-29,32,207483997.0,0,0,0.0,0.00113,0.00113,0.00113,,,6846604.0,,6846604.0
2024-07-30,32,207711659.0,0,0,0.0,4e-05,4e-05,4e-05,,,77383.0,,77383.0
2024-07-31,32,207703573.0,0,0,0.0,0.01011,0.01011,0.01011,,,59255083.0,,59255083.0
2024-08-01,32,205613071.0,1,0,0.03125,0.01456,0.01306,0.01456,,,110446199.0,,110446199.0
2024-08-02,33,204822361.0,0,0,0.0,0.01795,0.01795,0.01795,,,108482399.0,,108482399.0
2024-08-05,33,201430001.0,0,0,0.0,0.0052,0.0052,0.0052,,,28445571.0,,28445571.0
2024-08-06,33,202392416.0,2,0,0.06061,0.01496,0.0141,0.01496,,,103298263.0,,103298263.0
2024-08-07,35,201940643.0,0,0,0.0,0.01004,0.01004,0.01004,,,80301508.0,,80301508.0
2024-08-08,35,201511115.0,0,0,0.0,0.01346,0.01346,0.01346,,,74649997.0,,74649997.0
2024-08-09,35,199313835.0,0,0,0.0,0.00986,0.00986,0.00986,,,49388143.0,,49388143.0
2024-08-12,35,197800589.0,0,0,0.0,0.00806,0.00806,0.00806,,,41345851.0,,41345851.0
2024-08-13,35,196326680.0,0,0,0.0,0.00703,0.00703,0.00703,,,37518699.0,,37518699.0
2024-08-14,35,195077140.0,0,0,0.0,0.0198,0.0198,0.0198,,,99822934.0,,99822934.0
2024-08-15,35,197993446.0,0,0,0.0,0.00237,0.00237,0.00237,,,9568980.0,,9568980.0
2024-08-16,35,198117357.0,0,0,0.0,0.00393,0.00393,0.00393,,,16651428.0,,16651428.0
2024-08-19,35,198235351.0,0,0,0.0,0.00706,0.00706,0.00706,,,38037518.0,,38037518.0
2024-08-20,35,196835315.0,0,0,0.0,0.004,0.004,0.004,,,16398923.0,,16398923.0
2024-08-21,35,197161492.0,0,1,0.02857,0.00462,0.00461,0.00462,,,17827937.0,,17827937.0
2024-08-22,34,197436506.0,0,0,0.0,0.0037,0.0037,0.0037,,,8758588.0,,8758588.0
2024-08-23,34,197098670.0,0,0,0.0,0.00603,0.00603,0.00603,,,21482154.0,,21482154.0
2024-08-26,34,196786429.0,0,0,0.0,0.00262,0.00262,0.00262,,,8214003.0,,8214003.0
2024-08-27,34,196401282.0,0,0,0.0,0.00183,0.00183,0.00183,,,12156510.0,,12156510.0
2024-08-28,34,196761290.0,0,0,0.0,0.00624,0.00624,0.00624,,,36290514.0,,36290514.0
2024-08-29,34,195533305.0,0,1,0.02941,0.00527,0.00527,0.00527,,,33324855.0,,33324855.0
2024-08-30,33,194648093.0,0,0,0.0,0.00685,0.00685,0.00685,,,48238964.0,,48238964.0
2024-09-03,33,193721341.0,0,0,0.0,0.0088,0.0088,0.0088,,,60616887.0,,60616887.0
2024-09-04,33,192309365.0,0,0,0.0,0.00794,0.00794,0.00794,,,43624386.0,,43624386.0
2024-09-05,33,191165391.0,0,0,0.0,0.01091,0.01091,0.01091,,,58591509.0,,58591509.0
2024-09-06,33,189550047.0,0,0,0.0,0.02146,0.02146,0.02146,,,109798666.0,,109798666.0
2024-09-09,33,193121596.0,0,0,0.0,0.00867,0.00867,0.00867,,,53164479.0,,53164479.0
2024-09-10,33,191654265.0,0,0,0.0,0.00287,0.00287,0.00287,,,15431540.0,,15431540.0
2024-09-11,33,191104009.0,0,0,0.0,0.01468,0.01468,0.01468,,,77830373.0,,77830373.0
2024-09-12,33,188751564.0,0,0,0.0,0.00497,0.00497,0.00497,,,40151413.0,,40151413.0
2024-09-13,33,189011829.0,0,0,0.0,0.00857,0.00857,0.00857,,,47361267.0,,47361267.0
2024-09-16,33,189084836.0,0,0,0.0,0.00799,0.00799,0.00799,,,45067496.0,,45067496.0
2024-09-17,33,190595123.0,0,0,0.0,0.00438,0.00438,0.00438,,,37974934.0,,37974934.0
2024-09-18,33,190060227.0,0,0,0.0,0.00312,0.00312,0.00312,,,19067299.0,,19067299.0
2024-09-19,33,190652853.0,0,0,0.0,0.00229,0.00229,0.00229,,,13773474.0,,13773474.0
2024-09-20,33,190243296.0,0,0,0.0,0.00232,0.00232,0.00232,,,13472404.0,,13472404.0
2024-09-23,33,190684054.0,0,0,0.0,0.0125,0.0125,0.0125,,,73192859.0,,73192859.0
2024-09-24,33,188300436.0,0,0,0.0,0.01174,0.01174,0.01174,,,62712539.0,,62712539.0
2024-09-25,33,186866435.0,0,0,0.0,0.00551,0.00551,0.00551,,,3438249.0,,3438249.0
2024-09-26,33,187813522.0,0,0,0.0,0.00286,0.00286,0.00286,,,17414020.0,,17414020.0
2024-09-27,33,188245459.0,0,0,0.0,0.00654,0.00654,0.00654,,,37742619.0,,37742619.0
2024-09-30,33,187014515.0,0,0,0.0,0.0,0.0,0.0,,,0.0,,0.0
2024-10-01,33,187014515.0,0,0,0.0,0.0,0.0,0.0,,,0.0,,0.0
2024-10-02,33,187014515.0,0,0,0.0,0.00823,0.00823,0.00823,,,46111097.0,,46111097.0
2024-10-03,33,185475835.0,0,0,0.0,0.00171,0.00171,0.00171,,,9634548.0,,9634548.0
2024-10-04,33,185792797.0,0,0,0.0,0.00868,0.00868,0.00868,,,47412164.0,,47412164.0
2024-10-07,33,184198779.0,0,0,0.0,0.0,0.0,0.0,,,0.0,,0.0
2024-10-08,33,184198779.0,0,0,0.0,0.00042,0.00042,0.00042,,,2293118.0,,2293118.0
2024-10-09,33,184275724.0,0,0,0.0,0.00761,0.00761,0.00761,,,46052097.0,,46052097.0
2024-10-10,33,183488748.0,0,0,0.0,0.00928,0.00928,0.00928,,,52236232.0,,52236232.0
2024-10-11,33,182140714.0,0,0,0.0,0.01083,0.01083,0.01083,,,49458695.0,,49458695.0
2024-10-14,33,183856955.0,0,0,0.0,0.00597,0.00597,0.00597,,,35587315.0,,35587315.0
2024-10-15,33,182759472.0,0,0,0.0,0.00212,0.00212,0.00212,,,11282554.0,,11282554.0
2024-10-16,33,182808638.0,0,0,0.0,0.00059,0.00059,0.00059,,,5576155.0,,5576155.0
2024-10-17,33,182853662.0,0,0,0.0,0.00134,0.00134,0.00134,,,9438717.0,,9438717.0
2024-10-18,33,182698150.0,0,0,0.0,0.00336,0.00336,0.00336,,,9589152.0,,9589152.0
2024-10-21,33,183011225.0,0,0,0.0,0.00234,0.00234,0.00234,,,8459899.0,,8459899.0
2024-10-22,33,183292994.0,0,0,0.0,0.00814,0.00814,0.00814,,,43615917.0,,43615917.0
2024-10-23,33,182061886.0,0,0,0.0,0.00454,0.00454,0.00454,,,20677805.0,,20677805.0
2024-10-24,33,182269471.0,0,0,0.0,0.00102,0.00102,0.00102,,,1628003.0,,1628003.0
2024-10-25,33,182423977.0,0,0,0.0,0.01317,0.01317,0.01317,,,75351668.0,,75351668.0
2024-10-28,33,184735603.0,0,0,0.0,0.01124,0.01124,0.01124,,,32350917.0,,32350917.0
2024-10-29,33,186811908.0,0,0,0.0,0.01398,0.01398,0.01398,,,96285206.0,,96285206.0
2024-10-30,33,188169089.0,0,0,0.0,0.00784,0.00784,0.00784,,,19556531.0,,19556531.0
2024-10-31,33,189010811.0,0,0,0.0,0.01288,0.01288,0.01288,,,61383287.0,,61383287.0
2024-11-01,33,190645400.0,0,0,0.0,0.01738,0.01738,0.01738,,,130040415.0,,130040415.0
2024-11-04,33,190194782.0,1,0,0.0303,0.00624,0.00592,0.00624,,,54310825.0,,54310825.0
2024-11-05,34,189253048.0,0,0,0.0,0.0037,0.0037,0.0037,,,45126694.0,,45126694.0
2024-11-06,34,188982893.0,0,1,0.02941,0.00654,0.00653,0.00654,,,44204054.0,,44204054.0
2024-11-07,33,188647559.0,0,0,0.0,0.02249,0.02249,0.02249,,,135132757.0,,135132757.0
2024-11-08,33,191577765.0,0,0,0.0,0.01184,0.01184,0.01184,,,114168076.0,,114168076.0
2024-11-11,33,191549539.0,0,0,0.0,0.03384,0.03384,0.03384,,,208363714.0,,208363714.0
2024-11-12,33,186260271.0,0,0,0.0,0.02988,0.02988,0.02988,,,170176724.0,,170176724.0
2024-11-13,33,190545327.0,0,0,0.0,0.00176,0.00176,0.00176,,,7076729.0,,7076729.0
2024-11-14,33,190863584.0,0,0,0.0,0.00779,0.00779,0.00779,,,46045983.0,,46045983.0
2024-11-15,33,189679227.0,0,0,0.0,0.01035,0.01035,0.01035,,,68860080.0,,68860080.0
2024-11-18,33,187905323.0,0,0,0.0,0.01668,0.01668,0.01668,,,99298187.0,,99298187.0
2024-11-19,33,186379116.0,0,0,0.0,0.0281,0.0281,0.0281,,,178586867.0,,178586867.0
2024-11-20,33,181256681.0,0,0,0.0,0.02148,0.02148,0.02148,,,117769057.0,,117769057.0
2024-11-21,33,184940681.0,0,0,0.0,0.00517,0.00517,0.00517,,,23194810.0,,23194810.0
2024-11-22,33,185828164.0,0,0,0.0,0.00438,0.00438,0.00438,,,29451303.0,,29451303.0
2024-11-25,33,185218186.0,0,1,0.0303,0.01345,0.01345,0.01345,,,87312115.0,,87312115.0
2024-11-26,32,187708850.0,0,0,0.0,0.00317,0.00317,0.00317,,,24369312.0,,24369312.0
2024-11-27,32,188259616.0,0,0,0.0,0.01826,0.01826,0.01826,,,135586220.0,,135586220.0
2024-11-29,32,184921300.0,0,0,0.0,0.01107,0.01107,0.01107,,,106158640.0,,106158640.0
2024-12-02,32,183871903.0,0,0,0.0,0.01187,0.01187,0.01187,,,78803294.0,,78803294.0
2024-12-03,32,185905249.0,0,0,0.0,0.00043,0.00043,0.00043,,,2964236.0,,2964236.0
2024-12-04,32,185843197.0,0,0,0.0,0.00216,0.00216,0.00216,,,15723793.0,,15723793.0
2024-12-05,32,185441334.0,0,0,0.0,8e-05,8e-05,8e-05,,,622720.0,,622720.0
2024-12-06,32,185425766.0,0,0,0.0,0.00348,0.00348,0.00348,,,24392142.0,,24392142.0
2024-12-09,32,184780172.0,0,0,0.0,0.00427,0.00427,0.00427,,,36046090.0,,36046090.0
2024-12-10,32,184262159.0,0,0,0.0,0.01763,0.01763,0.01763,,,124373757.0,,124373757.0
2024-12-11,32,181064571.0,0,0,0.0,0.00489,0.00489,0.00489,,,33546104.0,,33546104.0
2024-12-12,32,180179288.0,0,0,0.0,0.01244,0.01244,0.01244,,,84858706.0,,84858706.0
2024-12-13,32,182370136.0,0,0,0.0,0.03193,0.03193,0.03193,,,96413623.0,,96413623.0
2024-12-16,32,185788357.0,0,0,0.0,0.00893,0.00893,0.00893,,,77081076.0,,77081076.0
2024-12-17,32,187220035.0,0,0,0.0,0.00699,0.00699,0.00699,,,41502900.0,,41502900.0
2024-12-18,32,188498566.0,0,0,0.0,0.01068,0.01068,0.01068,,,85127844.0,,85127844.0
2024-12-19,32,187012873.0,0,0,0.0,0.01,0.01,0.01,,,82599900.0,,82599900.0
2024-12-20,32,185832582.0,0,0,0.0,0.02653,0.02653,0.02653,,,180034088.0,,180034088.0
2024-12-23,32,181322190.0,0,0,0.0,0.02865,0.02865,0.02865,,,160940140.0,,160940140.0
2024-12-24,32,186509210.0,1,0,0.03125,0.01532,0.0149,0.01532,,,96586912.0,,96586912.0
2024-12-26,33,189352755.0,0,0,0.0,0.00524,0.00524,0.00524,,,42745415.0,,42745415.0
2024-12-27,33,190249063.0,0,0,0.0,0.00788,0.00788,0.00788,,,65549759.0,,65549759.0
2024-12-30,33,189221189.0,0,0,0.0,0.01505,0.01505,0.01505,,,94161385.0,,94161385.0
2024-12-31,33,186466669.0,0,0,0.0,0.01704,0.01704,0.01704,,,111257484.0,,111257484.0
2025-01-02,33,183288816.0,0,0,0.0,0.00813,0.00813,0.00813,,,128988651.0,,128988651.0
2025-01-03,33,182813360.0,0,0,0.0,0.01171,0.01171,0.01171,,,73537563.0,,73537563.0
2025-01-06,33,180671895.0,0,0,0.0,0.00603,0.00603,0.00603,,,39108750.0,,39108750.0
2025-01-07,33,181655084.0,0,0,0.0,0.01315,0.01315,0.01315,,,68967139.0,,68967139.0
2025-01-08,33,181514264.0,0,0,0.0,0.01957,0.01957,0.01957,,,120996203.0,,120996203.0
2025-01-10,33,178166666.0,0,0,0.0,0.01191,0.01191,0.01191,,,57180385.0,,57180385.0
2025-01-13,33,180128797.0,0,0,0.0,0.009,0.009,0.009,,,59866728.0,,59866728.0
2025-01-14,33,178767507.0,0,0,0.0,0.00842,0.00842,0.00842,,,53189635.0,,53189635.0
2025-01-15,33,179996419.0,0,0,0.0,0.00385,0.00385,0.00385,,,24545146.0,,24545146.0
2025-01-16,33,180596515.0,0,0,0.0,0.00797,0.00797,0.00797,,,51003639.0,,51003639.0
2025-01-17,33,179157114.0,0,0,0.0,0.00076,0.00076,0.00076,,,5607265.0,,5607265.0
2025-01-21,33,179246769.0,0,0,0.0,0.01704,0.01704,0.01704,,,108887563.0,,108887563.0
2025-01-22,33,176439873.0,0,0,0.0,0.01927,0.01927,0.01927,,,122538167.0,,122538167.0
2025-01-23,33,179839332.0,0,0,0.0,0.00604,0.00604,0.00604,,,40602695.0,,40602695.0
2025-01-24,33,178753002.0,0,0,0.0,0.00617,0.00617,0.00617,,,41808046.0,,41808046.0
2025-01-27,33,177650591.0,0,0,0.0,0.00989,0.00989,0.00989,,,64838977.0,,64838977.0
2025-01-28,33,179407247.0,0,0,0.0,0.00749,0.00749,0.00749,,,48520515.0,,48520515.0
2025-01-29,33,178064084.0,0,0,0.0,0.00431,0.00431,0.00431,,,31541311.0,,31541311.0
2025-01-30,33,178806234.0,0,0,0.0,0.0039,0.0039,0.0039,,,21791793.0,,21791793.0
2025-01-31,33,179494629.0,0,0,0.0,0.01431,0.01431,0.01431,,,97667495.0,,97667495.0
2025-02-03,33,181922068.0,0,0,0.0,0.01697,0.01697,0.01697,,,109296525.0,,109296525.0
2025-02-04,33,179137321.0,0,0,0.0,3e-05,3e-05,3e-05,,,320950.0,,320950.0
2025-02-05,33,179131137.0,0,0,0.0,0.00269,0.00269,0.00269,,,26094005.0,,26094005.0
2025-02-06,33,178963725.0,0,0,0.0,0.00522,0.00522,0.00522,,,36176408.0,,36176408.0
2025-02-07,33,179642435.0,0,0,0.0,0.0076,0.0076,0.0076,,,64411893.0,,64411893.0
2025-02-10,33,179165042.0,0,0,0.0,0.01125,0.01125,0.01125,,,66391041.0,,66391041.0
2025-02-11,33,177752995.0,0,0,0.0,0.01028,0.01028,0.01028,,,75109133.0,,75109133.0
2025-02-12,33,177211223.0,2,0,0.06061,0.02025,0.01686,0.02025,,,153014146.0,,153014146.0
2025-02-13,35,174973146.0,0,0,0.0,0.01442,0.01442,0.01442,,,115126613.0,,115126613.0
2025-02-14,35,176631378.0,0,0,0.0,0.01306,0.01306,0.01306,,,128330356.0,,128330356.0
2025-02-18,35,177902495.0,0,0,0.0,0.0023,0.0023,0.0023,,,19509839.0,,19509839.0
2025-02-19,35,177789842.0,0,0,0.0,0.00838,0.00838,0.00838,,,59039419.0,,59039419.0
2025-02-20,35,179237595.0,0,0,0.0,0.00562,0.00562,0.00562,,,39364712.0,,39364712.0
2025-02-21,35,180203150.0,0,0,0.0,0.01521,0.01521,0.01521,,,105034682.0,,105034682.0
2025-02-24,35,177605638.0,0,0,0.0,0.02518,0.02518,0.02518,,,161432806.0,,161432806.0
2025-02-25,35,173133770.0,0,0,0.0,0.00814,0.00814,0.00814,,,53407428.0,,53407428.0
2025-02-26,35,174542444.0,0,0,0.0,0.03864,0.03864,0.03864,,,226472769.0,,226472769.0
2025-02-27,35,180765319.0,0,0,0.0,0.00597,0.00597,0.00597,,,36583275.0,,36583275.0
2025-02-28,35,181844878.0,0,0,0.0,0.01131,0.01131,0.01131,,,69578752.0,,69578752.0
2025-03-03,35,179947403.0,0,0,0.0,0.01091,0.01091,0.01091,,,60776777.0,,60776777.0
2025-03-04,35,178906908.0,0,0,0.0,0.00571,0.00571,0.00571,,,37028588.0,,37028588.0
2025-03-05,35,179844818.0,0,0,0.0,0.01626,0.01626,0.01626,,,107135987.0,,107135987.0
2025-03-06,35,182124911.0,0,0,0.0,0.01127,0.01127,0.01127,,,65527285.0,,65527285.0
2025-03-07,35,180072707.0,0,0,0.0,0.01688,0.01688,0.01688,,,94375977.0,,94375977.0
2025-03-10,35,177456011.0,0,0,0.0,0.01679,0.01679,0.01679,,,90039596.0,,90039596.0
2025-03-11,35,174477371.0,0,0,0.0,0.07212,0.07212,0.07212,,,385675830.0,,385675830.0
2025-03-12,35,177716423.0,0,0,0.0,0.00911,0.00911,0.00911,,,57762155.0,,57762155.0
2025-03-13,35,178328456.0,0,0,0.0,0.0139,0.0139,0.0139,,,72569820.0,,72569820.0
2025-03-14,35,175849918.0,0,0,0.0,0.01412,0.01412,0.01412,,,52368147.0,,52368147.0
2025-03-17,35,173981817.0,0,0,0.0,0.00773,0.00773,0.00773,,,17443582.0,,17443582.0
2025-03-18,35,172912017.0,0,0,0.0,0.00706,0.00706,0.00706,,,45847190.0,,45847190.0
2025-03-19,35,171937537.0,0,0,0.0,0.02565,0.02565,0.02565,,,129906210.0,,129906210.0
2025-03-20,35,168512699.0,0,0,0.0,0.02642,0.02642,0.02642,,,118219016.0,,118219016.0
2025-03-21,35,170690900.0,0,0,0.0,0.00743,0.00743,0.00743,,,50466665.0,,50466665.0
2025-03-24,35,169589888.0,0,0,0.0,0.00493,0.00493,0.00493,,,20272230.0,,20272230.0
2025-03-25,35,170360479.0,0,0,0.0,0.00913,0.00913,0.00913,,,49686940.0,,49686940.0
2025-03-26,35,171831356.0,0,0,0.0,0.00684,0.00684,0.00684,,,22300185.0,,22300185.0
2025-03-27,35,172859800.0,0,0,0.0,0.02733,0.02733,0.02733,,,164586750.0,,164586750.0
2025-03-28,35,168672160.0,0,0,0.0,0.00197,0.00197,0.00197,,,11118830.0,,11118830.0
2025-03-31,35,168340697.0,0,0,0.0,0.01179,0.01179,0.01179,,,69048901.0,,69048901.0
2025-04-01,35,166748199.0,0,0,0.0,0.02942,0.02942,0.02942,,,93072463.0,,93072463.0
2025-04-02,35,167328858.0,0,0,0.0,0.00524,0.00524,0.00524,,,23677781.0,,23677781.0
2025-04-03,35,166458485.0,0,0,0.0,0.00149,0.00149,0.00149,,,6989017.0,,6989017.0
2025-04-04,35,166210163.0,0,0,0.0,0.00927,0.00927,0.00927,,,43399461.0,,43399461.0
2025-04-07,35,164679734.0,0,0,0.0,0.01029,0.01029,0.01029,,,51079884.0,,51079884.0
2025-04-08,35,163422058.0,1,0,0.02857,0.03992,0.03899,0.03992,,,153000627.0,,153000627.0
2025-04-09,36,166158114.0,0,0,0.0,0.02603,0.02603,0.02603,,,109410388.0,,109410388.0
2025-04-10,36,168105373.0,0,0,0.0,0.02085,0.02085,0.02085,,,101865368.0,,101865368.0
2025-04-11,36,171332887.0,0,0,0.0,0.01725,0.01725,0.01725,,,87273454.0,,87273454.0
2025-04-14,36,168451882.0,0,0,0.0,0.00312,0.00312,0.00312,,,13344224.0,,13344224.0
2025-04-15,36,168776092.0,0,1,0.02778,0.01072,0.01072,0.01072,,,43016839.0,,43016839.0
2025-04-16,35,170437796.0,0,0,0.0,0.00304,0.00304,0.00304,,,16021305.0,,16021305.0
2025-04-17,35,170026087.0,0,0,0.0,0.01312,0.01312,0.01312,,,63498053.0,,63498053.0
2025-04-21,35,167795269.0,0,0,0.0,0.00879,0.00879,0.00879,,,42791008.0,,42791008.0
2025-04-22,35,166319748.0,0,1,0.02857,0.03408,0.03408,0.03408,,,161659200.0,,161659200.0
2025-04-23,34,160651338.0,0,0,0.0,0.00785,0.00785,0.00785,,,35773064.0,,35773064.0
2025-04-24,34,161803859.0,0,0,0.0,0.00661,0.00661,0.00661,,,31026740.0,,31026740.0
2025-04-25,34,162838312.0,0,0,0.0,0.00836,0.00836,0.00836,,,43799198.0,,43799198.0
2025-04-28,34,161476381.0,0,0,0.0,0.014,0.014,0.014,,,76384636.0,,76384636.0
2025-04-29,34,159216166.0,0,0,0.0,0.00696,0.00696,0.00696,,,12641582.0,,12641582.0
2025-04-30,34,160028503.0,0,0,0.0,0.00571,0.00571,0.00571,,,33026804.0,,33026804.0
2025-05-01,34,159151067.0,0,0,0.0,0.0187,0.0187,0.0187,,,117614770.0,,117614770.0
2025-05-02,34,156399964.0,1,0,0.02941,0.01604,0.01485,0.01604,,,79221215.0,,79221215.0
2025-05-05,35,158788191.0,0,0,0.0,0.01079,0.01079,0.01079,,,83469160.0,,83469160.0
2025-05-06,35,159422889.0,0,0,0.0,0.00742,0.00742,0.00742,,,21927527.0,,21927527.0
2025-05-07,35,160521034.0,0,0,0.0,0.01956,0.01956,0.01956,,,134609353.0,,134609353.0
2025-05-08,35,158411582.0,0,0,0.0,0.01218,0.01218,0.01218,,,87975368.0,,87975368.0
2025-05-09,35,159780592.0,0,0,0.0,0.0127,0.0127,0.0127,,,80796690.0,,80796690.0
2025-05-12,35,161387418.0,0,0,0.0,0.00589,0.00589,0.00589,,,38831995.0,,38831995.0
2025-05-13,35,161440207.0,0,0,0.0,0.01251,0.01251,0.01251,,,68260605.0,,68260605.0
2025-05-14,35,163416188.0,0,0,0.0,0.00898,0.00898,0.00898,,,46466512.0,,46466512.0
2025-05-15,35,163942451.0,1,0,0.02857,0.03702,0.03571,0.03702,,,262056020.0,,262056020.0
2025-05-16,36,158302358.0,0,0,0.0,0.00605,0.00605,0.00605,,,34559611.0,,34559611.0
2025-05-19,36,159185294.0,0,0,0.0,0.00257,0.00257,0.00452,0.00097,1.0,86306872.0,35217818.0,15871237.0
2025-05-20,36,159446858.0,1,0,0.02778,0.00491,0.00414,0.00491,0.00017,1.0,65848805.0,5243656.0,65848805.0
2025-05-21,37,160136729.0,0,0,0.0,0.02149,0.02149,0.02149,0.0,,128907963.0,0.0,128907963.0
2025-05-22,37,156743835.0,0,0,0.0,0.00507,0.00507,0.00507,0.0,,28054449.0,0.0,28054449.0
2025-05-23,37,155949325.0,0,0,0.0,0.01578,0.01578,0.01578,0.0,,85652450.0,0.0,85652450.0
2025-05-27,37,158401425.0,0,0,0.0,0.00102,0.00102,0.0063,0.00269,1.0,71645071.0,34078739.0,5859307.0
2025-05-28,37,158239079.0,0,0,0.0,0.0042,0.0042,0.00694,0.00189,1.0,73224170.0,25765303.0,44665441.0
2025-05-29,37,158155633.0,0,0,0.0,0.00293,0.00293,0.00777,0.00242,1.0,49203190.0,10100286.0,29002618.0
2025-05-30,37,158115953.0,0,0,0.0,0.01376,0.01376,0.01959,0.00315,1.0,88336944.0,6559642.0,80352728.0
2025-06-02,37,156273094.0,0,0,0.0,0.0072,0.0072,0.01015,0.00335,1.0,53731773.0,16882448.0,33656166.0
2025-06-03,37,155957329.0,0,0,0.0,0.00512,0.00512,0.0058,0.00359,1.0,35694187.0,21128376.0,23809533.0
2025-06-04,37,156640791.0,0,0,0.0,0.00474,0.00474,0.00701,0.00245,1.0,55603427.0,25833319.0,35625032.0
2025-06-05,37,156239727.0,0,0,0.0,0.00879,0.00879,0.05433,0.02533,1.0,247003746.0,116207225.0,54212280.0
2025-06-06,37,157322785.0,0,0,0.0,0.02937,0.02937,0.02937,0.0002,1.0,164857516.0,830202.0,164857516.0
2025-06-09,37,160499692.0,0,0,0.0,0.01715,0.01715,0.01748,0.00016,1.0,109482026.0,714894.0,108052239.0
2025-06-10,37,157746910.0,0,0,0.0,0.02154,0.02154,0.02154,7e-05,1.0,129297063.0,310333.0,129297063.0
2025-06-11,37,161035084.0,0,0,0.0,0.00605,0.00605,0.01343,0.00395,1.0,86560108.0,28565609.0,38390516.0
2025-06-12,37,160060439.0,0,0,0.0,0.0382,0.0382,0.0382,0.0,,217157636.0,0.0,217157636.0
2025-06-13,37,166175005.0,0,0,0.0,0.05263,0.05263,0.08669,0.01703,1.0,487449260.0,77268734.0,332911792.0
2025-06-16,37,157428517.0,0,0,0.0,0.03463,0.03463,0.04178,0.0036,1.0,323571594.0,71742604.0,185015645.0
2025-06-17,37,156857043.0,1,0,0.02703,0.00414,0.00276,0.00713,0.00299,1.0,118453229.0,31004109.0,76107478.0
2025-06-18,38,156895807.0,0,0,0.0,0.00599,0.00599,0.00604,0.00042,1.0,49177650.0,5186036.0,48176827.0
2025-06-20,38,156452303.0,0,0,0.0,0.01625,0.01625,0.03202,0.009,1.0,327007573.0,127927280.0,105091857.0
2025-06-23,38,158994734.0,0,0,0.0,0.02356,0.02356,0.02804,0.00662,1.0,249299948.0,76524792.0,207055841.0
2025-06-24,38,156778316.0,0,0,0.0,0.01956,0.01956,0.02174,0.0013,1.0,157609026.0,11518079.0,142508217.0
2025-06-25,38,154565252.0,0,0,0.0,0.04377,0.04377,0.0445,0.0015,1.0,297345421.0,10230672.0,288168666.0
2025-06-26,38,161330824.0,0,0,0.0,0.00886,0.00886,0.02705,0.00954,1.0,218862628.0,89865282.0,60855621.0
2025-06-27,38,160036721.0,1,0,0.02632,0.01835,0.01135,0.04447,0.01473,1.0,272946289.0,99878596.0,131112358.0
2025-06-30,39,162290249.0,0,0,0.0,0.01567,0.01567,0.01862,0.00196,1.0,174775863.0,62179424.0,105889147.0
2025-07-01,39,164325616.0,0,0,0.0,0.00398,0.00398,0.00478,0.00043,1.0,103768870.0,16526866.0,73444473.0
2025-07-02,39,164806334.0,0,0,0.0,0.01598,0.01598,0.01656,0.00073,1.0,104637703.0,8101239.0,102969689.0
2025-07-03,39,162191605.0,0,0,0.0,0.00422,0.00422,0.00422,0.00015,1.0,33713108.0,493660.0,33713108.0
2025-07-07,39,161558597.0,0,0,0.0,0.00634,0.00634,0.01302,0.00373,1.0,68478095.0,14681614.0,41621879.0
2025-07-08,39,162566489.0,0,0,0.0,0.00525,0.00525,0.00664,0.00076,1.0,37494047.0,7095509.0,24413801.0
2025-07-09,39,163338051.0,0,0,0.0,0.00266,0.00266,0.00562,0.0017,1.0,51173010.0,18690001.0,20054104.0
2025-07-10,39,163080608.0,0,0,0.0,0.00276,0.00276,0.00573,0.00218,1.0,80102144.0,36467360.0,26544228.0
2025-07-11,39,162882593.0,0,0,0.0,0.01834,0.01834,0.02091,0.00152,1.0,151045100.0,21775074.0,130610013.0
2025-07-14,39,165712850.0,0,0,0.0,0.01797,0.01797,0.01797,0.00119,1.0,118211254.0,6792189.0,118211254.0
2025-07-15,39,162754800.0,0,0,0.0,0.00475,0.00475,0.00598,0.00068,1.0,65057408.0,20213073.0,31729822.0
2025-07-16,39,163386113.0,0,0,0.0,0.00326,0.00326,0.006,0.00186,1.0,66240251.0,22563173.0,35473166.0
2025-07-17,39,162932746.0,0,0,0.0,0.01887,0.01887,0.01968,0.00054,1.0,149038881.0,10282650.0,132705396.0
2025-07-18,39,165884045.0,0,0,0.0,0.01359,0.01359,0.01359,0.00025,1.0,106209226.0,5169867.0,106209226.0
2025-07-21,39,163766103.0,0,0,0.0,0.00947,0.00947,0.05042,0.02081,1.0,460117779.0,204283198.0,73646186.0
2025-07-22,39,162270877.0,0,0,0.0,0.02512,0.02512,0.02512,0.0,,226132204.0,0.0,226132204.0
2025-07-23,39,165347577.0,0,0,0.0,0.00107,0.00107,0.00107,0.0,,8166587.0,0.0,8166587.0
2025-07-24,39,165506627.0,0,0,0.0,0.01136,0.01136,0.01959,0.00442,1.0,221759894.0,78118478.0,83915051.0
2025-07-25,39,167326222.0,0,0,0.0,0.03018,0.03018,0.03332,0.00305,1.0,246279508.0,20229234.0,233911695.0
2025-07-28,39,163006011.0,0,0,0.0,0.00578,0.00578,0.01231,0.00469,1.0,86398049.0,28293998.0,41875997.0
2025-07-29,39,162676214.0,0,0,0.0,0.02763,0.02763,0.02763,0.00252,1.0,186678393.0,11121038.0,186678393.0
2025-07-30,39,166961781.0,0,0,0.0,0.00324,0.00324,0.00984,0.00334,1.0,47997802.0,15595910.0,17822938.0
2025-07-31,39,167189511.0,0,0,0.0,0.00798,0.00798,0.0093,0.00163,1.0,55300263.0,6430250.0,51683944.0
2025-08-01,39,166760460.0,0,0,0.0,0.10986,0.10986,0.11482,0.00911,1.0,854480037.0,118657540.0,764359358.0
2025-08-04,39,185081595.0,0,0,0.0,0.07368,0.07368,0.07645,0.00183,1.0,582199147.0,19020120.0,564965899.0
2025-08-05,39,171552054.0,0,0,0.0,0.05289,0.05289,0.05596,0.00248,1.0,418677738.0,25372662.0,392103328.0
2025-08-06,39,162589264.0,0,0,0.0,0.00464,0.00464,0.00989,0.00424,1.0,137715563.0,64079387.0,36386736.0
2025-08-07,39,163150227.0,0,0,0.0,0.01377,0.01377,0.04932,0.01847,1.0,384778505.0,148305787.0,111603315.0
2025-08-08,39,165146983.0,1,0,0.02564,0.02741,0.01897,0.04249,0.00998,1.0,403858346.0,114903073.0,211796958.0
2025-08-11,40,166939224.0,0,0,0.0,0.02995,0.02995,0.03263,0.00139,1.0,244869830.0,22164144.0,201478105.0
2025-08-12,40,171361237.0,0,0,0.0,0.14644,0.14644,0.14645,0.0013,1.0,1041627449.0,6674365.0,1041530343.0
2025-08-13,40,196421931.0,0,0,0.0,0.11795,0.11795,0.11795,0.00873,1.0,1289103898.0,52161420.0,1289103898.0
2025-08-15,40,219582796.0,1,0,0.025,0.08549,0.08537,0.1076,0.01416,1.0,562739009.0,130666620.0,455951348.0
2025-08-18,41,207718804.0,0,0,0.0,0.12122,0.12122,0.14488,0.01205,1.0,1351306120.0,69259639.0,1224119818.0
2025-08-19,41,182629391.0,0,0,0.0,0.0175,0.0175,0.03901,0.02084,1.0,231640381.0,101422797.0,134616379.0
2025-08-20,41,183055784.0,0,0,0.0,0.11858,0.11858,0.12315,0.00273,1.0,1089561464.0,13646257.0,1076618923.0
2025-08-21,41,161533999.0,0,0,0.0,0.00837,0.00837,0.00918,0.0014,1.0,64047139.0,3115607.0,61946632.0
2025-08-22,41,160626055.0,0,0,0.0,0.00614,0.00614,0.00615,7e-05,1.0,41657002.0,219036.0,41540815.0
2025-08-25,41,159939449.0,0,0,0.0,0.02345,0.02345,0.02813,0.00488,1.0,208148710.0,28912427.0,172401714.0
2025-08-26,41,163687825.0,0,1,0.02439,0.01139,0.01138,0.01296,0.0034,1.0,86598464.0,23812311.0,74514448.0
2025-08-27,40,165346645.0,0,0,0.0,0.00473,0.00473,0.00803,0.00489,1.0,54159656.0,32131119.0,33633356.0
2025-08-28,40,165755055.0,0,0,0.0,0.01453,0.01453,0.01801,0.00267,1.0,126223906.0,11088523.0,119629541.0
2025-08-29,40,163519319.0,0,0,0.0,0.02291,0.02291,0.02291,0.00087,1.0,174165530.0,2009358.0,174165530.0
2025-09-02,40,160101633.0,0,0,0.0,0.01445,0.01445,0.02024,0.00359,1.0,128642175.0,19384277.0,107736491.0
2025-09-03,40,157798519.0,0,0,0.0,0.0051,0.0051,0.0051,0.0016,1.0,28551657.0,9242674.0,28551657.0
2025-09-04,40,158356789.0,0,0,0.0,0.01946,0.01946,0.01979,0.001,1.0,134810318.0,4148216.0,129598301.0
2025-09-05,40,161438281.0,0,0,0.0,0.00144,0.00144,0.00766,0.0033,1.0,49560748.0,23865953.0,7738910.0
2025-09-08,40,161459541.0,0,0,0.0,0.0075,0.0075,0.0075,0.00048,1.0,50929139.0,2822534.0,50929139.0
2025-09-09,40,162361233.0,0,0,0.0,0.08376,0.08376,0.084,0.00038,1.0,615032780.0,2685562.0,611883824.0
2025-09-10,40,175959942.0,0,0,0.0,0.09815,0.09815,0.09842,0.0014,1.0,787048137.0,7525578.0,783120934.0
2025-09-11,40,193229702.0,0,0,0.0,0.11488,0.11488,0.11539,0.00026,1.0,1039623672.0,3889632.0,1031844408.0
2025-09-12,40,215296340.0,0,0,0.0,0.06684,0.06684,0.06684,0.0,,693373424.0,0.0,693373424.0
2025-09-15,40,229603715.0,0,0,0.0,0.00916,0.00916,0.00916,0.0,,96381275.0,0.0,96381275.0
2025-09-16,40,230686655.0,0,0,0.0,0.22265,0.22265,0.23035,0.00459,1.0,2481743538.0,30891021.0,2449214015.0
2025-09-17,40,179325315.0,0,0,0.0,0.0132,0.0132,0.02278,0.00605,1.0,172537472.0,36700727.0,106848832.0
2025-09-18,40,177865815.0,0,0,0.0,0.02287,0.02287,0.0714,0.02478,1.0,448018970.0,131757822.0,201302358.0
2025-09-19,40,174757820.0,0,0,0.0,0.01733,0.01733,0.01733,0.00048,1.0,153689989.0,7526194.0,153689989.0
2025-09-22,40,171728877.0,0,0,0.0,0.06036,0.06036,0.06036,0.0,,416600043.0,0.0,416600043.0
2025-09-23,40,181434113.0,0,0,0.0,0.04512,0.04512,0.04512,0.0006,1.0,406039913.0,9997234.0,406039913.0
2025-09-24,40,173247079.0,0,0,0.0,0.12383,0.12383,0.12552,0.0019,1.0,1109689980.0,51807201.0,1058245006.0
2025-09-25,40,151793609.0,2,0,0.05,0.02361,0.02265,0.02361,0.00021,1.0,206786678.0,3540648.0,206786678.0
2025-09-26,42,148501792.0,0,0,0.0,0.032,0.032,0.03399,0.001,1.0,239700805.0,5683190.0,228334424.0
2025-09-29,42,153230662.0,0,0,0.0,0.05546,0.05546,0.05546,0.00034,1.0,398755871.0,855280.0,398755871.0
2025-09-30,42,161728828.0,0,0,0.0,0.02259,0.02259,0.02635,0.0022,1.0,210840346.0,18903920.0,175727673.0
2025-10-01,42,165381670.0,0,0,0.0,0.04395,0.04395,0.04902,0.00304,1.0,311822691.0,24252885.0,280671363.0
2025-10-02,42,172570266.0,0,0,0.0,0.02657,0.02657,0.02689,0.00084,1.0,240532765.0,14278889.0,232965318.0
2025-10-03,42,168677358.0,0,0,0.0,0.00169,0.00169,0.00172,0.0004,1.0,28309361.0,5148167.0,27131287.0
2025-10-06,42,168512609.0,0,0,0.0,0.01132,0.01132,0.01132,0.00035,1.0,100005682.0,2457755.0,100005682.0
2025-10-07,42,166638454.0,0,0,0.0,0.01106,0.01106,0.01127,0.00011,1.0,97932172.0,557638.0,96816896.0
2025-10-08,42,168463689.0,0,0,0.0,0.00573,0.00573,0.00651,0.00039,1.0,52583515.0,1922380.0,48738755.0
2025-10-09,42,169428685.0,0,0,0.0,0.00825,0.00825,0.00825,0.00026,1.0,73367603.0,1328419.0,73367603.0
2025-10-10,42,168030235.0,0,0,0.0,0.00324,0.00324,0.00324,2e-05,1.0,27924142.0,94185.0,27924142.0
2025-10-13,42,167485636.0,0,0,0.0,0.00499,0.00499,0.00499,2e-05,1.0,42021928.0,103912.0,42021928.0
2025-10-14,42,166649534.0,0,0,0.0,2e-05,2e-05,0.00346,0.00174,1.0,24821472.0,12464261.0,107049.0
2025-10-15,42,166645620.0,0,0,0.0,0.01909,0.01909,0.02499,0.003,1.0,219508885.0,33203848.0,155033001.0
2025-10-16,42,169826414.0,0,0,0.0,0.00448,0.00448,0.00448,0.0,1.0,48541339.0,5422.0,48541339.0
2025-10-17,42,169983074.0,0,0,0.0,0.0049,0.0049,0.0049,0.0,,42189037.0,0.0,42189037.0
2025-10-20,42,169150172.0,0,0,0.0,0.00985,0.00985,0.00985,0.0,,83822817.0,0.0,83822817.0
2025-10-21,42,167484772.0,0,0,0.0,0.00895,0.00895,0.00895,0.0,,78579407.0,0.0,78579407.0
2025-10-22,42,168983632.0,0,0,0.0,0.0,0.0,0.00312,0.00156,1.0,68202093.0,34101046.0,0.0
2025-10-23,42,168983632.0,0,0,0.0,0.01918,0.01918,0.03395,0.00781,1.0,205465486.0,20651703.0,174063602.0
2025-10-24,42,165901363.0,0,0,0.0,0.01862,0.01862,0.02291,0.01059,1.0,156583615.0,31978663.0,109544314.0
2025-10-27,42,168991134.0,0,0,0.0,0.01549,0.01549,0.02784,0.01163,1.0,178283767.0,68586028.0,64942511.0
2025-10-28,42,171297608.0,0,0,0.0,0.0168,0.0168,0.02156,0.00769,1.0,145635009.0,40648977.0,103380335.0
2025-10-29,42,173681747.0,0,0,0.0,0.01083,0.01083,0.02195,0.00742,1.0,92599509.0,6709916.0,88031504.0
2025-10-30,42,173710711.0,0,0,0.0,0.01341,0.01341,0.01928,0.00672,1.0,101358372.0,10083700.0,84547929.0
2025-10-31,42,173368975.0,0,0,0.0,0.01067,0.01067,0.0126,0.0011,1.0,80804461.0,13977625.0,58690312.0
2025-11-03,42,172545083.0,0,0,0.0,0.00211,0.00211,0.00627,0.00292,1.0,44214105.0,20846944.0,22935572.0
2025-11-04,42,172728107.0,0,0,0.0,0.00414,0.00414,0.00605,0.00255,1.0,61492326.0,21595115.0,34994772.0
2025-11-05,42,172763699.0,0,0,0.0,0.00539,0.00539,0.00995,0.00266,1.0,88589784.0,28690587.0,47135666.0
2025-11-06,42,172487888.0,0,0,0.0,0.01682,0.01682,0.04766,0.02193,1.0,286155998.0,107300841.0,132308783.0
2025-11-07,42,175173884.0,0,0,0.0,0.0217,0.0217,0.03959,0.01172,1.0,234127277.0,91094840.0,105393183.0
2025-11-10,42,177861539.0,0,0,0.0,0.01582,0.01582,0.01668,0.00166,1.0,127514840.0,21578650.0,108386302.0
2025-11-11,42,179806976.0,0,0,0.0,0.0,0.0,0.005,0.0025,1.0,68495220.0,34247610.0,0.0
2025-11-12,42,179806976.0,0,0,0.0,0.00658,0.00658,0.01075,0.00377,1.0,125869547.0,42790049.0,75494150.0
2025-11-13,42,179335515.0,0,0,0.0,0.01998,0.01998,0.03405,0.00774,1.0,283413008.0,60238698.0,184515609.0
2025-11-14,42,175751860.0,0,0,0.0,0.01443,0.01443,0.03424,0.0143,1.0,218593656.0,68748530.0,126463062.0
2025-11-17,42,173336274.0,0,0,0.0,0.01708,0.01708,0.0226,0.00423,1.0,124208041.0,21414550.0,96051491.0
2025-11-18,42,170758611.0,0,0,0.0,0.00973,0.00973,0.0197,0.00735,1.0,108304152.0,37155477.0,59847155.0
2025-11-19,42,172315946.0,0,0,0.0,0.02391,0.02391,0.02712,0.00541,1.0,201122762.0,41795735.0,150182794.0
2025-11-20,42,175994304.0,0,0,0.0,0.00721,0.00721,0.03851,0.02084,1.0,315481401.0,150846658.0,53479123.0
2025-11-21,42,176887355.0,0,0,0.0,0.02457,0.02457,0.03642,0.00811,1.0,280565085.0,75625945.0,179991770.0
2025-11-24,42,179695764.0,1,1,0.04762,0.03843,0.03667,0.04034,0.00661,1.0,308845967.0,58653449.0,292431784.0
2025-11-25,42,184990065.0,0,0,0.0,0.00784,0.00784,0.01939,0.0106,1.0,311520053.0,168004542.0,70528393.0
2025-11-26,42,184974498.0,1,0,0.02381,0.0111,0.01048,0.01231,0.00127,1.0,264250639.0,38550047.0,203292569.0
2025-11-28,43,184620269.0,0,0,0.0,0.00479,0.00479,0.00671,0.00139,1.0,74590731.0,8764088.0,60509587.0
2025-12-01,43,185293844.0,0,1,0.02326,0.0077,0.00769,0.00814,0.00059,1.0,69415642.0,7524221.0,59484185.0
2025-12-02,42,183867609.0,0,0,0.0,0.02459,0.02459,0.03114,0.00429,1.0,227733716.0,33099288.0,187626092.0
2025-12-03,42,179346111.0,0,1,0.02381,0.01018,0.01018,0.01031,0.001,1.0,85252810.0,4898730.0,81943201.0
2025-12-04,41,177887769.0,0,0,0.0,0.01398,0.01398,0.01588,0.00197,1.0,131339837.0,16784376.0,106011619.0
2025-12-05,41,180069026.0,0,0,0.0,0.00739,0.00739,0.00928,0.00275,1.0,127327766.0,47985042.0,60226169.0
2025-12-08,41,181032214.0,0,0,0.0,0.01958,0.01958,0.0196,0.00031,1.0,152558817.0,7922412.0,150647817.0
2025-12-09,41,184241991.0,0,0,0.0,0.01432,0.01432,0.01455,0.00013,1.0,121489593.0,427093.0,120743809.0
2025-12-10,41,181688663.0,0,0,0.0,0.0048,0.0048,0.00602,0.00074,1.0,44144853.0,2381145.0,40197076.0
2025-12-11,41,182514159.0,0,0,0.0,0.00306,0.00306,0.00403,0.00054,1.0,46682252.0,13089281.0,22536671.0
2025-12-12,41,182804690.0,0,0,0.0,0.0075,0.0075,0.00915,0.00221,1.0,134788732.0,45944612.0,71241698.0
2025-12-15,41,184170593.0,0,0,0.0,0.00654,0.00654,0.01831,0.00665,1.0,180277670.0,85879853.0,85988590.0
2025-12-16,41,183228706.0,0,0,0.0,0.01411,0.01411,0.01411,0.00041,1.0,155722511.0,1232669.0,155722511.0
2025-12-17,41,181923656.0,0,0,0.0,0.01115,0.01115,0.04522,0.01766,1.0,185567908.0,59764298.0,88791855.0
2025-12-18,41,179894626.0,0,0,0.0,0.02121,0.02121,0.02148,0.00596,1.0,102925817.0,23385910.0,81289144.0
2025-12-19,41,183119622.0,0,0,0.0,0.0108,0.0108,0.0108,0.0,1.0,98039566.0,3743.0,98039566.0
2025-12-22,41,181852738.0,0,1,0.02439,0.00731,0.00731,0.01514,0.00537,1.0,79226056.0,15270457.0,58217341.0
2025-12-23,40,183123666.0,0,0,0.0,0.00579,0.00579,0.00579,0.00177,1.0,18614683.0,2685828.0,18614683.0
2025-12-24,40,184155019.0,0,0,0.0,0.00475,0.00475,0.00483,5e-05,1.0,34383397.0,503228.0,33575003.0
2025-12-26,40,183652269.0,0,0,0.0,0.00346,0.00346,0.00368,0.00011,1.0,29272087.0,1132215.0,27007657.0
2025-12-29,40,183016412.0,0,0,0.0,0.00492,0.00492,0.00492,0.0,,37782082.0,0.0,37782082.0
2025-12-30,40,182115237.0,0,0,0.0,0.00455,0.00455,0.01086,0.00325,1.0,43188638.0,6627524.0,34537998.0
2025-12-31,40,181286103.0,0,0,0.0,0.01776,0.01776,0.01979,0.00111,1.0,161342264.0,5834574.0,153820460.0
2026-01-02,40,178065819.0,0,0,0.0,0.00102,0.00102,0.00245,0.00118,1.0,27398331.0,14811457.0,5590280.0
2026-01-05,40,178211872.0,0,0,0.0,0.01468,0.01468,0.01691,0.00185,1.0,137418341.0,27943661.0,112267318.0
2026-01-06,40,175596382.0,0,0,0.0,0.0028,0.0028,0.00399,0.00061,1.0,65043824.0,15119682.0,35341268.0
2026-01-07,40,175833894.0,0,0,0.0,0.00825,0.00825,0.00825,0.0,,72610585.0,0.0,72610585.0
2026-01-08,40,177204571.0,0,0,0.0,0.00893,0.00893,0.00893,0.0,,70405778.0,0.0,70405778.0
2026-01-09,40,178778089.0,0,0,0.0,0.00569,0.00569,0.00784,0.00111,1.0,49461288.0,3991734.0,43194240.0
2026-01-12,40,177760347.0,0,0,0.0,0.00643,0.00643,0.00933,0.00205,1.0,112391343.0,37473690.0,49153235.0
2026-01-13,40,176771401.0,0,0,0.0,0.00664,0.00664,0.00664,0.00019,1.0,67773670.0,388506.0,67773670.0
2026-01-14,40,177718728.0,0,0,0.0,0.0054,0.0054,0.00773,0.00116,1.0,197965485.0,78525031.0,40915423.0
2026-01-15,40,178679238.0,1,0,0.025,0.00768,0.00705,0.00768,0.00027,1.0,115990341.0,579100.0,115990341.0
2026-01-16,41,179901013.0,0,0,0.0,0.00233,0.00233,0.00233,0.0,,16517623.0,0.0,16517623.0
2026-01-20,41,180319911.0,0,0,0.0,0.0144,0.0144,0.01528,0.00052,1.0,146648959.0,19454753.0,111392293.0
2026-01-21,41,177724143.0,0,0,0.0,0.00775,0.00775,0.00942,0.00108,1.0,82595958.0,9009406.0,70996918.0
2026-01-22,41,178992803.0,0,0,0.0,0.0117,0.0117,0.01321,0.00083,1.0,99764072.0,5105202.0,91199428.0
2026-01-23,41,181082710.0,0,0,0.0,0.12673,0.12673,0.13201,0.00432,1.0,1057372064.0,51586147.0,996827827.0
2026-01-26,41,204030912.0,0,0,0.0,0.10527,0.10527,0.10558,0.00085,1.0,918389099.0,5536367.0,916726712.0
2026-01-27,41,182596386.0,0,0,0.0,0.01276,0.01276,0.01364,0.00065,1.0,100058846.0,2862354.0,97615174.0
2026-01-28,41,180265826.0,0,0,0.0,0.0013,0.0013,0.00522,0.00224,1.0,53524163.0,23575169.0,9617686.0
2026-01-29,41,180122285.0,0,0,0.0,0.00272,0.00272,0.00311,0.00107,1.0,29291038.0,12079186.0,26513680.0
2026-01-30,41,180459664.0,0,0,0.0,0.02116,0.02116,0.02266,0.00156,1.0,180053401.0,21006402.0,158632798.0
2026-02-02,41,176641619.0,0,0,0.0,0.00577,0.00577,0.03907,0.01809,1.0,263002195.0,122867300.0,49347411.0
2026-02-03,41,175802700.0,0,0,0.0,0.01818,0.01818,0.02729,0.00853,1.0,198618024.0,67290462.0,119522104.0
2026-02-04,41,174816084.0,0,0,0.0,0.00962,0.00962,0.01634,0.00516,1.0,243940784.0,96526990.0,72890486.0
2026-02-05,41,174046899.0,0,0,0.0,0.00623,0.00623,0.01391,0.00687,1.0,167690417.0,67610438.0,95768274.0
2026-02-06,41,174546809.0,0,0,0.0,0.00856,0.00856,0.01974,0.00862,1.0,111794868.0,44737156.0,79473675.0
2026-02-09,41,174709198.0,0,0,0.0,0.01013,0.01013,0.01133,0.00254,1.0,83503859.0,9606192.0,69633166.0
2026-02-10,41,174344526.0,0,0,0.0,0.00453,0.00453,0.00976,0.00432,1.0,31564676.0,11417631.0,24259106.0
2026-02-11,41,174874747.0,0,1,0.02439,0.01904,0.01904,0.03195,0.00786,1.0,277047280.0,92397051.0,111565572.0
2026-02-12,40,171565764.0,0,0,0.0,0.01319,0.01319,0.02797,0.01112,1.0,219536229.0,91291446.0,133022518.0
2026-02-13,40,170183153.0,0,0,0.0,0.0392,0.0392,0.04819,0.0064,1.0,278566244.0,30037796.0,255594241.0
2026-02-17,40,175519746.0,0,0,0.0,0.00823,0.00823,0.01006,0.00195,1.0,88586979.0,33001185.0,44577364.0
2026-02-18,40,174592491.0,0,0,0.0,0.01244,0.01244,0.02748,0.00947,1.0,113799846.0,13321259.0,97878103.0
2026-02-19,40,176565178.0,0,0,0.0,0.02182,0.02182,0.03571,0.01215,1.0,164117232.0,28501312.0,122280738.0
2026-02-20,40,174023784.0,0,1,0.025,0.01872,0.01872,0.02553,0.00897,1.0,152511369.0,22253548.0,136735856.0
2026-02-23,39,171417830.0,0,0,0.0,0.01243,0.01243,0.01756,0.00462,1.0,90631285.0,21079962.0,70832742.0
2026-02-24,39,169961550.0,0,0,0.0,0.01609,0.01609,0.02616,0.00548,1.0,94575409.0,6099302.0,83877759.0
2026-02-25,39,172068607.0,0,0,0.0,0.01642,0.01642,0.01851,0.00662,1.0,93393158.0,16896048.0,79438836.0
2026-02-26,39,173089401.0,0,1,0.02564,0.02056,0.02056,0.02267,0.00282,1.0,140367017.0,17806419.0,111607749.0
2026-02-27,38,174804507.0,0,0,0.0,0.00696,0.00696,0.01133,0.00377,1.0,128983697.0,45206803.0,46612829.0
2026-03-02,38,175330146.0,0,0,0.0,0.00761,0.00761,0.00782,0.00118,1.0,64977018.0,3975115.0,63650045.0
2026-03-03,38,176117080.0,0,0,0.0,0.00422,0.00422,0.01619,0.00738,1.0,230857547.0,109574192.0,25125604.0
2026-03-04,38,176579343.0,0,0,0.0,0.01171,0.01171,0.01285,0.00348,1.0,149123750.0,58227003.0,131192279.0
2026-03-05,38,175736142.0,0,0,0.0,0.01554,0.01554,0.01815,0.00301,1.0,154931173.0,20879402.0,133886555.0
2026-03-06,38,177912455.0,0,1,0.02632,0.00511,0.00511,0.00511,0.00054,1.0,36435169.0,3380577.0,36435169.0
2026-03-09,37,177764471.0,0,0,0.0,0.01275,0.01275,0.01275,0.00049,1.0,84108460.0,1824712.0,84099120.0
2026-03-10,37,175498435.0,0,0,0.0,0.0029,0.0029,0.00565,0.00183,1.0,57726677.0,22009675.0,18979196.0
2026-03-11,37,175871868.0,0,0,0.0,0.00371,0.00371,0.00525,0.00119,1.0,38160009.0,4392297.0,32636463.0
2026-03-12,37,175668421.0,0,0,0.0,0.00119,0.00119,0.00286,0.00094,1.0,25784490.0,11181534.0,4386238.0
2026-03-13,37,175462398.0,0,0,0.0,0.00188,0.00188,0.00195,0.00041,1.0,16702767.0,2718712.0,16487192.0
2026-03-16,37,175365434.0,0,0,0.0,0.01097,0.01097,0.01097,0.0,,69709960.0,0.0,69709960.0
2026-03-17,37,173442314.0,0,0,0.0,0.00797,0.00797,0.00797,0.0,,52169226.0,0.0,52169226.0
2026-03-18,37,174824579.0,0,0,0.0,0.00879,0.00879,0.00879,0.0,,57624516.0,0.0,57624516.0
2026-03-19,37,176362067.0,0,0,0.0,0.00708,0.00708,0.00798,0.00045,1.0,48534908.0,1372107.0,45790693.0
2026-03-20,37,175112858.0,0,0,0.0,0.00155,0.00155,0.00374,0.00186,1.0,26408278.0,11414079.0,8467711.0
2026-03-23,37,175384128.0,0,0,0.0,0.03564,0.03564,0.0366,0.00066,1.0,234692777.0,2099943.0,231590678.0
2026-03-24,37,169133615.0,0,0,0.0,0.00658,0.00658,0.01026,0.00243,1.0,78107323.0,21103739.0,39483427.0
2026-03-25,37,170246158.0,0,0,0.0,0.00715,0.00715,0.02423,0.009,1.0,141320050.0,55848817.0,46955203.0
2026-03-26,37,170996524.0,0,0,0.0,0.00902,0.00902,0.01302,0.00739,1.0,224122715.0,108943711.0,60371706.0
2026-03-27,37,169896713.0,0,0,0.0,0.01887,0.01887,0.01963,0.00073,1.0,174515145.0,21869430.0,159671643.0
2026-03-30,37,172649086.0,0,0,0.0,0.00237,0.00237,0.00321,0.00054,1.0,39421038.0,9586201.0,30715779.0
2026-03-31,37,172240511.0,0,0,0.0,0.00215,0.00215,0.00406,0.00204,0.27517,19920320.0,5041385.0,17646269.0
2026-04-01,37,171969032.0,0,0,0.0,0.00285,0.00285,0.00291,0.00014,1.0,17730118.0,1636917.0,17108982.0
2026-04-02,37,171900831.0,0,0,0.0,0.00328,0.00328,0.00328,1e-05,1.0,21262068.0,102342.0,21262068.0
2026-04-06,37,172464711.0,0,0,0.0,0.00935,0.00935,0.01009,0.00041,1.0,96457229.0,21498114.0,57288759.0
2026-04-07,37,170852886.0,0,0,0.0,0.00101,0.00101,0.00342,0.00133,1.0,51647141.0,19259308.0,24268609.0
2026-04-08,37,170737978.0,0,0,0.0,0.01237,0.01237,0.01245,0.00013,1.0,81198658.0,1934788.0,80312767.0
2026-04-09,37,168802242.0,0,0,0.0,0.00325,0.00325,0.0034,0.00013,1.0,22969935.0,1835314.0,20537908.0
2026-04-10,37,169338331.0,0,0,0.0,0.00744,0.00744,0.00817,0.00042,1.0,64980256.0,11777952.0,45472789.0
2026-04-13,37,168104067.0,0,0,0.0,0.00176,0.00176,0.00176,0.0,,20095586.0,0.0,20095586.0
2026-04-14,37,168355816.0,0,0,0.0,0.00755,0.00755,0.00755,0.0,,48466952.0,0.0,48466952.0
2026-04-15,37,169626806.0,0,0,0.0,0.02408,0.02408,0.02408,0.0,,162144140.0,0.0,162144140.0
2026-04-16,37,173712131.0,0,0,0.0,0.00196,0.00196,0.00196,0.0,,14454980.0,0.0,14454980.0
2026-04-17,37,174052843.0,0,0,0.0,0.00102,0.00102,0.00102,0.0,,7080637.0,0.0,7080637.0
2026-04-20,37,174230097.0,0,0,0.0,0.00627,0.00627,0.00627,0.0,,45392382.0,0.0,45392382.0
2026-04-21,37,173137820.0,0,0,0.0,0.01579,0.01579,0.01579,0.0,,113566315.0,0.0,113566315.0
2026-04-22,37,175832697.0,0,0,0.0,0.02258,0.02258,0.02258,0.0,,161030076.0,0.0,161030076.0
2026-04-23,37,179752380.0,0,0,0.0,0.03303,0.03303,0.03303,0.0,,243693287.0,0.0,243693287.0
2026-04-24,37,185690389.0,0,0,0.0,0.07428,0.07428,0.07596,0.0163,1.0,757048025.0,119077378.0,667687253.0
2026-04-28,37,199380886.0,0,0,0.0,0.14935,0.14935,0.15966,0.00515,1.0,1140395389.0,45726890.0,1048941608.0
2026-04-29,37,169616805.0,0,0,0.0,0.01907,0.01907,0.04421,0.01609,1.0,270892158.0,77641381.0,139434418.0
2026-04-30,37,167870793.0,0,0,0.0,0.06698,0.06698,0.06817,0.00098,1.0,496485525.0,64752817.0,410841948.0
2026-05-01,37,161552363.0,0,0,0.0,0.01114,0.01114,0.01671,0.00316,1.0,169989623.0,30373606.0,131513354.0
2026-05-04,37,159889040.0,0,0,0.0,0.00601,0.00601,0.00758,0.00082,1.0,79900534.0,16074931.0,49131663.0
2026-05-05,37,159558111.0,0,0,0.0,0.01029,0.01029,0.01782,0.00456,1.0,173786673.0,67512028.0,76272979.0
2026-05-06,37,157974712.0,0,0,0.0,0.00937,0.00937,0.01128,0.00137,1.0,107414142.0,16373861.0,91010861.0
2026-05-07,37,157522578.0,0,0,0.0,0.00297,0.00297,0.0038,0.00167,1.0,35841030.0,16073303.0,27243302.0
2026-05-08,37,157875918.0,0,0,0.0,0.00215,0.00215,0.00346,0.00094,1.0,52866247.0,21568492.0,17978360.0
2026-05-11,37,158162306.0,0,0,0.0,0.00147,0.00147,0.00539,0.00251,1.0,64592566.0,31663255.0,24452519.0
2026-05-12,37,158333729.0,0,0,0.0,0.02495,0.02495,0.02555,0.00059,1.0,173354448.0,4112715.0,168010676.0
2026-05-13,37,162262767.0,0,0,0.0,0.00554,0.00554,0.00561,7e-05,1.0,42126855.0,1612711.0,39876052.0
2026-05-14,37,161366424.0,0,0,0.0,0.16644,0.16644,0.1681,0.00083,1.0,1293718691.0,40471831.0,1212775029.0
2026-05-18,37,188224873.0,1,0,0.02703,0.06492,0.06411,0.06544,0.00207,1.0,551400047.0,107941622.0,542319836.0
2026-05-19,38,176311498.0,0,0,0.0,0.17099,0.17099,0.17155,0.00036,1.0,1363427731.0,3161926.0,1360775242.0
2026-05-20,38,146164327.0,0,0,0.0,0.02326,0.02326,0.02595,0.00192,1.0,210444019.0,54879220.0,132292352.0
2026-05-21,38,142765201.0,0,0,0.0,0.06611,0.06611,0.06611,0.0007,1.0,412424410.0,2706907.0,412424410.0
2026-05-22,38,152077032.0,0,0,0.0,0.00613,0.00613,0.00781,0.00107,1.0,68905625.0,17612594.0,37190373.0
2026-05-26,38,152836555.0,0,0,0.0,0.00153,0.00153,0.00175,0.00029,1.0,31714551.0,12666113.0,19625086.0
2026-05-27,38,152887511.0,0,0,0.0,0.00338,0.00338,0.0037,0.00016,1.0,44538866.0,6571965.0,31706258.0
2026-05-28,38,152418547.0,0,0,0.0,0.02797,0.02797,0.02797,0.0,,199441250.0,0.0,199441250.0
2026-05-29,38,156681579.0,0,0,0.0,0.02069,0.02069,0.02368,0.00165,1.0,189663121.0,19690062.0,153491519.0
2026-06-01,38,159923103.0,0,0,0.0,0.00232,0.00232,0.00575,0.00172,1.0,181883442.0,78546354.0,24963953.0
2026-06-02,38,159942703.0,0,0,0.0,0.00517,0.00517,0.00517,0.0,,102896020.0,0.0,102896020.0
2026-06-03,38,159535012.0,0,0,0.0,0.0,0.0,0.01029,0.00515,1.0,289412549.0,144706274.0,0.0
2026-06-04,38,159535012.0,1,0,0.02632,0.00911,0.0085,0.01959,0.00634,1.0,389925061.0,139691621.0,168513295.0
2026-06-05,39,159717485.0,0,0,0.0,0.01006,0.01006,0.01658,0.00363,1.0,200179749.0,16639033.0,174200383.0
2026-06-08,39,160322243.0,0,0,0.0,0.01122,0.01122,0.01332,0.00606,1.0,72245517.0,22391596.0,64063909.0
2026-06-09,39,158584287.0,0,0,0.0,0.00612,0.00612,0.00624,0.00017,1.0,24258219.0,1262004.0,23315654.0
2026-06-10,39,157643205.0,0,0,0.0,0.00132,0.00132,0.01025,0.00493,1.0,45178444.0,19711432.0,8528540.0
2026-06-11,39,157463156.0,0,0,0.0,0.03707,0.03707,0.10545,0.03454,1.0,538161170.0,138109234.0,267322425.0
2026-06-12,39,163163738.0,0,0,0.0,0.13077,0.13077,0.1334,0.01168,1.0,1085389295.0,54390900.0,1053693425.0
2026-06-16,39,184500803.0,0,1,0.02564,0.1495,0.1495,0.1495,0.01222,1.0,1507970474.0,216319427.0,1507970474.0
2026-06-17,38,156918305.0,0,0,0.0,0.04054,0.04054,0.04826,0.00536,1.0,499250724.0,120563224.0,309611593.0
2026-06-18,38,150557109.0,1,0,0.02632,0.01608,0.01588,0.02297,0.00503,1.0,386561013.0,132062145.0,192752521.0
2026-06-22,39,148762057.0,1,0,0.02564,0.02929,0.02828,0.03589,0.00383,1.0,322616032.0,33438673.0,277395795.0
2026-06-23,40,144707856.0,0,0,0.0,0.00564,0.00564,0.01062,0.00304,1.0,165385501.0,70402244.0,46459618.0
2026-06-24,40,144609546.0,0,0,0.0,0.00909,0.00909,0.00992,0.00081,1.0,128974654.0,23040147.0,101529291.0
2026-06-25,40,143626731.0,0,0,0.0,0.02694,0.02694,0.03908,0.00702,1.0,253425743.0,55017013.0,185544297.0
2026-06-26,40,139896996.0,0,0,0.0,0.00857,0.00857,0.01665,0.00833,1.0,151121660.0,69082903.0,64822882.0
2026-06-29,40,139978882.0,0,0,0.0,0.00832,0.00832,0.01906,0.00826,1.0,143141613.0,52669957.0,70011291.0
2026-06-30,40,140163049.0,0,0,0.0,0.00843,0.00843,0.01685,0.00882,1.0,89719153.0,40903218.0,57410136.0
2026-07-01,40,140631263.0,0,0,0.0,0.00879,0.00879,0.01137,0.00363,1.0,69304754.0,24498507.0,41304074.0
2026-07-02,40,141045339.0,0,0,0.0,0.02045,0.02045,0.023,0.00317,1.0,206722091.0,59467063.0,135166125.0
2026-07-06,40,143659107.0,0,0,0.0,0.00369,0.00369,0.00487,0.00156,1.0,84982638.0,16606849.0,61136827.0
2026-07-07,40,143825393.0,0,0,0.0,0.00754,0.00754,0.01574,0.00457,1.0,113085076.0,33730956.0,64086689.0
2026-07-08,40,142863187.0,0,2,0.05,0.00576,0.00576,0.00625,0.0015,1.0,50235042.0,21028894.0,38721041.0
2026-07-09,38,143597634.0,0,0,0.0,0.00149,0.00149,0.00639,0.00356,1.0,98006509.0,50073876.0,20821070.0
2026-07-10,38,143656165.0,0,0,0.0,0.02969,0.02969,0.03238,0.00393,1.0,243719036.0,33262462.0,203293201.0
2026-07-14,38,147720136.0,0,0,0.0,0.00788,0.00788,0.01056,0.00761,1.0,69424431.0,45518738.0,49983000.0
2026-07-15,38,148413394.0,0,0,0.0,0.0285,0.0285,0.03146,0.00275,1.0,211633646.0,20660180.0,198095274.0
2026-07-16,38,144183804.0,0,0,0.0,0.00497,0.00497,0.01032,0.00318,1.0,79277988.0,22990388.0,39774206.0
2026-07-17,38,143591378.0,0,0,0.0,0.02619,0.02619,0.02887,0.00266,1.0,197327850.0,26852869.0,179330269.0
2026-07-20,38,139830388.0,0,0,0.0,0.00481,0.00481,0.01165,0.00395,1.0,137461277.0,56632836.0,41872442.0
2026-07-21,38,139308199.0,0,0,0.0,0.00529,0.00529,0.00529,0.0,1.0,65563006.0,16132.0,65563006.0
2026-07-22,38,138981334.0,0,0,0.0,0.00627,0.00627,0.01178,0.00452,1.0,75543683.0,25204821.0,39655620.0
2026-07-23,38,139852670.0,0,0,0.0,0.00881,0.00881,0.02353,0.00777,1.0,198528709.0,73657316.0,59483399.0
2026-07-24,38,139081883.0,0,0,0.0,0.01348,0.01348,0.01348,0.00382,1.0,95278112.0,15062328.0,95278112.0
2026-07-27,38,137388438.0,0,0,0.0,0.01331,0.01331,0.01447,0.00123,1.0,98545206.0,15564084.0,83068476.0
2026-07-28,38,138917530.0,0,0,0.0,0.00181,0.00181,0.00855,0.00407,1.0,106744718.0,54666036.0,18872119.0
2026-07-29,38,138754242.0,0,0,0.0,0.02414,0.02414,0.02609,0.00232,1.0,179252853.0,32059500.0,151418707.0
2026-07-30,38,135506831.0,0,0,0.0,0.01465,0.01465,0.01566,0.00052,1.0,106081471.0,10947392.0,86792651.0
2026-07-31,38,137478980.0,0,0,0.0,0.00312,0.00312,0.0091,0.00311,1.0,87496277.0,32785957.0,24466689.0
2026-08-03,38,137081996.0,0,0,0.0,0.0092,0.0092,0.01899,0.00697,1.0,178464279.0,79304647.0,65389994.0
2026-08-04,38,136214165.0,0,0,0.0,0.00767,0.00767,0.00897,0.00086,1.0,101487067.0,9758852.0,86068886.0
2026-08-05,38,135821588.0,0,0,0.0,0.0119,0.0119,0.01861,0.00609,1.0,139122294.0,48837972.0,75682007.0
2026-08-06,38,137410179.0,0,0,0.0,0.01551,0.01551,0.02321,0.00508,1.0,150597686.0,36557612.0,109462061.0
2026-08-07,38,135390852.0,0,0,0.0,0.00598,0.00598,0.0384,0.01764,1.0,328827783.0,150001066.0,41374912.0
2026-08-10,38,135917674.0,1,0,0.02632,0.0184,0.01756,0.02335,0.0031,1.0,314404326.0,90434288.0,162996670.0
2026-08-11,39,135024856.0,0,0,0.0,0.0041,0.0041,0.01027,0.00423,1.0,143439266.0,45012808.0,96805982.0
2026-08-12,39,135261323.0,1,0,0.02564,0.00742,0.00593,0.00823,0.00157,1.0,95255107.0,23548640.0,71467879.0
2026-08-13,40,135050119.0,0,1,0.025,0.00751,0.00751,0.00958,0.00195,1.0,114559751.0,36790220.0,66816077.0
2026-08-14,39,134120621.0,0,1,0.02564,0.00248,0.00248,0.00267,0.00063,1.0,37844053.0,1175775.0,37361783.0
2026-08-17,38,134205470.0,0,0,0.0,0.00332,0.00332,0.02238,0.01029,1.0,176125901.0,79749219.0,18977473.0
2026-08-18,38,134650610.0,0,0,0.0,0.01088,0.01088,0.01416,0.00228,1.0,134228227.0,36272066.0,81653988.0
2026-08-19,38,134490969.0,0,0,0.0,0.01968,0.01968,0.04468,0.01421,1.0,299780452.0,103711869.0,136094307.0
2026-08-20,38,132190154.0,1,0,0.02632,0.02002,0.01246,0.021,0.00224,1.0,156292832.0,20051500.0,137700774.0
2026-08-21,39,133493828.0,0,0,0.0,0.00236,0.00236,0.0069,0.00282,1.0,67688900.0,31214481.0,20218355.0
2026-08-24,39,133244453.0,0,0,0.0,0.00265,0.00265,0.00413,0.00108,1.0,36587833.0,2676175.0,33742055.0
2026-08-25,39,133217255.0,0,0,0.0,0.00492,0.00492,0.00701,0.00142,1.0,71822881.0,24146122.0,30663459.0
2026-08-26,39,132694041.0,0,0,0.0,0.0259,0.0259,0.02718,0.00309,1.0,235545112.0,63684460.0,181445706.0
2026-08-27,39,129368524.0,0,0,0.0,0.00317,0.00317,0.00377,0.00093,1.0,67089289.0,7354669.0,63686856.0
2026-08-28,39,129207805.0,0,1,0.02564,0.01567,0.01566,0.01994,0.00267,1.0,213314375.0,60140054.0,106567415.0
2026-08-31,38,131216862.0,0,0,0.0,0.01096,0.01096,0.02012,0.0051,1.0,217999494.0,59519564.0,110926987.0
2026-09-01,38,130251257.0,0,0,0.0,0.01087,0.01087,0.01603,0.00585,1.0,148565252.0,55647052.0,95184275.0
2026-09-02,38,129593292.0,0,0,0.0,0.0079,0.0079,0.0079,0.00027,1.0,66546128.0,4938722.0,66546128.0
2026-09-03,38,129408050.0,0,0,0.0,0.0016,0.0016,0.0016,5e-05,1.0,13299325.0,249272.0,13299325.0
2026-09-04,38,129200626.0,0,0,0.0,0.01597,0.01597,0.01597,0.0,,110004844.0,0.0,110004844.0
