d,n0,sh0,add,rem,nt,si,se,tt,ta,ta_cov,tt_usd,ta_usd,si_usd
2014-10-31,43,568902.0,0,0,0.0,0.0,0.0,0.0,,,0.0,,0.0
2014-11-03,43,568902.0,0,0,0.0,0.0,0.0,0.0,,,0.0,,0.0
2014-11-04,43,568902.0,0,0,0.0,0.0,0.0,0.0,,,0.0,,0.0
2014-11-05,43,568902.0,0,0,0.0,0.0,0.0,0.0,,,0.0,,0.0
2014-11-06,43,568902.0,0,0,0.0,0.0,0.0,0.0,,,0.0,,0.0
2014-11-07,43,568902.0,0,1,0.02326,0.29859,0.29465,0.29859,,,2050675.0,,2050675.0
2014-11-10,42,732404.0,0,0,0.0,0.00071,0.00071,0.00071,,,6458.0,,6458.0
2014-11-11,42,731884.0,0,0,0.0,0.0,0.0,0.0,,,0.0,,0.0
2014-11-12,42,731884.0,0,0,0.0,0.0,0.0,0.0,,,0.0,,0.0
2014-11-13,42,731884.0,0,0,0.0,0.00451,0.00451,0.00451,,,285885.0,,285885.0
2014-11-14,42,731081.0,0,0,0.0,0.00199,0.00199,0.00199,,,30854.0,,30854.0
2014-11-17,42,732532.0,0,0,0.0,0.0,0.0,0.0,,,0.0,,0.0
2014-11-18,42,732532.0,0,0,0.0,0.0,0.0,0.0,,,0.0,,0.0
2014-11-19,42,732532.0,0,0,0.0,0.00725,0.00725,0.00725,,,107985.0,,107985.0
2014-11-20,42,732547.0,1,0,0.02381,0.002,0.00053,0.002,,,83478.0,,83478.0
2014-11-21,43,734014.0,0,0,0.0,0.00379,0.00379,0.00379,,,157960.0,,157960.0
2014-11-24,43,734241.0,0,0,0.0,0.0,0.0,0.0,,,0.0,,0.0
2014-11-25,43,734241.0,0,0,0.0,0.0,0.0,0.0,,,0.0,,0.0
2014-11-26,43,734241.0,0,0,0.0,0.00295,0.00295,0.00295,,,54661.0,,54661.0
2014-11-28,43,734035.0,0,0,0.0,0.0,0.0,0.0,,,0.0,,0.0
2014-12-01,43,734035.0,0,0,0.0,0.0,0.0,0.0,,,0.0,,0.0
2014-12-02,43,734035.0,0,0,0.0,0.0,0.0,0.0,,,0.0,,0.0
2014-12-03,43,734035.0,0,0,0.0,0.0,0.0,0.0,,,0.0,,0.0
2014-12-04,43,734035.0,0,0,0.0,0.00266,0.00266,0.00266,,,61713.0,,61713.0
2014-12-05,43,734680.0,0,0,0.0,0.0,0.0,0.0,,,0.0,,0.0
2014-12-08,43,734680.0,0,0,0.0,0.0,0.0,0.0,,,0.0,,0.0
2014-12-09,43,734680.0,0,0,0.0,0.0,0.0,0.0,,,0.0,,0.0
2014-12-10,43,734680.0,0,0,0.0,0.0,0.0,0.0,,,0.0,,0.0
2014-12-11,43,734680.0,0,1,0.02326,0.02462,0.02248,0.02462,,,585905.0,,585905.0
2014-12-12,42,736304.0,0,0,0.0,0.0,0.0,0.0,,,0.0,,0.0
2014-12-15,42,736304.0,0,0,0.0,0.0,0.0,0.0,,,0.0,,0.0
2014-12-16,42,736304.0,0,0,0.0,0.0,0.0,0.0,,,0.0,,0.0
2014-12-17,42,736304.0,0,0,0.0,0.0,0.0,0.0,,,0.0,,0.0
2014-12-18,42,736304.0,0,0,0.0,0.00109,0.00109,0.00109,,,12000.0,,12000.0
2014-12-19,42,735504.0,0,0,0.0,0.00041,0.00041,0.00041,,,4458.0,,4458.0
2014-12-22,42,735204.0,0,0,0.0,0.00167,0.00167,0.00167,,,58621.0,,58621.0
2014-12-23,42,734761.0,0,0,0.0,0.00041,0.00041,0.00041,,,4467.0,,4467.0
2014-12-24,42,734461.0,0,0,0.0,0.0,0.0,0.0,,,0.0,,0.0
2014-12-26,42,734461.0,0,0,0.0,0.0,0.0,0.0,,,0.0,,0.0
2014-12-29,42,734461.0,0,0,0.0,0.0,0.0,0.0,,,0.0,,0.0
2014-12-30,42,734461.0,0,0,0.0,0.0,0.0,0.0,,,0.0,,0.0
2014-12-31,42,734461.0,0,0,0.0,0.0,0.0,0.0,,,0.0,,0.0
2015-01-02,42,734461.0,0,0,0.0,0.0,0.0,0.0,,,0.0,,0.0
2015-01-05,42,734461.0,0,0,0.0,0.0,0.0,0.0,,,0.0,,0.0
2015-01-06,42,734461.0,0,0,0.0,0.0,0.0,0.0,,,0.0,,0.0
2015-01-07,42,734461.0,0,0,0.0,0.0,0.0,0.0,,,0.0,,0.0
2015-01-08,42,734461.0,0,1,0.02381,0.06694,0.06441,0.06694,,,188152.0,,188152.0
2015-01-09,41,778654.0,0,0,0.0,0.0,0.0,0.0,,,0.0,,0.0
2015-01-12,41,778654.0,0,0,0.0,0.0,0.0,0.0,,,0.0,,0.0
2015-01-13,41,778654.0,0,1,0.02439,0.00454,0.00418,0.00454,,,74734.0,,74734.0
2015-01-14,40,781120.0,0,0,0.0,0.0,0.0,0.0,,,0.0,,0.0
2015-01-15,40,781120.0,0,0,0.0,0.01324,0.01324,0.01324,,,318291.0,,318291.0
2015-01-16,40,785282.0,0,0,0.0,0.0,0.0,0.0,,,0.0,,0.0
2015-01-20,40,785282.0,0,0,0.0,0.0,0.0,0.0,,,0.0,,0.0
2015-01-21,40,785282.0,0,0,0.0,0.0,0.0,0.0,,,0.0,,0.0
2015-01-22,40,785282.0,0,0,0.0,0.01559,0.01559,0.01559,,,420158.0,,420158.0
2015-01-23,40,789923.0,0,0,0.0,0.0,0.0,0.0,,,0.0,,0.0
2015-01-26,40,789923.0,0,0,0.0,0.0,0.0,0.0,,,0.0,,0.0
2015-01-27,40,789923.0,0,0,0.0,0.0,0.0,0.0,,,0.0,,0.0
2015-01-28,40,789923.0,0,0,0.0,0.0584,0.0584,0.0584,,,118763.0,,118763.0
2015-01-29,40,832525.0,0,0,0.0,0.0,0.0,0.0,,,0.0,,0.0
2015-01-30,40,832525.0,0,0,0.0,0.06139,0.06139,0.06139,,,146771.0,,146771.0
2015-02-02,40,875630.0,0,0,0.0,0.0,0.0,0.0,,,0.0,,0.0
2015-02-03,40,875630.0,0,0,0.0,0.00218,0.00218,0.00218,,,97444.0,,97444.0
2015-02-04,40,876300.0,0,0,0.0,0.00844,0.00844,0.00844,,,356889.0,,356889.0
2015-02-05,40,874500.0,0,0,0.0,0.11096,0.11096,0.11096,,,964190.0,,964190.0
2015-02-06,40,971535.0,0,0,0.0,0.0023,0.0023,0.0023,,,16368.0,,16368.0
2015-02-09,40,973771.0,0,0,0.0,0.00081,0.00081,0.00081,,,39087.0,,39087.0
2015-02-10,40,974044.0,0,0,0.0,0.0,0.0,0.0,,,0.0,,0.0
2015-02-11,40,974044.0,1,1,0.05,0.00677,0.0,0.00677,,,256909.0,,256909.0
2015-02-12,40,971537.0,0,0,0.0,0.00021,0.00021,0.00021,,,5452.0,,5452.0
2015-02-13,40,971737.0,0,0,0.0,0.00499,0.00499,0.00499,,,139802.0,,139802.0
2015-02-17,40,974643.0,0,0,0.0,0.00156,0.00156,0.00156,,,115595.0,,115595.0
2015-02-18,40,975081.0,0,0,0.0,0.0,0.0,0.0,,,0.0,,0.0
2015-02-19,40,975081.0,0,0,0.0,0.0,0.0,0.0,,,0.0,,0.0
2015-02-20,40,975081.0,0,0,0.0,0.0,0.0,0.0,,,65.0,,65.0
2015-02-23,40,975080.0,0,0,0.0,0.0,0.0,0.0,,,0.0,,0.0
2015-02-24,40,975080.0,1,0,0.025,0.00514,0.00315,0.00514,,,291247.0,,291247.0
2015-02-25,41,975362.0,0,0,0.0,0.00117,0.00117,0.00117,,,60420.0,,60420.0
2015-02-26,41,975845.0,0,0,0.0,0.0,0.0,0.0,,,0.0,,0.0
2015-02-27,41,975845.0,0,0,0.0,0.0,0.0,0.0,,,0.0,,0.0
2015-03-02,41,975845.0,0,0,0.0,0.0,0.0,0.0,,,0.0,,0.0
2015-03-03,41,975845.0,0,1,0.02439,0.00781,0.00769,0.00781,,,137455.0,,137455.0
2015-03-04,40,977431.0,0,0,0.0,0.0,0.0,0.0,,,0.0,,0.0
2015-03-05,40,977431.0,0,0,0.0,0.0,0.0,0.0,,,0.0,,0.0
2015-03-06,40,977431.0,0,0,0.0,0.0,0.0,0.0,,,0.0,,0.0
2015-03-09,40,977431.0,0,0,0.0,0.0,0.0,0.0,,,0.0,,0.0
2015-03-10,40,977431.0,0,0,0.0,0.0,0.0,0.0,,,0.0,,0.0
2015-03-11,40,977431.0,0,1,0.025,0.01185,0.00909,0.01185,,,433640.0,,433640.0
2015-03-12,39,980880.0,0,0,0.0,0.0,0.0,0.0,,,0.0,,0.0
2015-03-13,39,980880.0,0,0,0.0,0.0,0.0,0.0,,,0.0,,0.0
2015-03-16,39,980880.0,0,0,0.0,0.0082,0.0082,0.0082,,,128577.0,,128577.0
2015-03-17,39,982470.0,0,0,0.0,0.0,0.0,0.0,,,0.0,,0.0
2015-03-18,39,982470.0,0,0,0.0,0.0,0.0,0.0,,,0.0,,0.0
2015-03-19,39,982470.0,1,1,0.05128,0.0158,0.01246,0.0158,,,468701.0,,468701.0
2015-03-20,39,985376.0,0,0,0.0,0.0,0.0,0.0,,,0.0,,0.0
2015-03-23,39,985376.0,0,0,0.0,0.00124,0.00124,0.00124,,,20407.0,,20407.0
2015-03-24,39,985647.0,0,0,0.0,0.00578,0.00578,0.00578,,,203297.0,,203297.0
2015-03-25,39,982327.0,0,0,0.0,0.0,0.0,0.0,,,0.0,,0.0
2015-03-26,39,982327.0,0,0,0.0,0.0,0.0,0.0,,,0.0,,0.0
2015-03-27,39,982327.0,0,0,0.0,0.00206,0.00206,0.00206,,,73197.0,,73197.0
2015-03-30,39,981514.0,0,0,0.0,0.00957,0.00957,0.00957,,,178466.0,,178466.0
2015-03-31,39,980105.0,1,0,0.02564,0.00486,0.00338,0.00486,,,218866.0,,218866.0
2015-04-01,40,981321.0,0,0,0.0,0.0,0.0,0.0,,,0.0,,0.0
2015-04-02,40,981321.0,0,0,0.0,0.0,0.0,0.0,,,0.0,,0.0
2015-04-06,40,981321.0,1,0,0.025,0.04199,0.04078,0.04199,,,174192.0,,174192.0
2015-04-07,41,942798.0,0,0,0.0,0.0,0.0,0.0,,,0.0,,0.0
2015-04-08,41,942798.0,0,0,0.0,0.00038,0.00038,0.00038,,,27883.0,,27883.0
2015-04-09,41,942754.0,0,0,0.0,0.0,0.0,0.0,,,0.0,,0.0
2015-04-10,41,942754.0,0,0,0.0,0.0,0.0,0.0,,,0.0,,0.0
2015-04-13,41,942754.0,0,0,0.0,0.0,0.0,0.0,,,0.0,,0.0
2015-04-14,41,942754.0,1,1,0.04878,0.0122,0.01026,0.0122,,,461335.0,,461335.0
2015-04-15,41,940779.0,0,0,0.0,0.0,0.0,0.0,,,0.0,,0.0
2015-04-16,41,940779.0,0,0,0.0,0.0,0.0,0.0,,,0.0,,0.0
2015-04-17,41,940779.0,0,0,0.0,0.00072,0.00072,0.00072,,,6102.0,,6102.0
2015-04-20,41,940101.0,0,0,0.0,0.00179,0.00179,0.00179,,,83466.0,,83466.0
2015-04-21,41,940701.0,1,0,0.02439,0.00361,0.00216,0.00361,,,196096.0,,196096.0
2015-04-22,42,942067.0,0,0,0.0,0.00042,0.00042,0.00042,,,25230.0,,25230.0
2015-04-23,42,942067.0,0,0,0.0,0.0,0.0,0.0,,,0.0,,0.0
2015-04-24,42,942067.0,0,0,0.0,0.09883,0.09883,0.09883,,,1024579.0,,1024579.0
2015-04-27,42,1035174.0,0,1,0.02381,0.01368,0.01064,0.01368,,,636760.0,,636760.0
2015-04-28,41,1032630.0,0,0,0.0,0.00663,0.00663,0.00663,,,208718.0,,208718.0
2015-04-29,41,1029714.0,0,0,0.0,0.0,0.0,0.0,,,0.0,,0.0
2015-04-30,41,1029714.0,0,0,0.0,0.17739,0.17739,0.17739,,,2057557.0,,2057557.0
2015-05-01,41,1210769.0,0,0,0.0,0.0,0.0,0.0,,,0.0,,0.0
2015-05-04,41,1210769.0,0,0,0.0,0.0043,0.0043,0.0043,,,151117.0,,151117.0
2015-05-05,41,1207977.0,0,0,0.0,0.00113,0.00113,0.00113,,,93962.0,,93962.0
2015-05-06,41,1208537.0,0,0,0.0,0.0,0.0,0.0,,,0.0,,0.0
2015-05-07,41,1208537.0,0,0,0.0,0.01982,0.01982,0.01982,,,406610.0,,406610.0
2015-05-08,41,1204078.0,0,0,0.0,1e-05,1e-05,1e-05,,,463.0,,463.0
2015-05-11,41,1204061.0,0,0,0.0,0.10096,0.10096,0.10096,,,126091.0,,126091.0
2015-05-12,41,1323776.0,0,0,0.0,0.03813,0.03813,0.03813,,,47926.0,,47926.0
2015-05-13,41,1373619.0,0,0,0.0,0.0,0.0,0.0,,,0.0,,0.0
2015-05-14,41,1373619.0,0,0,0.0,0.00579,0.00579,0.00579,,,132328.0,,132328.0
2015-05-15,41,1374468.0,1,0,0.02439,0.00548,0.0032,0.00548,,,137709.0,,137709.0
2015-05-18,42,1373214.0,0,1,0.02381,0.00385,0.00311,0.00385,,,135405.0,,135405.0
2015-05-19,41,1376451.0,0,0,0.0,0.01172,0.01172,0.01172,,,294975.0,,294975.0
2015-05-20,41,1373066.0,0,0,0.0,0.00065,0.00065,0.00065,,,42353.0,,42353.0
2015-05-21,41,1373546.0,0,0,0.0,0.0,0.0,0.0,,,0.0,,0.0
2015-05-22,41,1373546.0,0,0,0.0,0.0,0.0,0.0,,,0.0,,0.0
2015-05-26,41,1373546.0,0,0,0.0,0.00203,0.00203,0.00203,,,75616.0,,75616.0
2015-05-27,41,1373990.0,0,0,0.0,0.00186,0.00186,0.00186,,,62591.0,,62591.0
2015-05-28,41,1372550.0,0,0,0.0,0.0,0.0,0.0,,,0.0,,0.0
2015-05-29,41,1372550.0,0,0,0.0,0.0,0.0,0.0,,,0.0,,0.0
2015-06-01,41,1372550.0,0,0,0.0,0.0,0.0,0.0,,,0.0,,0.0
2015-06-02,41,1372550.0,0,0,0.0,0.01174,0.01174,0.01174,,,385424.0,,385424.0
2015-06-03,41,1367140.0,0,0,0.0,0.0,0.0,0.0,,,0.0,,0.0
2015-06-04,41,1367140.0,0,0,0.0,0.0,0.0,0.0,,,0.0,,0.0
2015-06-05,41,1367140.0,1,0,0.02439,0.00478,0.00291,0.00478,,,131456.0,,131456.0
2015-06-08,42,1365725.0,0,0,0.0,0.0,0.0,0.0,,,0.0,,0.0
2015-06-09,42,1365725.0,0,0,0.0,0.00173,0.00173,0.00173,,,105890.0,,105890.0
2015-06-10,42,1366510.0,0,0,0.0,0.00068,0.00068,0.00068,,,78364.0,,78364.0
2015-06-11,42,1366439.0,0,0,0.0,0.0,0.0,0.0,,,0.0,,0.0
2015-06-12,42,1366439.0,0,0,0.0,0.0,0.0,0.0,,,0.0,,0.0
2015-06-15,42,1366439.0,0,0,0.0,0.00454,0.00454,0.00454,,,165782.0,,165782.0
2015-06-16,42,1365392.0,0,0,0.0,0.00245,0.00245,0.00245,,,71951.0,,71951.0
2015-06-17,42,1368675.0,0,0,0.0,0.0,0.0,0.0,,,0.0,,0.0
2015-06-18,42,1368675.0,0,0,0.0,0.00061,0.00061,0.00061,,,55840.0,,55840.0
2015-06-19,42,1368738.0,0,0,0.0,0.00065,0.00065,0.00065,,,35970.0,,35970.0
2015-06-22,42,1368258.0,0,0,0.0,0.0,0.0,0.0,,,0.0,,0.0
2015-06-23,42,1368258.0,0,0,0.0,0.00104,0.00104,0.00104,,,99054.0,,99054.0
2015-06-24,42,1368095.0,0,0,0.0,0.0,0.0,0.0,,,0.0,,0.0
2015-06-25,42,1368095.0,0,0,0.0,0.0,0.0,0.0,,,0.0,,0.0
2015-06-26,42,1368095.0,0,0,0.0,0.0,0.0,0.0,,,0.0,,0.0
2015-06-29,42,1368095.0,0,0,0.0,0.00635,0.00635,0.00635,,,101034.0,,101034.0
2015-06-30,42,1361470.0,0,0,0.0,0.13535,0.13535,0.13535,,,1239577.0,,1239577.0
2015-07-01,42,1542665.0,0,0,0.0,0.0,0.0,0.0,,,0.0,,0.0
2015-07-02,42,1542665.0,0,0,0.0,0.0,0.0,0.0,,,0.0,,0.0
2015-07-06,42,1542665.0,0,0,0.0,0.0,0.0,0.0,,,0.0,,0.0
2015-07-07,42,1542665.0,0,0,0.0,0.0,0.0,0.0,,,0.0,,0.0
2015-07-08,42,1542665.0,0,1,0.02381,0.05357,0.05349,0.05357,,,599300.0,,599300.0
2015-07-09,41,1599716.0,0,0,0.0,0.00735,0.00735,0.00735,,,272473.0,,272473.0
2015-07-10,41,1599158.0,0,0,0.0,0.07372,0.07372,0.07372,,,363702.0,,363702.0
2015-07-13,41,1711602.0,0,0,0.0,0.00108,0.00108,0.00108,,,68505.0,,68505.0
2015-07-14,41,1711515.0,0,0,0.0,0.00256,0.00256,0.00256,,,167232.0,,167232.0
2015-07-15,41,1712964.0,0,0,0.0,0.0,0.0,0.0,,,0.0,,0.0
2015-07-16,41,1712964.0,0,0,0.0,0.0,0.0,0.0,,,0.0,,0.0
2015-07-17,41,1712964.0,1,1,0.04878,0.00194,0.00104,0.00194,,,116351.0,,116351.0
2015-07-20,41,1714340.0,0,0,0.0,0.00092,0.00092,0.00092,,,84616.0,,84616.0
2015-07-21,41,1713614.0,0,0,0.0,0.0,0.0,0.0,,,0.0,,0.0
2015-07-22,41,1713614.0,0,0,0.0,0.0,0.0,0.0,,,0.0,,0.0
2015-07-23,41,1713614.0,0,1,0.02439,0.00487,0.00221,0.00487,,,269732.0,,269732.0
2015-07-24,40,1712816.0,0,0,0.0,0.0,0.0,0.0,,,0.0,,0.0
2015-07-27,40,1712816.0,0,0,0.0,0.0025,0.0025,0.0025,,,256981.0,,256981.0
2015-07-28,40,1713851.0,0,0,0.0,0.0,0.0,0.0,,,0.0,,0.0
2015-07-29,40,1713851.0,0,0,0.0,0.0028,0.0028,0.0028,,,215983.0,,215983.0
2015-07-30,40,1717456.0,0,0,0.0,0.0021,0.0021,0.0021,,,95185.0,,95185.0
2015-07-31,40,1715060.0,0,0,0.0,0.0,0.0,0.0,,,0.0,,0.0
2015-08-03,40,1715060.0,0,0,0.0,0.0,0.0,0.0,,,0.0,,0.0
2015-08-04,40,1715060.0,0,1,0.025,0.00879,0.00804,0.00879,,,784080.0,,784080.0
2015-08-05,39,1719264.0,0,0,0.0,0.0,0.0,0.0,,,0.0,,0.0
2015-08-06,39,1719264.0,0,0,0.0,0.00645,0.00645,0.00645,,,313777.0,,313777.0
2015-08-07,39,1721884.0,0,0,0.0,0.00209,0.00209,0.00209,,,111648.0,,111648.0
2015-08-10,39,1724281.0,0,0,0.0,0.00044,0.00044,0.00044,,,36566.0,,36566.0
2015-08-11,39,1724524.0,0,0,0.0,0.0,0.0,0.0,,,0.0,,0.0
2015-08-12,39,1724524.0,0,0,0.0,0.0,0.0,0.0,,,0.0,,0.0
2015-08-13,39,1724524.0,0,0,0.0,0.0,0.0,0.0,,,0.0,,0.0
2015-08-14,39,1724524.0,0,0,0.0,0.0,0.0,0.0,,,0.0,,0.0
2015-08-17,39,1724524.0,0,0,0.0,0.03343,0.03343,0.03343,,,127161.0,,127161.0
2015-08-18,39,1671743.0,0,0,0.0,0.00502,0.00502,0.00502,,,257595.0,,257595.0
2015-08-19,39,1672139.0,0,0,0.0,0.0,0.0,0.0,,,0.0,,0.0
2015-08-20,39,1672139.0,0,0,0.0,0.0,0.0,0.0,,,0.0,,0.0
2015-08-21,39,1672139.0,0,0,0.0,0.0,0.0,0.0,,,0.0,,0.0
2015-08-24,39,1672139.0,0,0,0.0,0.0,0.0,0.0,,,0.0,,0.0
2015-08-25,39,1672139.0,0,0,0.0,0.01653,0.01653,0.01653,,,621651.0,,621651.0
2015-08-26,39,1677803.0,0,0,0.0,0.0,0.0,0.0,,,0.0,,0.0
2015-08-27,39,1677803.0,0,0,0.0,0.0,0.0,0.0,,,0.0,,0.0
2015-08-28,39,1677803.0,0,1,0.02564,0.0053,0.00139,0.0053,,,250652.0,,250652.0
2015-08-31,38,1673567.0,0,0,0.0,0.0,0.0,0.0,,,0.0,,0.0
2015-09-01,38,1673567.0,0,0,0.0,0.00099,0.00099,0.00099,,,76220.0,,76220.0
2015-09-02,38,1673177.0,0,0,0.0,0.0,0.0,0.0,,,0.0,,0.0
2015-09-03,38,1673177.0,0,0,0.0,0.00104,0.00104,0.00104,,,67603.0,,67603.0
2015-09-04,38,1672637.0,0,0,0.0,0.00046,0.00046,0.00046,,,29289.0,,29289.0
2015-09-08,38,1672377.0,0,0,0.0,0.00034,0.00034,0.00034,,,38540.0,,38540.0
2015-09-09,38,1672503.0,0,0,0.0,0.00489,0.00489,0.00489,,,201762.0,,201762.0
2015-09-10,38,1674373.0,0,0,0.0,0.00241,0.00241,0.00241,,,119262.0,,119262.0
2015-09-11,38,1674495.0,0,0,0.0,0.0,0.0,0.0,,,0.0,,0.0
2015-09-14,38,1674495.0,0,0,0.0,0.00121,0.00121,0.00121,,,165452.0,,165452.0
2015-09-15,38,1675320.0,0,0,0.0,0.0,0.0,0.0,,,0.0,,0.0
2015-09-16,38,1675320.0,0,0,0.0,0.0,0.0,0.0,,,0.0,,0.0
2015-09-17,38,1675320.0,1,1,0.05263,0.04103,0.0386,0.04103,,,199855.0,,199855.0
2015-09-18,38,1614498.0,0,0,0.0,0.0,0.0,0.0,,,0.0,,0.0
2015-09-21,38,1614498.0,0,0,0.0,0.0,0.0,0.0,,,0.0,,0.0
2015-09-22,38,1614498.0,0,0,0.0,0.0,0.0,0.0,,,0.0,,0.0
2015-09-24,38,1614498.0,0,0,0.0,0.01082,0.01082,0.01082,,,300793.0,,300793.0
2015-09-25,38,1611030.0,0,0,0.0,0.0,0.0,0.0,,,0.0,,0.0
2015-09-28,38,1611030.0,0,0,0.0,0.0,0.0,0.0,,,0.0,,0.0
2015-09-29,38,1611030.0,0,0,0.0,0.0,0.0,0.0,,,0.0,,0.0
2015-09-30,38,1611030.0,0,0,0.0,0.0,0.0,0.0,,,0.0,,0.0
2015-10-01,38,1611030.0,0,2,0.05263,0.09066,0.07734,0.09066,,,873203.0,,873203.0
2015-10-02,36,1495001.0,0,0,0.0,0.0,0.0,0.0,,,0.0,,0.0
2015-10-05,36,1495001.0,0,0,0.0,0.0,0.0,0.0,,,0.0,,0.0
2015-10-06,36,1495001.0,0,0,0.0,0.06801,0.06801,0.06801,,,202479.0,,202479.0
2015-10-07,36,1401145.0,0,0,0.0,0.01128,0.01128,0.01128,,,10278.0,,10278.0
2015-10-08,36,1385345.0,0,0,0.0,0.03782,0.03782,0.03782,,,128565.0,,128565.0
2015-10-09,36,1335796.0,0,0,0.0,0.04147,0.04147,0.04147,,,114463.0,,114463.0
2015-10-12,36,1286407.0,0,0,0.0,0.0,0.0,0.0,,,0.0,,0.0
2015-10-13,36,1286407.0,0,0,0.0,0.00199,0.00199,0.00199,,,74322.0,,74322.0
2015-10-14,36,1286881.0,0,0,0.0,0.00124,0.00124,0.00124,,,48378.0,,48378.0
2015-10-15,36,1287354.0,0,0,0.0,0.0,0.0,0.0,,,0.0,,0.0
2015-10-16,36,1287354.0,0,0,0.0,0.03194,0.03194,0.03194,,,55457.0,,55457.0
2015-10-19,36,1248474.0,0,0,0.0,0.0,0.0,0.0,,,0.0,,0.0
2015-10-20,36,1248474.0,0,0,0.0,0.03791,0.03791,0.03791,,,65079.0,,65079.0
2015-10-21,36,1202207.0,0,0,0.0,0.0,0.0,0.0,,,0.0,,0.0
2015-10-22,36,1202207.0,0,0,0.0,0.0,0.0,0.0,,,0.0,,0.0
2015-10-23,36,1202207.0,0,0,0.0,0.0,0.0,0.0,,,0.0,,0.0
2015-10-26,36,1202207.0,0,0,0.0,0.0,0.0,0.0,,,0.0,,0.0
2015-10-27,36,1202207.0,0,0,0.0,0.0,0.0,0.0,,,0.0,,0.0
2015-10-28,36,1202207.0,0,0,0.0,0.0,0.0,0.0,,,0.0,,0.0
2015-10-29,36,1202207.0,0,0,0.0,0.0,0.0,0.0,,,0.0,,0.0
2015-10-30,36,1202207.0,0,0,0.0,0.0,0.0,0.0,,,0.0,,0.0
2015-11-02,36,1202207.0,0,0,0.0,0.0,0.0,0.0,,,0.0,,0.0
2015-11-03,36,1202207.0,0,0,0.0,0.0,0.0,0.0,,,0.0,,0.0
2015-11-04,36,1202207.0,0,0,0.0,0.0,0.0,0.0,,,0.0,,0.0
2015-11-05,36,1202207.0,0,0,0.0,0.0,0.0,0.0,,,0.0,,0.0
2015-11-06,36,1202207.0,0,0,0.0,0.0,0.0,0.0,,,0.0,,0.0
2015-11-09,36,1202207.0,1,1,0.05556,0.09348,0.08317,0.09348,,,890167.0,,890167.0
2015-11-10,36,1133871.0,0,0,0.0,0.00355,0.00355,0.00355,,,54267.0,,54267.0
2015-11-11,36,1134723.0,0,0,0.0,0.00405,0.00405,0.00405,,,63972.0,,63972.0
2015-11-12,36,1138203.0,0,0,0.0,0.00647,0.00647,0.00647,,,85297.0,,85297.0
2015-11-13,36,1142411.0,1,0,0.02778,0.03897,0.03852,0.03897,,,64585.0,,64585.0
2015-11-16,37,1098933.0,0,0,0.0,0.00718,0.00718,0.00718,,,113108.0,,113108.0
2015-11-17,37,1104981.0,0,0,0.0,0.00482,0.00482,0.00482,,,104469.0,,104469.0
2015-11-18,37,1107078.0,0,0,0.0,0.00243,0.00243,0.00243,,,52227.0,,52227.0
2015-11-19,37,1107532.0,0,0,0.0,0.0,0.0,0.0,,,0.0,,0.0
2015-11-20,37,1107532.0,0,0,0.0,0.0,0.0,0.0,,,0.0,,0.0
2015-11-23,37,1107532.0,0,0,0.0,0.00484,0.00484,0.00484,,,130465.0,,130465.0
2015-11-24,37,1110785.0,0,0,0.0,0.0,0.0,0.0,,,0.0,,0.0
2015-11-25,37,1110785.0,0,0,0.0,0.00178,0.00178,0.00178,,,67686.0,,67686.0
2015-11-27,37,1111699.0,0,0,0.0,0.0,0.0,0.0,,,0.0,,0.0
2015-11-30,37,1111699.0,0,0,0.0,0.0,0.0,0.0,,,0.0,,0.0
2015-12-01,37,1111699.0,0,0,0.0,0.0,0.0,0.0,,,0.0,,0.0
2015-12-02,37,1111699.0,0,0,0.0,0.0,0.0,0.0,,,0.0,,0.0
2015-12-03,37,1111699.0,0,0,0.0,0.0,0.0,0.0,,,0.0,,0.0
2015-12-04,37,1111699.0,0,0,0.0,0.0,0.0,0.0,,,0.0,,0.0
2015-12-07,37,1111699.0,0,0,0.0,0.00045,0.00045,0.00045,,,25628.0,,25628.0
2015-12-08,37,1111802.0,0,0,0.0,0.0,0.0,0.0,,,0.0,,0.0
2015-12-09,37,1111802.0,0,0,0.0,0.00508,0.00508,0.00508,,,85763.0,,85763.0
2015-12-10,37,1114123.0,0,0,0.0,0.0,0.0,0.0,,,0.0,,0.0
2015-12-11,37,1114123.0,0,0,0.0,0.0,0.0,0.0,,,0.0,,0.0
2015-12-14,37,1114123.0,0,0,0.0,0.0,0.0,0.0,,,0.0,,0.0
2015-12-15,37,1114123.0,0,0,0.0,0.0,0.0,0.0,,,0.0,,0.0
2015-12-16,37,1114123.0,0,0,0.0,0.0,0.0,0.0,,,0.0,,0.0
2015-12-17,37,1114123.0,0,0,0.0,0.0,0.0,0.0,,,0.0,,0.0
2015-12-18,37,1114123.0,0,0,0.0,0.0,0.0,0.0,,,0.0,,0.0
2015-12-21,37,1114123.0,0,0,0.0,0.0,0.0,0.0,,,0.0,,0.0
2015-12-22,37,1114123.0,0,0,0.0,0.0,0.0,0.0,,,0.0,,0.0
2015-12-23,37,1114123.0,0,0,0.0,0.00136,0.00136,0.00136,,,39937.0,,39937.0
2015-12-24,37,1114198.0,0,0,0.0,0.0,0.0,0.0,,,0.0,,0.0
2015-12-28,37,1114198.0,0,0,0.0,0.0,0.0,0.0,,,0.0,,0.0
2015-12-29,37,1114198.0,0,1,0.02703,0.00911,0.0,0.00911,,,175577.0,,175577.0
2015-12-30,36,1104052.0,0,0,0.0,0.0,0.0,0.0,,,0.0,,0.0
2015-12-31,36,1104052.0,0,0,0.0,0.0,0.0,0.0,,,0.0,,0.0
2016-01-04,36,1104052.0,0,0,0.0,0.0,0.0,0.0,,,0.0,,0.0
2016-01-05,36,1104052.0,0,0,0.0,0.01063,0.01063,0.01063,,,234404.0,,234404.0
2016-01-06,36,1105862.0,1,0,0.02778,0.00248,0.00141,0.00248,,,65763.0,,65763.0
2016-01-07,37,1105487.0,0,0,0.0,0.0,0.0,0.0,,,0.0,,0.0
2016-01-08,37,1105487.0,0,0,0.0,0.00894,0.00894,0.00894,,,228309.0,,228309.0
2016-01-11,37,1107713.0,0,0,0.0,0.0,0.0,0.0,,,0.0,,0.0
2016-01-12,37,1107713.0,0,0,0.0,0.05719,0.05719,0.05719,,,221243.0,,221243.0
2016-01-13,37,1155544.0,0,0,0.0,0.0,0.0,0.0,,,0.0,,0.0
2016-01-14,37,1155544.0,0,1,0.02703,0.02322,0.02185,0.02322,,,518290.0,,518290.0
2016-01-15,36,1153344.0,0,0,0.0,0.05983,0.05983,0.05983,,,88601.0,,88601.0
2016-01-19,36,1212344.0,0,0,0.0,0.03037,0.03037,0.03037,,,63461.0,,63461.0
2016-01-20,36,1243379.0,0,0,0.0,0.00532,0.00532,0.00532,,,160777.0,,160777.0
2016-01-21,36,1242999.0,0,0,0.0,0.00291,0.00291,0.00291,,,59186.0,,59186.0
2016-01-22,36,1245386.0,0,0,0.0,0.00019,0.00019,0.00019,,,4663.0,,4663.0
2016-01-25,36,1245146.0,0,0,0.0,0.0,0.0,0.0,,,0.0,,0.0
2016-01-26,36,1245146.0,0,0,0.0,0.0,0.0,0.0,,,0.0,,0.0
2016-01-27,36,1245146.0,0,0,0.0,0.0,0.0,0.0,,,0.0,,0.0
2016-01-28,36,1245146.0,0,0,0.0,0.0,0.0,0.0,,,0.0,,0.0
2016-01-29,36,1245146.0,0,0,0.0,0.00418,0.00418,0.00418,,,112879.0,,112879.0
2016-02-01,36,1245780.0,0,0,0.0,0.0,0.0,0.0,,,0.0,,0.0
2016-02-02,36,1245780.0,0,0,0.0,0.00587,0.00587,0.00587,,,195227.0,,195227.0
2016-02-03,36,1248471.0,0,0,0.0,0.0,0.0,0.0,,,0.0,,0.0
2016-02-04,36,1248471.0,0,0,0.0,0.0,0.0,0.0,,,0.0,,0.0
2016-02-05,36,1248471.0,0,1,0.02778,0.00571,0.00382,0.00571,,,145948.0,,145948.0
2016-02-08,35,1250398.0,0,1,0.02857,0.01492,0.00775,0.01492,,,378967.0,,378967.0
2016-02-09,34,1243265.0,0,1,0.02941,0.07956,0.07515,0.07956,,,368948.0,,368948.0
2016-02-10,33,1316045.0,0,0,0.0,0.00554,0.00554,0.00554,,,101439.0,,101439.0
2016-02-11,33,1309740.0,0,0,0.0,0.00067,0.00067,0.00067,,,39713.0,,39713.0
2016-02-12,33,1310014.0,0,1,0.0303,0.00594,0.00132,0.00594,,,104433.0,,104433.0
2016-02-16,32,1305669.0,0,0,0.0,0.0,0.0,0.0,,,0.0,,0.0
2016-02-17,32,1305669.0,0,0,0.0,0.0,0.0,0.0,,,0.0,,0.0
2016-02-18,32,1305669.0,0,0,0.0,0.0,0.0,0.0,,,0.0,,0.0
2016-02-19,32,1305669.0,0,0,0.0,0.0,0.0,0.0,,,0.0,,0.0
2016-02-22,32,1305669.0,0,0,0.0,0.0,0.0,0.0,,,0.0,,0.0
2016-02-23,32,1305669.0,0,0,0.0,0.0,0.0,0.0,,,0.0,,0.0
2016-02-24,32,1305669.0,0,0,0.0,0.0,0.0,0.0,,,0.0,,0.0
2016-02-25,32,1305669.0,0,0,0.0,0.0,0.0,0.0,,,0.0,,0.0
2016-02-26,32,1305669.0,0,0,0.0,0.0,0.0,0.0,,,0.0,,0.0
2016-02-29,32,1305669.0,0,0,0.0,0.00613,0.00613,0.00613,,,6272.0,,6272.0
2016-03-01,32,1297669.0,0,0,0.0,0.0,0.0,0.0,,,0.0,,0.0
2016-03-02,32,1297669.0,0,0,0.0,0.0,0.0,0.0,,,0.0,,0.0
2016-03-03,32,1297669.0,0,0,0.0,0.0,0.0,0.0,,,0.0,,0.0
2016-03-04,32,1297669.0,0,1,0.03125,0.00614,0.00474,0.00614,,,380622.0,,380622.0
2016-03-08,31,1300534.0,1,1,0.06452,0.00929,0.00776,0.00929,,,655261.0,,655261.0
2016-03-09,31,1299594.0,0,0,0.0,0.0,0.0,0.0,,,0.0,,0.0
2016-03-10,31,1299594.0,0,0,0.0,0.0,0.0,0.0,,,0.0,,0.0
2016-03-11,31,1299594.0,0,0,0.0,0.0041,0.0041,0.0041,,,74082.0,,74082.0
2016-03-14,31,1300828.0,0,0,0.0,0.0,0.0,0.0,,,0.0,,0.0
2016-03-15,31,1300828.0,0,0,0.0,0.0,0.0,0.0,,,0.0,,0.0
2016-03-16,31,1300828.0,0,0,0.0,0.0,0.0,0.0,,,0.0,,0.0
2016-03-17,31,1300828.0,0,0,0.0,0.00215,0.00215,0.00215,,,94146.0,,94146.0
2016-03-18,31,1299590.0,0,0,0.0,0.0,0.0,0.0,,,0.0,,0.0
2016-03-21,31,1299590.0,0,0,0.0,0.0,0.0,0.0,,,0.0,,0.0
2016-03-22,31,1299590.0,0,0,0.0,0.00648,0.00648,0.00648,,,207311.0,,207311.0
2016-03-23,31,1297185.0,0,0,0.0,0.0,0.0,0.0,,,0.0,,0.0
2016-03-24,31,1297185.0,0,0,0.0,0.01017,0.01017,0.01017,,,18919.0,,18919.0
2016-03-28,31,1286371.0,0,0,0.0,0.0,0.0,0.0,,,0.0,,0.0
2016-03-29,31,1286371.0,0,0,0.0,0.0,0.0,0.0,,,0.0,,0.0
2016-03-30,31,1286371.0,0,0,0.0,0.0,0.0,0.0,,,0.0,,0.0
2016-03-31,31,1286371.0,0,0,0.0,0.0,0.0,0.0,,,0.0,,0.0
2016-04-01,31,1286371.0,0,0,0.0,0.0,0.0,0.0,,,0.0,,0.0
2016-04-04,31,1286371.0,0,0,0.0,0.0,0.0,0.0,,,0.0,,0.0
2016-04-05,31,1286371.0,0,0,0.0,0.0,0.0,0.0,,,0.0,,0.0
2016-04-06,31,1286371.0,0,0,0.0,0.0,0.0,0.0,,,0.0,,0.0
2016-04-07,31,1286371.0,0,0,0.0,0.0,0.0,0.0,,,0.0,,0.0
2016-04-08,31,1286371.0,0,0,0.0,0.0,0.0,0.0,,,0.0,,0.0
2016-04-11,31,1286371.0,0,0,0.0,0.00021,0.00021,0.00021,,,20911.0,,20911.0
2016-04-12,31,1286096.0,0,0,0.0,0.0,0.0,0.0,,,0.0,,0.0
2016-04-13,31,1286096.0,0,0,0.0,0.0,0.0,0.0,,,0.0,,0.0
2016-04-14,31,1286096.0,0,0,0.0,0.00146,0.00146,0.00146,,,58201.0,,58201.0
2016-04-15,31,1284690.0,0,0,0.0,0.002,0.002,0.002,,,81714.0,,81714.0
2016-04-18,31,1284899.0,0,0,0.0,0.0,0.0,0.0,,,0.0,,0.0
2016-04-19,31,1284899.0,0,0,0.0,0.00311,0.00311,0.00311,,,109772.0,,109772.0
2016-04-20,31,1282415.0,0,0,0.0,0.0,0.0,0.0,,,0.0,,0.0
2016-04-21,31,1282415.0,0,0,0.0,0.0,0.0,0.0,,,0.0,,0.0
2016-04-22,31,1282415.0,0,0,0.0,0.0,0.0,0.0,,,0.0,,0.0
2016-04-25,31,1282415.0,0,0,0.0,0.07137,0.07137,0.07137,,,969927.0,,969927.0
2016-04-26,31,1373940.0,0,0,0.0,0.0,0.0,0.0,,,0.0,,0.0
2016-04-27,31,1373940.0,0,0,0.0,0.0,0.0,0.0,,,0.0,,0.0
2016-04-28,31,1373940.0,0,0,0.0,0.00863,0.00863,0.00863,,,330628.0,,330628.0
2016-04-29,31,1375051.0,0,0,0.0,0.01496,0.01496,0.01496,,,426689.0,,426689.0
2016-05-02,31,1364828.0,0,0,0.0,0.00231,0.00231,0.00231,,,147375.0,,147375.0
2016-05-03,31,1363490.0,0,0,0.0,0.00268,0.00268,0.00268,,,154638.0,,154638.0
2016-05-04,31,1361694.0,0,0,0.0,0.0,0.0,0.0,,,0.0,,0.0
2016-05-05,31,1361694.0,0,0,0.0,0.0,0.0,0.0,,,0.0,,0.0
2016-05-09,31,1361694.0,0,0,0.0,0.01222,0.01222,0.01222,,,362151.0,,362151.0
2016-05-10,31,1368971.0,0,0,0.0,0.00405,0.00405,0.00405,,,147745.0,,147745.0
2016-05-11,31,1370091.0,0,0,0.0,0.03562,0.03562,0.03562,,,83081.0,,83081.0
2016-05-12,31,1327291.0,0,0,0.0,0.03112,0.03112,0.03112,,,65994.0,,65994.0
2016-05-13,31,1292830.0,0,0,0.0,0.0,0.0,0.0,,,0.0,,0.0
2016-05-16,31,1292830.0,0,0,0.0,0.0,0.0,0.0,,,0.0,,0.0
2016-05-17,31,1292830.0,0,0,0.0,0.00256,0.00256,0.00256,,,53865.0,,53865.0
2016-05-18,31,1295215.0,0,0,0.0,0.01005,0.01005,0.01005,,,22223.0,,22223.0
2016-05-19,31,1285036.0,0,0,0.0,0.01434,0.01434,0.01434,,,285271.0,,285271.0
2016-05-20,31,1281098.0,0,0,0.0,0.0,0.0,0.0,,,0.0,,0.0
2016-05-23,31,1281098.0,0,0,0.0,0.0,0.0,0.0,,,0.0,,0.0
2016-05-24,31,1281098.0,0,0,0.0,0.0,0.0,0.0,,,0.0,,0.0
2016-05-25,31,1281098.0,0,0,0.0,0.0,0.0,0.0,,,0.0,,0.0
2016-05-26,31,1281098.0,0,0,0.0,0.0,0.0,0.0,,,0.0,,0.0
2016-05-27,31,1281098.0,0,0,0.0,0.0,0.0,0.0,,,0.0,,0.0
2016-05-31,31,1281098.0,1,0,0.03226,0.00273,0.00236,0.00273,,,97756.0,,97756.0
2016-06-01,32,1279075.0,0,0,0.0,0.0,0.0,0.0,,,0.0,,0.0
2016-06-02,32,1279075.0,0,0,0.0,0.0,0.0,0.0,,,0.0,,0.0
2016-06-03,32,1279075.0,0,0,0.0,0.0,0.0,0.0,,,0.0,,0.0
2016-06-06,32,1279075.0,0,0,0.0,0.0,0.0,0.0,,,0.0,,0.0
2016-06-07,32,1279075.0,0,0,0.0,0.0,0.0,0.0,,,0.0,,0.0
2016-06-08,32,1279075.0,0,0,0.0,0.0,0.0,0.0,,,0.0,,0.0
2016-06-09,32,1279075.0,0,0,0.0,0.0,0.0,0.0,,,0.0,,0.0
2016-06-10,32,1279075.0,0,0,0.0,0.0,0.0,0.0,,,0.0,,0.0
2016-06-13,32,1279075.0,0,0,0.0,0.0,0.0,0.0,,,0.0,,0.0
2016-06-14,32,1279075.0,0,0,0.0,0.01042,0.01042,0.01042,,,632815.0,,632815.0
2016-06-15,32,1288995.0,0,0,0.0,0.00128,0.00128,0.00128,,,21064.0,,21064.0
2016-06-16,32,1290240.0,0,0,0.0,0.0,0.0,0.0,,,0.0,,0.0
2016-06-17,32,1290240.0,0,0,0.0,0.0,0.0,0.0,,,0.0,,0.0
2016-06-20,32,1290240.0,0,0,0.0,0.0,0.0,0.0,,,0.0,,0.0
2016-06-21,32,1290240.0,0,0,0.0,0.00122,0.00122,0.00122,,,142101.0,,142101.0
2016-06-22,32,1291077.0,1,0,0.03125,0.00084,0.0003,0.00084,,,147923.0,,147923.0
2016-06-23,33,1291379.0,0,0,0.0,0.0,0.0,0.0,,,0.0,,0.0
2016-06-24,33,1291379.0,0,0,0.0,0.0,0.0,0.0,,,0.0,,0.0
2016-06-27,33,1291379.0,0,0,0.0,0.0028,0.0028,0.0028,,,277361.0,,277361.0
2016-06-28,33,1293494.0,0,0,0.0,0.00407,0.00407,0.00407,,,371969.0,,371969.0
2016-06-29,33,1296809.0,0,0,0.0,0.0,0.0,0.0,,,0.0,,0.0
2016-06-30,33,1296809.0,0,0,0.0,0.00268,0.00268,0.00268,,,78588.0,,78588.0
2016-07-01,33,1299884.0,0,0,0.0,0.0,0.0,0.0,,,0.0,,0.0
2016-07-05,33,1299884.0,0,0,0.0,0.0,0.0,0.0,,,0.0,,0.0
2016-07-06,33,1299884.0,0,0,0.0,0.00326,0.00326,0.00326,,,241444.0,,241444.0
2016-07-07,33,1301776.0,1,1,0.06061,0.00142,4e-05,0.00142,,,134418.0,,134418.0
2016-07-08,33,1302887.0,0,0,0.0,0.01057,0.01057,0.01057,,,282250.0,,282250.0
2016-07-11,33,1297122.0,0,0,0.0,0.0,0.0,0.0,,,0.0,,0.0
2016-07-12,33,1297122.0,1,0,0.0303,0.04691,0.04623,0.04691,,,147785.0,,147785.0
2016-07-13,34,1238053.0,0,0,0.0,0.0,0.0,0.0,,,0.0,,0.0
2016-07-14,34,1238053.0,0,0,0.0,0.0,0.0,0.0,,,0.0,,0.0
2016-07-15,34,1238053.0,0,0,0.0,0.0,0.0,0.0,,,0.0,,0.0
2016-07-18,34,1238053.0,0,0,0.0,0.0,0.0,0.0,,,0.0,,0.0
2016-07-19,34,1238053.0,0,0,0.0,0.01477,0.01477,0.01477,,,583042.0,,583042.0
2016-07-20,34,1247364.0,0,0,0.0,0.0,0.0,0.0,,,0.0,,0.0
2016-07-21,34,1247364.0,0,0,0.0,0.0,0.0,0.0,,,0.0,,0.0
2016-07-22,34,1247364.0,0,0,0.0,0.0,0.0,0.0,,,0.0,,0.0
2016-07-25,34,1247364.0,0,0,0.0,0.0,0.0,0.0,,,0.0,,0.0
2016-07-26,34,1247364.0,0,0,0.0,0.0,0.0,0.0,,,0.0,,0.0
2016-07-27,34,1247364.0,1,0,0.02941,0.01688,0.01476,0.01688,,,725230.0,,725230.0
2016-07-28,35,1257554.0,0,0,0.0,0.0,0.0,0.0,,,0.0,,0.0
2016-07-29,35,1257554.0,0,1,0.02857,0.00639,0.00492,0.00639,,,432654.0,,432654.0
2016-08-01,34,1260045.0,0,0,0.0,0.00048,0.00048,0.00048,,,35570.0,,35570.0
2016-08-02,34,1259845.0,0,0,0.0,0.00181,0.00181,0.00181,,,61007.0,,61007.0
2016-08-03,34,1260710.0,0,0,0.0,0.00221,0.00221,0.00221,,,66244.0,,66244.0
2016-08-04,34,1262919.0,0,0,0.0,0.0,0.0,0.0,,,0.0,,0.0
2016-08-05,34,1262919.0,0,0,0.0,0.0,0.0,0.0,,,0.0,,0.0
2016-08-08,34,1262919.0,0,1,0.02941,0.00476,0.00367,0.00476,,,335340.0,,335340.0
2016-08-09,33,1266160.0,0,0,0.0,0.0079,0.0079,0.0079,,,311659.0,,311659.0
2016-08-10,33,1268161.0,0,0,0.0,0.00022,0.00022,0.00022,,,6355.0,,6355.0
2016-08-11,33,1267883.0,0,0,0.0,0.00156,0.00156,0.00156,,,105142.0,,105142.0
2016-08-12,33,1267839.0,0,0,0.0,0.00407,0.00407,0.00407,,,64118.0,,64118.0
2016-08-15,33,1271955.0,0,0,0.0,0.0,0.0,0.0,,,0.0,,0.0
2016-08-16,33,1271955.0,0,0,0.0,0.00538,0.00538,0.00538,,,130876.0,,130876.0
2016-08-17,33,1274416.0,0,0,0.0,0.02524,0.02524,0.02524,,,220550.0,,220550.0
2016-08-18,33,1251182.0,0,0,0.0,0.0,0.0,0.0,,,0.0,,0.0
2016-08-19,33,1251182.0,0,0,0.0,0.0,0.0,0.0,,,0.0,,0.0
2016-08-22,33,1251182.0,0,0,0.0,0.0,0.0,0.0,,,0.0,,0.0
2016-08-23,33,1251182.0,0,0,0.0,0.0,0.0,0.0,,,0.0,,0.0
2016-08-24,33,1251182.0,0,0,0.0,0.0,0.0,0.0,,,0.0,,0.0
2016-08-25,33,1251182.0,0,0,0.0,0.0,0.0,0.0,,,0.0,,0.0
2016-08-26,33,1251182.0,0,0,0.0,0.0,0.0,0.0,,,0.0,,0.0
2016-08-29,33,1251182.0,0,0,0.0,0.00986,0.00986,0.00986,,,126718.0,,126718.0
2016-08-30,33,1241021.0,0,1,0.0303,0.02144,0.00729,0.02144,,,320156.0,,320156.0
2016-08-31,32,1225081.0,0,0,0.0,0.00546,0.00546,0.00546,,,211660.0,,211660.0
2016-09-01,32,1226766.0,0,0,0.0,0.0,0.0,0.0,,,0.0,,0.0
2016-09-02,32,1226766.0,1,1,0.0625,0.01586,0.00715,0.01586,,,518479.0,,518479.0
2016-09-06,32,1220358.0,0,0,0.0,0.0,0.0,0.0,,,0.0,,0.0
2016-09-07,32,1220358.0,1,1,0.0625,0.00652,0.00439,0.00652,,,448406.0,,448406.0
2016-09-08,32,1223883.0,0,0,0.0,0.00148,0.00148,0.00148,,,61238.0,,61238.0
2016-09-09,32,1222798.0,0,0,0.0,0.00031,0.00031,0.00031,,,7666.0,,7666.0
2016-09-12,32,1222420.0,0,0,0.0,0.0,0.0,0.0,,,0.0,,0.0
2016-09-13,32,1222420.0,0,0,0.0,0.00197,0.00197,0.00197,,,44305.0,,44305.0
2016-09-15,32,1220764.0,0,0,0.0,0.0,0.0,0.0,,,0.0,,0.0
2016-09-16,32,1220764.0,0,0,0.0,0.0,0.0,0.0,,,0.0,,0.0
2016-09-19,32,1220764.0,0,0,0.0,0.00259,0.00259,0.00259,,,279504.0,,279504.0
2016-09-20,32,1218949.0,0,0,0.0,0.0041,0.0041,0.0041,,,114720.0,,114720.0
2016-09-21,32,1218085.0,0,0,0.0,0.0,0.0,0.0,,,0.0,,0.0
2016-09-22,32,1218085.0,0,0,0.0,0.0,0.0,0.0,,,0.0,,0.0
2016-09-23,32,1218085.0,0,0,0.0,0.0,0.0,0.0,,,0.0,,0.0
2016-09-26,32,1218085.0,0,0,0.0,0.0,0.0,0.0,,,0.0,,0.0
2016-09-27,32,1218085.0,0,0,0.0,0.0,0.0,0.0,,,0.0,,0.0
2016-09-28,32,1218085.0,1,0,0.03125,0.00322,0.0024,0.00322,,,147532.0,,147532.0
2016-09-29,33,1216165.0,0,0,0.0,0.0,0.0,0.0,,,0.0,,0.0
2016-09-30,33,1216165.0,0,0,0.0,0.0,0.0,0.0,,,0.0,,0.0
2016-10-03,33,1216165.0,0,0,0.0,0.0,0.0,0.0,,,0.0,,0.0
2016-10-04,33,1216165.0,0,0,0.0,0.04303,0.04303,0.04303,,,372214.0,,372214.0
2016-10-05,33,1177069.0,0,0,0.0,0.0,0.0,0.0,,,0.0,,0.0
2016-10-06,33,1177069.0,0,0,0.0,0.00452,0.00452,0.00452,,,168807.0,,168807.0
2016-10-07,33,1179230.0,0,0,0.0,0.0,0.0,0.0,,,0.0,,0.0
2016-10-10,33,1179230.0,0,0,0.0,0.0,0.0,0.0,,,0.0,,0.0
2016-10-11,33,1179230.0,0,0,0.0,0.00057,0.00057,0.00057,,,9652.0,,9652.0
2016-10-12,33,1178555.0,0,0,0.0,0.0,0.0,0.0,,,0.0,,0.0
2016-10-13,33,1178555.0,0,0,0.0,0.0,0.0,0.0,,,0.0,,0.0
2016-10-14,33,1178555.0,0,0,0.0,0.00493,0.00493,0.00493,,,162741.0,,162741.0
2016-10-17,33,1178615.0,0,0,0.0,0.0,0.0,0.0,,,0.0,,0.0
2016-10-18,33,1178615.0,0,0,0.0,0.0,0.0,0.0,,,0.0,,0.0
2016-10-19,33,1178615.0,0,0,0.0,0.00121,0.00121,0.00121,,,60507.0,,60507.0
2016-10-20,33,1178786.0,0,0,0.0,0.00788,0.00788,0.00788,,,236096.0,,236096.0
2016-10-21,33,1183790.0,0,0,0.0,0.00153,0.00153,0.00153,,,98146.0,,98146.0
2016-10-24,33,1183665.0,0,0,0.0,0.0,0.0,0.0,,,0.0,,0.0
2016-10-25,33,1183665.0,0,0,0.0,0.00354,0.00354,0.00354,,,76815.0,,76815.0
2016-10-26,33,1187860.0,0,0,0.0,0.0,0.0,0.0,,,0.0,,0.0
2016-10-27,33,1187860.0,0,0,0.0,0.0,0.0,0.0,,,0.0,,0.0
2016-10-28,33,1187860.0,0,0,0.0,0.01046,0.01046,0.01046,,,287468.0,,287468.0
2016-10-31,33,1191211.0,0,0,0.0,0.00467,0.00467,0.00467,,,201849.0,,201849.0
2016-11-01,33,1193647.0,0,0,0.0,0.0,0.0,0.0,,,0.0,,0.0
2016-11-02,33,1193647.0,0,1,0.0303,0.01032,0.00569,0.01032,,,320192.0,,320192.0
2016-11-03,32,1194854.0,0,0,0.0,0.0,0.0,0.0,,,0.0,,0.0
2016-11-04,32,1194854.0,1,0,0.03125,0.02232,0.01767,0.02232,,,724865.0,,724865.0
2016-11-07,33,1186380.0,0,2,0.06061,0.03587,0.0275,0.03587,,,1142469.0,,1142469.0
2016-11-08,31,1199091.0,0,0,0.0,0.0,0.0,0.0,,,0.0,,0.0
2016-11-09,31,1199091.0,0,0,0.0,0.0,0.0,0.0,,,0.0,,0.0
2016-11-10,31,1199091.0,0,0,0.0,0.01478,0.01478,0.01478,,,315171.0,,315171.0
2016-11-11,31,1208817.0,0,0,0.0,0.0,0.0,0.0,,,12.0,,12.0
2016-11-14,31,1208817.0,0,0,0.0,0.02555,0.02555,0.02555,,,109456.0,,109456.0
2016-11-15,31,1186902.0,0,0,0.0,0.0,0.0,0.0,,,0.0,,0.0
2016-11-16,31,1186902.0,0,1,0.03226,0.01669,0.01306,0.01669,,,644654.0,,644654.0
2016-11-17,30,1197182.0,0,0,0.0,0.02241,0.02241,0.02241,,,200529.0,,200529.0
2016-11-18,30,1179710.0,0,0,0.0,0.00183,0.00183,0.00183,,,165340.0,,165340.0
2016-11-21,30,1179154.0,0,0,0.0,0.0,0.0,0.0,,,0.0,,0.0
2016-11-22,30,1179154.0,0,0,0.0,0.00133,0.00133,0.00133,,,119918.0,,119918.0
2016-11-23,30,1180721.0,0,0,0.0,0.0,0.0,0.0,,,0.0,,0.0
2016-11-25,30,1180721.0,0,0,0.0,0.0,0.0,0.0,,,0.0,,0.0
2016-11-28,30,1180721.0,0,0,0.0,0.0,0.0,0.0,,,0.0,,0.0
2016-11-29,30,1180721.0,0,0,0.0,0.0,0.0,0.0,,,0.0,,0.0
2016-11-30,30,1180721.0,0,0,0.0,0.0,0.0,0.0,,,0.0,,0.0
2016-12-01,30,1180721.0,0,0,0.0,0.0,0.0,0.0,,,0.0,,0.0
2016-12-02,30,1180721.0,0,0,0.0,0.00087,0.00087,0.00087,,,37517.0,,37517.0
2016-12-05,30,1181752.0,0,0,0.0,0.00052,0.00052,0.00052,,,42377.0,,42377.0
2016-12-06,30,1181533.0,0,0,0.0,0.0,0.0,0.0,,,0.0,,0.0
2016-12-07,30,1181533.0,0,0,0.0,0.0,0.0,0.0,,,0.0,,0.0
2016-12-08,30,1181533.0,0,0,0.0,0.00206,0.00206,0.00206,,,66597.0,,66597.0
2016-12-09,30,1182520.0,0,0,0.0,0.0,0.0,0.0,,,0.0,,0.0
2016-12-12,30,1182520.0,0,0,0.0,0.0,0.0,0.0,,,0.0,,0.0
2016-12-13,30,1182520.0,0,0,0.0,0.00197,0.00197,0.00197,,,66874.0,,66874.0
2016-12-14,30,1182263.0,0,0,0.0,0.0,0.0,0.0,,,0.0,,0.0
2016-12-15,30,1182263.0,0,0,0.0,0.0,0.0,0.0,,,0.0,,0.0
2016-12-16,30,1182263.0,0,0,0.0,0.0,0.0,0.0,,,0.0,,0.0
2016-12-19,30,1182263.0,0,0,0.0,0.0,0.0,0.0,,,0.0,,0.0
2016-12-20,30,1182263.0,0,0,0.0,0.0,0.0,0.0,,,0.0,,0.0
2016-12-21,30,1182263.0,0,0,0.0,0.0,0.0,0.0,,,0.0,,0.0
2016-12-22,30,1182263.0,0,0,0.0,0.0,0.0,0.0,,,0.0,,0.0
2016-12-23,30,1182263.0,0,0,0.0,0.0,0.0,0.0,,,0.0,,0.0
2016-12-27,30,1182263.0,0,0,0.0,0.0,0.0,0.0,,,0.0,,0.0
2016-12-28,30,1182263.0,0,0,0.0,0.08279,0.08279,0.08279,,,1402761.0,,1402761.0
2016-12-29,30,1180626.0,0,0,0.0,0.0,0.0,0.0,,,0.0,,0.0
2016-12-30,30,1180626.0,0,0,0.0,0.00151,0.00151,0.00151,,,59193.0,,59193.0
2017-01-03,30,1182009.0,0,0,0.0,0.0,0.0,0.0,,,0.0,,0.0
2017-01-04,30,1182009.0,0,0,0.0,0.01431,0.01431,0.01431,,,81726.0,,81726.0
2017-01-05,30,1192929.0,0,0,0.0,0.0,0.0,0.0,,,0.0,,0.0
2017-01-06,30,1192929.0,0,0,0.0,0.0,0.0,0.0,,,0.0,,0.0
2017-01-09,30,1192929.0,0,0,0.0,0.0,0.0,0.0,,,0.0,,0.0
2017-01-10,30,1192929.0,0,0,0.0,0.00511,0.00511,0.00511,,,314643.0,,314643.0
2017-01-11,30,1199023.0,0,0,0.0,0.0,0.0,0.0,,,0.0,,0.0
2017-01-12,30,1199023.0,0,0,0.0,0.0,0.0,0.0,,,0.0,,0.0
2017-01-13,30,1199023.0,0,0,0.0,0.0,0.0,0.0,,,0.0,,0.0
2017-01-17,30,1199023.0,0,0,0.0,0.00018,0.00018,0.00018,,,5505.0,,5505.0
2017-01-18,30,1198806.0,0,0,0.0,0.00059,0.00059,0.00059,,,110365.0,,110365.0
2017-01-19,30,1198723.0,0,0,0.0,0.0,0.0,0.0,,,0.0,,0.0
2017-01-20,30,1198723.0,0,0,0.0,0.0,0.0,0.0,,,0.0,,0.0
2017-01-23,30,1198723.0,0,0,0.0,0.0,0.0,0.0,,,0.0,,0.0
2017-01-24,30,1198723.0,0,0,0.0,0.0,0.0,0.0,,,0.0,,0.0
2017-01-25,30,1198723.0,0,0,0.0,0.0,0.0,0.0,,,0.0,,0.0
2017-01-26,30,1198723.0,0,0,0.0,0.00609,0.00609,0.00609,,,184955.0,,184955.0
2017-01-27,30,1194768.0,0,0,0.0,0.06224,0.06224,0.06224,,,1188298.0,,1188298.0
2017-01-30,30,1269126.0,0,0,0.0,0.0,0.0,0.0,,,0.0,,0.0
2017-01-31,30,1269126.0,0,0,0.0,0.0,0.0,0.0,,,0.0,,0.0
2017-02-01,30,1269126.0,0,0,0.0,0.0,0.0,0.0,,,0.0,,0.0
2017-02-02,30,1269126.0,0,0,0.0,0.0,0.0,0.0,,,0.0,,0.0
2017-02-03,30,1269126.0,0,0,0.0,0.0,0.0,0.0,,,0.0,,0.0
2017-02-06,30,1269126.0,0,0,0.0,0.0,0.0,0.0,,,0.0,,0.0
2017-02-07,30,1269126.0,0,0,0.0,0.00839,0.00839,0.00839,,,504966.0,,504966.0
2017-02-08,30,1263971.0,0,0,0.0,0.0,0.0,0.0,,,0.0,,0.0
2017-02-09,30,1263971.0,0,0,0.0,0.0004,0.0004,0.0004,,,8575.0,,8575.0
2017-02-10,30,1263471.0,0,0,0.0,0.03031,0.03031,0.03031,,,173586.0,,173586.0
2017-02-13,30,1225176.0,0,0,0.0,0.03788,0.03788,0.03788,,,1269222.0,,1269222.0
2017-02-14,30,1262961.0,0,0,0.0,0.00741,0.00741,0.00741,,,48326.0,,48326.0
2017-02-15,30,1254403.0,0,0,0.0,0.0,0.0,0.0,,,0.0,,0.0
2017-02-16,30,1254403.0,1,0,0.03333,0.00246,0.00239,0.00246,,,112885.0,,112885.0
2017-02-17,31,1251484.0,0,0,0.0,0.0,0.0,0.0,,,0.0,,0.0
2017-02-21,31,1251484.0,0,0,0.0,0.0,0.0,0.0,,,0.0,,0.0
2017-02-22,31,1251484.0,1,0,0.03226,0.00311,0.00078,0.00311,,,221765.0,,221765.0
2017-02-23,32,1253434.0,0,0,0.0,0.0,0.0,0.0,,,0.0,,0.0
2017-02-24,32,1253434.0,0,0,0.0,0.05661,0.05661,0.05661,,,1249745.0,,1249745.0
2017-02-27,32,1323552.0,0,0,0.0,0.00449,0.00449,0.00449,,,156541.0,,156541.0
2017-02-28,32,1320055.0,0,0,0.0,0.01326,0.01326,0.01326,,,449834.0,,449834.0
2017-03-02,32,1316712.0,0,0,0.0,0.0,0.0,0.0,,,0.0,,0.0
2017-03-03,32,1316712.0,0,0,0.0,0.0,0.0,0.0,,,0.0,,0.0
2017-03-06,32,1316712.0,0,0,0.0,0.0,0.0,0.0,,,0.0,,0.0
2017-03-07,32,1316712.0,0,0,0.0,0.0,0.0,0.0,,,0.0,,0.0
2017-03-08,32,1316712.0,0,0,0.0,0.0,0.0,0.0,,,0.0,,0.0
2017-03-09,32,1316712.0,0,0,0.0,0.0,0.0,0.0,,,0.0,,0.0
2017-03-10,32,1316712.0,0,0,0.0,0.00799,0.00799,0.00799,,,258348.0,,258348.0
2017-03-13,32,1318606.0,0,0,0.0,0.0,0.0,0.0,,,0.0,,0.0
2017-03-14,32,1318606.0,0,0,0.0,0.0,0.0,0.0,,,0.0,,0.0
2017-03-15,32,1318606.0,0,0,0.0,0.0,0.0,0.0,,,0.0,,0.0
2017-03-16,32,1318606.0,0,0,0.0,0.00587,0.00587,0.00587,,,149451.0,,149451.0
2017-03-17,32,1321833.0,0,0,0.0,0.0,0.0,0.0,,,0.0,,0.0
2017-03-20,32,1321833.0,0,0,0.0,0.00268,0.00268,0.00268,,,50036.0,,50036.0
2017-03-21,32,1324051.0,0,0,0.0,0.0,0.0,0.0,,,0.0,,0.0
2017-03-22,32,1324051.0,0,0,0.0,0.0,0.0,0.0,,,0.0,,0.0
2017-03-23,32,1324051.0,0,0,0.0,0.0,0.0,0.0,,,0.0,,0.0
2017-03-24,32,1324051.0,0,0,0.0,0.0,0.0,0.0,,,0.0,,0.0
2017-03-27,32,1324051.0,0,0,0.0,0.0526,0.0526,0.0526,,,1203820.0,,1203820.0
2017-03-28,32,1393697.0,0,0,0.0,0.0,0.0,0.0,,,0.0,,0.0
2017-03-29,32,1393697.0,0,0,0.0,0.0,0.0,0.0,,,0.0,,0.0
2017-03-30,32,1393697.0,0,0,0.0,0.00411,0.00411,0.00411,,,243078.0,,243078.0
2017-03-31,32,1392144.0,0,0,0.0,0.0,0.0,0.0,,,0.0,,0.0
2017-04-03,32,1392144.0,0,0,0.0,0.0,0.0,0.0,,,0.0,,0.0
2017-04-04,32,1392144.0,0,0,0.0,0.03568,0.03568,0.03568,,,1181020.0,,1181020.0
2017-04-05,32,1414931.0,0,0,0.0,0.02696,0.02696,0.02696,,,170900.0,,170900.0
2017-04-06,32,1444466.0,0,0,0.0,0.0,0.0,0.0,,,0.0,,0.0
2017-04-07,32,1444466.0,0,0,0.0,0.0,0.0,0.0,,,0.0,,0.0
2017-04-10,32,1444466.0,0,0,0.0,0.00014,0.00014,0.00014,,,6352.0,,6352.0
2017-04-11,32,1444266.0,2,0,0.0625,0.05766,0.00919,0.05766,,,786738.0,,786738.0
2017-04-12,34,1501000.0,0,0,0.0,0.04992,0.04992,0.04992,,,1221113.0,,1221113.0
2017-04-13,34,1575935.0,0,0,0.0,0.0,0.0,0.0,,,0.0,,0.0
2017-04-17,34,1575935.0,0,1,0.02941,0.03378,0.02379,0.03378,,,1238690.0,,1238690.0
2017-04-18,33,1531470.0,0,0,0.0,0.0,0.0,0.0,,,0.0,,0.0
2017-04-19,33,1531470.0,0,0,0.0,0.0,0.0,0.0,,,0.0,,0.0
2017-04-20,33,1531470.0,0,0,0.0,0.0,0.0,0.0,,,0.0,,0.0
2017-04-21,33,1531470.0,0,0,0.0,0.00107,0.00107,0.00107,,,43011.0,,43011.0
2017-04-24,33,1529835.0,0,0,0.0,0.0,0.0,0.0,,,0.0,,0.0
2017-04-25,33,1529835.0,0,0,0.0,0.0,0.0,0.0,,,0.0,,0.0
2017-04-26,33,1529835.0,0,0,0.0,0.0,0.0,0.0,,,0.0,,0.0
2017-04-27,33,1529835.0,0,0,0.0,0.0,0.0,0.0,,,0.0,,0.0
2017-04-28,33,1529835.0,0,0,0.0,0.19026,0.19026,0.19026,,,5277284.0,,5277284.0
2017-05-01,33,1820901.0,0,0,0.0,0.00103,0.00103,0.00103,,,51179.0,,51179.0
2017-05-02,33,1822773.0,0,0,0.0,0.11988,0.11988,0.11988,,,3986802.0,,3986802.0
2017-05-03,33,2041290.0,0,0,0.0,0.0,0.0,0.0,,,0.0,,0.0
2017-05-04,33,2041290.0,0,0,0.0,0.0,0.0,0.0,,,0.0,,0.0
2017-05-05,33,2041290.0,0,0,0.0,0.0,0.0,0.0,,,0.0,,0.0
2017-05-08,33,2041290.0,1,0,0.0303,0.02471,0.00014,0.02471,,,105385.0,,105385.0
2017-05-09,34,2091162.0,0,0,0.0,0.00469,0.00469,0.00469,,,303105.0,,303105.0
2017-05-10,34,2081353.0,0,0,0.0,0.02315,0.02315,0.02315,,,196841.0,,196841.0
2017-05-11,34,2126416.0,0,0,0.0,0.10704,0.10704,0.10704,,,4236491.0,,4236491.0
2017-05-12,34,2354026.0,0,0,0.0,0.0,0.0,0.0,,,0.0,,0.0
2017-05-15,34,2354026.0,0,0,0.0,0.0,0.0,0.0,,,0.0,,0.0
2017-05-16,34,2354026.0,0,0,0.0,0.03223,0.03223,0.03223,,,1432102.0,,1432102.0
2017-05-17,34,2429900.0,0,0,0.0,0.0,0.0,0.0,,,0.0,,0.0
2017-05-18,34,2429900.0,0,0,0.0,0.0,0.0,0.0,,,0.0,,0.0
2017-05-19,34,2429900.0,0,0,0.0,0.0,0.0,0.0,,,0.0,,0.0
2017-05-22,34,2429900.0,0,0,0.0,0.0,0.0,0.0,,,0.0,,0.0
2017-05-23,34,2429900.0,0,0,0.0,0.13462,0.13462,0.13462,,,8498286.0,,8498286.0
2017-05-24,34,2757005.0,0,0,0.0,0.03383,0.03383,0.03383,,,273869.0,,273869.0
2017-05-25,34,2807015.0,0,0,0.0,0.0,0.0,0.0,,,0.0,,0.0
2017-05-26,34,2807015.0,0,0,0.0,0.0,0.0,0.0,,,0.0,,0.0
2017-05-30,34,2807015.0,0,0,0.0,0.00298,0.00298,0.00298,,,270679.0,,270679.0
2017-05-31,34,2802947.0,0,0,0.0,0.0,0.0,0.0,,,0.0,,0.0
2017-06-01,34,2802947.0,0,0,0.0,0.0,0.0,0.0,,,0.0,,0.0
2017-06-02,34,2802947.0,0,0,0.0,0.0,0.0,0.0,,,0.0,,0.0
2017-06-05,34,2802947.0,0,0,0.0,0.0,0.0,0.0,,,0.0,,0.0
2017-06-06,34,2802947.0,0,0,0.0,0.0,0.0,0.0,,,0.0,,0.0
2017-06-07,34,2802947.0,0,0,0.0,0.0,0.0,0.0,,,0.0,,0.0
2017-06-08,34,2802947.0,0,0,0.0,0.0,0.0,0.0,,,0.0,,0.0
2017-06-09,34,2802947.0,0,0,0.0,0.0,0.0,0.0,,,0.0,,0.0
2017-06-12,34,2802947.0,0,0,0.0,0.07886,0.07886,0.07886,,,4265281.0,,4265281.0
2017-06-13,34,3023990.0,1,0,0.02941,0.0628,0.05592,0.0628,,,2257885.0,,2257885.0
2017-06-14,35,2903711.0,0,0,0.0,0.0,0.0,0.0,,,0.0,,0.0
2017-06-15,35,2903711.0,0,0,0.0,0.0,0.0,0.0,,,0.0,,0.0
2017-06-16,35,2903711.0,0,0,0.0,0.0,0.0,0.0,,,0.0,,0.0
2017-06-19,35,2903711.0,0,0,0.0,0.00626,0.00626,0.00626,,,601216.0,,601216.0
2017-06-20,35,2897736.0,0,0,0.0,0.0,0.0,0.0,,,0.0,,0.0
2017-06-21,35,2897736.0,0,0,0.0,0.0236,0.0236,0.0236,,,2361097.0,,2361097.0
2017-06-22,35,2907363.0,0,0,0.0,0.0,0.0,0.0,,,0.0,,0.0
2017-06-23,35,2907363.0,0,0,0.0,0.0,0.0,0.0,,,0.0,,0.0
2017-06-26,35,2907363.0,0,0,0.0,0.0,0.0,0.0,,,0.0,,0.0
2017-06-27,35,2907363.0,0,0,0.0,0.0,0.0,0.0,,,0.0,,0.0
2017-06-28,35,2907363.0,0,0,0.0,0.0,0.0,0.0,,,0.0,,0.0
2017-06-29,35,2907363.0,0,0,0.0,0.0,0.0,0.0,,,0.0,,0.0
2017-06-30,35,2907363.0,0,0,0.0,0.0,0.0,0.0,,,0.0,,0.0
2017-07-03,35,2907363.0,0,0,0.0,0.0,0.0,0.0,,,0.0,,0.0
2017-07-05,35,2907363.0,0,0,0.0,0.0,0.0,0.0,,,0.0,,0.0
2017-07-06,35,2907363.0,2,0,0.05714,0.03352,0.00565,0.03352,,,1698056.0,,1698056.0
2017-07-07,37,2971955.0,0,1,0.02703,0.0101,0.00915,0.0101,,,1166531.0,,1166531.0
2017-07-10,36,2996273.0,0,0,0.0,0.0,0.0,0.0,,,0.0,,0.0
2017-07-11,36,2996273.0,0,0,0.0,0.0,0.0,0.0,,,0.0,,0.0
2017-07-12,36,2996273.0,0,0,0.0,0.01725,0.01725,0.01725,,,410855.0,,410855.0
2017-07-13,36,3039957.0,0,0,0.0,0.0,0.0,0.0,,,0.0,,0.0
2017-07-14,36,3039957.0,0,0,0.0,0.0,0.0,0.0,,,0.0,,0.0
2017-07-17,36,3039957.0,0,0,0.0,0.0,0.0,0.0,,,0.0,,0.0
2017-07-18,36,3039957.0,0,0,0.0,0.03677,0.03677,0.03677,,,1578913.0,,1578913.0
2017-07-19,36,3150157.0,0,0,0.0,0.02379,0.02379,0.02379,,,1463675.0,,1463675.0
2017-07-20,36,3225092.0,0,0,0.0,0.0,0.0,0.0,,,0.0,,0.0
2017-07-21,36,3225092.0,0,0,0.0,0.0,0.0,0.0,,,0.0,,0.0
2017-07-24,36,3225092.0,0,0,0.0,0.0,0.0,0.0,,,0.0,,0.0
2017-07-25,36,3225092.0,0,0,0.0,0.0,0.0,0.0,,,0.0,,0.0
2017-07-26,36,3225092.0,0,0,0.0,0.04647,0.04647,0.04647,,,2990318.0,,2990318.0
2017-07-27,36,3374959.0,0,0,0.0,0.06539,0.06539,0.06539,,,1243218.0,,1243218.0
2017-07-28,36,3471801.0,0,0,0.0,0.00272,0.00272,0.00272,,,421581.0,,421581.0
2017-07-31,36,3474542.0,0,0,0.0,0.00563,0.00563,0.00563,,,276342.0,,276342.0
2017-08-01,36,3467477.0,0,0,0.0,0.0,0.0,0.0,,,0.0,,0.0
2017-08-02,36,3467477.0,0,0,0.0,0.0,0.0,0.0,,,0.0,,0.0
2017-08-03,36,3467477.0,0,0,0.0,0.0015,0.0015,0.0015,,,267367.0,,267367.0
2017-08-04,36,3468109.0,0,0,0.0,0.00119,0.00119,0.00119,,,160397.0,,160397.0
2017-08-07,36,3470285.0,0,0,0.0,0.0,0.0,0.0,,,0.0,,0.0
2017-08-08,36,3470285.0,0,0,0.0,0.0,0.0,0.0,,,0.0,,0.0
2017-08-09,36,3470285.0,0,0,0.0,0.02686,0.02686,0.02686,,,403994.0,,403994.0
2017-08-10,36,3557885.0,0,0,0.0,0.00244,0.00244,0.00244,,,269716.0,,269716.0
2017-08-11,36,3554978.0,0,0,0.0,0.0,0.0,0.0,,,0.0,,0.0
2017-08-14,36,3554978.0,0,0,0.0,0.03002,0.03002,0.03002,,,1219386.0,,1219386.0
2017-08-15,36,3626167.0,0,0,0.0,0.0,0.0,0.0,,,0.0,,0.0
2017-08-16,36,3626167.0,0,0,0.0,0.0,0.0,0.0,,,0.0,,0.0
2017-08-17,36,3626167.0,0,0,0.0,0.0,0.0,0.0,,,0.0,,0.0
2017-08-18,36,3626167.0,0,0,0.0,0.0,0.0,0.0,,,0.0,,0.0
2017-08-21,36,3626167.0,0,0,0.0,0.0,0.0,0.0,,,0.0,,0.0
2017-08-22,36,3626167.0,0,0,0.0,0.00615,0.00615,0.00615,,,362019.0,,362019.0
2017-08-23,36,3643703.0,0,0,0.0,0.00079,0.00079,0.00079,,,191135.0,,191135.0
2017-08-24,36,3645699.0,0,0,0.0,0.0,0.0,0.0,,,0.0,,0.0
2017-08-25,36,3645699.0,0,0,0.0,0.0,0.0,0.0,,,0.0,,0.0
2017-08-28,36,3645699.0,0,0,0.0,0.0,0.0,0.0,,,0.0,,0.0
2017-08-29,36,3645699.0,0,0,0.0,0.0,0.0,0.0,,,0.0,,0.0
2017-08-30,36,3645699.0,0,0,0.0,0.0,0.0,0.0,,,0.0,,0.0
2017-08-31,36,3645699.0,0,0,0.0,0.0,0.0,0.0,,,0.0,,0.0
2017-09-01,36,3645699.0,0,0,0.0,0.0,0.0,0.0,,,0.0,,0.0
2017-09-05,36,3645699.0,0,0,0.0,0.0424,0.0424,0.0424,,,2930103.0,,2930103.0
2017-09-06,36,3800288.0,0,0,0.0,0.00631,0.00631,0.00631,,,554505.0,,554505.0
2017-09-07,36,3812945.0,0,0,0.0,0.00231,0.00231,0.00231,,,446451.0,,446451.0
2017-09-08,36,3812756.0,1,0,0.02778,0.00471,0.00311,0.00471,,,1421081.0,,1421081.0
2017-09-11,37,3806986.0,0,0,0.0,0.0,0.0,0.0,,,0.0,,0.0
2017-09-12,37,3806986.0,0,0,0.0,0.0,0.0,0.0,,,0.0,,0.0
2017-09-13,37,3806986.0,0,0,0.0,0.0,0.0,0.0,,,0.0,,0.0
2017-09-14,37,3806986.0,0,0,0.0,0.0,0.0,0.0,,,0.0,,0.0
2017-09-15,37,3806986.0,0,0,0.0,0.0,0.0,0.0,,,0.0,,0.0
2017-09-18,37,3806986.0,0,0,0.0,0.0,0.0,0.0,,,0.0,,0.0
2017-09-19,37,3806986.0,2,0,0.05405,0.04451,0.0425,0.04451,,,4854080.0,,4854080.0
2017-09-20,39,3961924.0,0,1,0.02564,0.00371,0.00363,0.00371,,,382072.0,,382072.0
2017-09-21,38,3975973.0,0,0,0.0,0.01446,0.01446,0.01446,,,1643740.0,,1643740.0
2017-09-22,38,4029829.0,1,0,0.02632,0.01586,0.0057,0.01586,,,771283.0,,771283.0
2017-09-25,39,4047855.0,0,0,0.0,0.00236,0.00236,0.00236,,,477376.0,,477376.0
2017-09-26,39,4050964.0,0,0,0.0,0.00205,0.00205,0.00205,,,458119.0,,458119.0
2017-09-27,39,4050680.0,0,0,0.0,0.0,0.0,0.0,,,0.0,,0.0
2017-09-28,39,4050680.0,0,0,0.0,0.0,0.0,0.0,,,0.0,,0.0
2017-09-29,39,4050680.0,0,0,0.0,0.02871,0.02871,0.02871,,,748935.0,,748935.0
2017-10-02,39,4002665.0,0,0,0.0,0.0,0.0,0.0,,,0.0,,0.0
2017-10-03,39,4002665.0,1,0,0.02564,0.0069,0.00315,0.0069,,,1192339.0,,1192339.0
2017-10-04,40,4005096.0,0,0,0.0,0.03832,0.03832,0.03832,,,3170141.0,,3170141.0
2017-10-05,40,4158584.0,0,0,0.0,0.00355,0.00355,0.00355,,,512494.0,,512494.0
2017-10-06,40,4165434.0,0,0,0.0,0.0,0.0,0.0,,,0.0,,0.0
2017-10-09,40,4165434.0,0,0,0.0,0.0,0.0,0.0,,,0.0,,0.0
2017-10-10,40,4165434.0,0,0,0.0,0.0,0.0,0.0,,,0.0,,0.0
2017-10-11,40,4165434.0,0,0,0.0,0.01712,0.01712,0.01712,,,938726.0,,938726.0
2017-10-12,40,4138466.0,0,0,0.0,0.05535,0.05535,0.05535,,,4801185.0,,4801185.0
2017-10-13,40,4367530.0,0,0,0.0,0.00418,0.00418,0.00418,,,899022.0,,899022.0
2017-10-16,40,4372437.0,0,0,0.0,0.03421,0.03421,0.03421,,,2138027.0,,2138027.0
2017-10-17,40,4310737.0,0,0,0.0,0.0,0.0,0.0,,,0.0,,0.0
2017-10-18,40,4310737.0,0,0,0.0,0.0,0.0,0.0,,,0.0,,0.0
2017-10-19,40,4310737.0,0,0,0.0,0.03644,0.03644,0.03644,,,3205170.0,,3205170.0
2017-10-20,40,4467724.0,0,0,0.0,0.00528,0.00528,0.00528,,,549303.0,,549303.0
2017-10-23,40,4452407.0,0,0,0.0,0.0,0.0,0.0,,,0.0,,0.0
2017-10-24,40,4452407.0,0,0,0.0,0.0,0.0,0.0,,,0.0,,0.0
2017-10-25,40,4452407.0,0,0,0.0,0.03135,0.03135,0.03135,,,3287624.0,,3287624.0
2017-10-26,40,4385032.0,0,0,0.0,0.0,0.0,0.0,,,0.0,,0.0
2017-10-27,40,4385032.0,0,0,0.0,0.0,0.0,0.0,,,0.0,,0.0
2017-10-30,40,4385032.0,0,0,0.0,0.03533,0.03533,0.03533,,,3509227.0,,3509227.0
2017-10-31,40,4295405.0,0,0,0.0,0.02935,0.02935,0.02935,,,1936536.0,,1936536.0
2017-11-01,40,4189127.0,0,0,0.0,0.00087,0.00087,0.00087,,,194594.0,,194594.0
2017-11-02,40,4192767.0,0,0,0.0,0.0,0.0,0.0,,,0.0,,0.0
2017-11-03,40,4192767.0,0,0,0.0,0.03639,0.03639,0.03639,,,3814623.0,,3814623.0
2017-11-06,40,4311071.0,0,0,0.0,0.01053,0.01053,0.01053,,,258727.0,,258727.0
2017-11-07,40,4353024.0,1,0,0.025,0.002,0.00116,0.002,,,500598.0,,500598.0
2017-11-08,41,4351621.0,0,0,0.0,0.0,0.0,0.0,,,0.0,,0.0
2017-11-09,41,4351621.0,0,0,0.0,0.00878,0.00878,0.00878,,,606790.0,,606790.0
2017-11-10,41,4327364.0,0,0,0.0,0.0,0.0,0.0,,,0.0,,0.0
2017-11-13,41,4327364.0,0,0,0.0,0.01036,0.01036,0.01036,,,448666.0,,448666.0
2017-11-14,41,4301700.0,0,0,0.0,0.0,0.0,0.0,,,0.0,,0.0
2017-11-15,41,4301700.0,0,0,0.0,0.0,0.0,0.0,,,0.0,,0.0
2017-11-16,41,4301700.0,0,0,0.0,0.01629,0.01629,0.01629,,,1626631.0,,1626631.0
2017-11-17,41,4371763.0,0,0,0.0,0.0,0.0,0.0,,,0.0,,0.0
2017-11-20,41,4371763.0,0,0,0.0,0.0,0.0,0.0,,,0.0,,0.0
2017-11-21,41,4371763.0,0,0,0.0,0.0,0.0,0.0,,,0.0,,0.0
2017-11-22,41,4371763.0,0,0,0.0,0.08013,0.08013,0.08013,,,8376502.0,,8376502.0
2017-11-27,41,4722078.0,0,0,0.0,0.01484,0.01484,0.01484,,,1682953.0,,1682953.0
2017-11-28,41,4792143.0,0,0,0.0,0.0,0.0,0.0,,,0.0,,0.0
2017-11-29,41,4792143.0,0,0,0.0,0.0,0.0,0.0,,,0.0,,0.0
2017-11-30,41,4792143.0,0,0,0.0,0.01521,0.01521,0.01521,,,1951710.0,,1951710.0
2017-12-01,41,4865023.0,0,0,0.0,0.0,0.0,0.0,,,0.0,,0.0
2017-12-04,41,4865023.0,0,0,0.0,0.0,0.0,0.0,,,0.0,,0.0
2017-12-05,41,4865023.0,0,0,0.0,0.01056,0.01056,0.01056,,,2565000.0,,2565000.0
2017-12-06,41,4871388.0,0,0,0.0,0.00098,0.00098,0.00098,,,134854.0,,134854.0
2017-12-07,41,4866594.0,0,0,0.0,0.0,0.0,0.0,,,0.0,,0.0
2017-12-08,41,4866594.0,0,0,0.0,0.01917,0.01917,0.01917,,,2553250.0,,2553250.0
2017-12-11,41,4940877.0,0,0,0.0,1e-05,1e-05,1e-05,,,9250.0,,9250.0
2017-12-12,41,4940845.0,0,0,0.0,0.00445,0.00445,0.00445,,,1160055.0,,1160055.0
2017-12-13,41,4948822.0,0,0,0.0,0.00028,0.00028,0.00028,,,61789.0,,61789.0
2017-12-14,41,4950134.0,0,0,0.0,0.0,0.0,0.0,,,0.0,,0.0
2017-12-15,41,4950134.0,0,0,0.0,0.01421,0.01421,0.01421,,,1642826.0,,1642826.0
2017-12-18,41,5020457.0,0,0,0.0,1e-05,1e-05,1e-05,,,16833.0,,16833.0
2017-12-19,41,5020398.0,0,0,0.0,0.0,0.0,0.0,,,0.0,,0.0
2017-12-20,41,5020398.0,0,0,0.0,0.01401,0.01401,0.01401,,,1641486.0,,1641486.0
2017-12-21,41,5090720.0,0,0,0.0,0.0,0.0,0.0,,,0.0,,0.0
2017-12-22,41,5090720.0,0,0,0.0,0.0,0.0,0.0,,,0.0,,0.0
2017-12-26,41,5090720.0,0,0,0.0,0.0,0.0,0.0,,,0.0,,0.0
2017-12-27,41,5090720.0,0,0,0.0,0.0,0.0,0.0,,,0.0,,0.0
2017-12-28,41,5090720.0,0,0,0.0,0.00887,0.00887,0.00887,,,1349974.0,,1349974.0
2017-12-29,41,5045580.0,0,0,0.0,0.0,0.0,0.0,,,0.0,,0.0
2018-01-02,41,5045580.0,0,0,0.0,0.01503,0.01503,0.01503,,,1918339.0,,1918339.0
2018-01-03,41,5116453.0,0,0,0.0,0.0,0.0,0.0,,,0.0,,0.0
2018-01-04,41,5116453.0,1,1,0.04878,0.02714,0.02005,0.02714,,,3689091.0,,3689091.0
2018-01-05,41,5201975.0,0,0,0.0,0.0,0.0,0.0,,,0.0,,0.0
2018-01-08,41,5201975.0,0,0,0.0,0.01362,0.01362,0.01362,,,1693077.0,,1693077.0
2018-01-09,41,5272846.0,1,0,0.02439,0.00686,0.00149,0.00686,,,1254769.0,,1254769.0
2018-01-10,42,5293306.0,0,0,0.0,0.04033,0.04033,0.04033,,,5090201.0,,5090201.0
2018-01-11,42,5506769.0,0,0,0.0,0.02588,0.02588,0.02588,,,2674736.0,,2674736.0
2018-01-12,42,5364263.0,0,0,0.0,0.0,0.0,0.0,,,0.0,,0.0
2018-01-16,42,5364263.0,0,0,0.0,0.04089,0.04089,0.04089,,,5333540.0,,5333540.0
2018-01-17,42,5583620.0,0,0,0.0,0.02619,0.02619,0.02619,,,3583338.0,,3583338.0
2018-01-18,42,5729850.0,0,0,0.0,0.01392,0.01392,0.01392,,,842379.0,,842379.0
2018-01-19,42,5656018.0,0,0,0.0,0.00442,0.00442,0.00442,,,980074.0,,980074.0
2018-01-22,42,5667908.0,0,0,0.0,0.01897,0.01897,0.01897,,,2935871.0,,2935871.0
2018-01-23,42,5760609.0,0,0,0.0,0.0126,0.0126,0.0126,,,1820292.0,,1820292.0
2018-01-24,42,5833174.0,1,0,0.02381,0.00921,0.00513,0.00921,,,2144480.0,,2144480.0
2018-01-25,43,5833461.0,0,0,0.0,0.01244,0.01244,0.01244,,,1794656.0,,1794656.0
2018-01-26,43,5906030.0,0,0,0.0,0.0,0.0,0.0,,,0.0,,0.0
2018-01-29,43,5906030.0,0,0,0.0,0.0,0.0,0.0,,,0.0,,0.0
2018-01-30,43,5906030.0,1,0,0.02326,0.0591,0.03273,0.0591,,,5550511.0,,5550511.0
2018-01-31,44,6048069.0,0,0,0.0,0.00606,0.00606,0.00606,,,884098.0,,884098.0
2018-02-01,44,6014813.0,0,0,0.0,0.0,0.0,0.0,,,0.0,,0.0
2018-02-02,44,6014813.0,0,0,0.0,0.0,0.0,0.0,,,0.0,,0.0
2018-02-05,44,6014813.0,0,0,0.0,0.00548,0.00548,0.00548,,,1067650.0,,1067650.0
2018-02-06,44,6004752.0,0,0,0.0,0.00761,0.00761,0.00761,,,1112757.0,,1112757.0
2018-02-07,44,5979501.0,0,0,0.0,0.02654,0.02654,0.02654,,,2551134.0,,2551134.0
2018-02-08,44,6085436.0,0,0,0.0,0.0,0.0,0.0,,,0.0,,0.0
2018-02-09,44,6085436.0,0,0,0.0,0.00303,0.00303,0.00303,,,641200.0,,641200.0
2018-02-12,44,6096011.0,0,1,0.02273,0.09617,0.01606,0.09617,,,2792648.0,,2792648.0
2018-02-13,43,5610257.0,0,1,0.02326,0.04327,0.02273,0.04327,,,4268794.0,,4268794.0
2018-02-14,42,5582486.0,0,0,0.0,0.0,0.0,0.0,,,0.0,,0.0
2018-02-15,42,5582486.0,0,0,0.0,0.03316,0.03316,0.03316,,,2149203.0,,2149203.0
2018-02-16,42,5415110.0,0,0,0.0,0.0,0.0,0.0,,,0.0,,0.0
2018-02-20,42,5415110.0,0,0,0.0,0.01344,0.01344,0.01344,,,1793082.0,,1793082.0
2018-02-21,42,5404622.0,0,0,0.0,0.0,0.0,0.0,,,0.0,,0.0
2018-02-22,42,5404622.0,0,0,0.0,0.01328,0.01328,0.01328,,,1981318.0,,1981318.0
2018-02-23,42,5474330.0,0,0,0.0,0.00912,0.00912,0.00912,,,307609.0,,307609.0
2018-02-26,42,5426307.0,0,1,0.02381,0.00822,0.00387,0.00822,,,1908881.0,,1908881.0
2018-02-27,41,5381715.0,0,0,0.0,0.00631,0.00631,0.00631,,,955403.0,,955403.0
2018-02-28,41,5386611.0,0,0,0.0,0.0,0.0,0.0,,,0.0,,0.0
2018-03-01,41,5386611.0,0,0,0.0,0.01513,0.01513,0.01513,,,2569056.0,,2569056.0
2018-03-02,41,5468110.0,0,0,0.0,0.0043,0.0043,0.0043,,,900360.0,,900360.0
2018-03-05,41,5484269.0,0,0,0.0,0.01165,0.01165,0.01165,,,2056257.0,,2056257.0
2018-03-06,41,5477187.0,0,0,0.0,0.02762,0.02762,0.02762,,,4241712.0,,4241712.0
2018-03-07,41,5604784.0,0,0,0.0,0.02342,0.02342,0.02342,,,3546893.0,,3546893.0
2018-03-08,41,5736052.0,0,0,0.0,0.00235,0.00235,0.00235,,,915986.0,,915986.0
2018-03-09,41,5742974.0,0,0,0.0,0.0,0.0,0.0,,,0.0,,0.0
2018-03-12,41,5742974.0,0,0,0.0,0.0,0.0,0.0,,,0.0,,0.0
2018-03-13,41,5742974.0,0,0,0.0,0.04325,0.04325,0.04325,,,7783394.0,,7783394.0
2018-03-14,41,5869779.0,0,0,0.0,0.0,0.0,0.0,,,0.0,,0.0
2018-03-15,41,5869779.0,0,0,0.0,0.0,0.0,0.0,,,0.0,,0.0
2018-03-16,41,5869779.0,0,0,0.0,0.0,0.0,0.0,,,0.0,,0.0
2018-03-19,41,5869779.0,0,0,0.0,0.0,0.0,0.0,,,0.0,,0.0
2018-03-20,41,5869779.0,0,0,0.0,0.01106,0.01106,0.01106,,,1760284.0,,1760284.0
2018-03-21,41,5934709.0,0,0,0.0,0.0,0.0,0.0,,,0.0,,0.0
2018-03-22,41,5934709.0,0,0,0.0,0.0,0.0,0.0,,,0.0,,0.0
2018-03-23,41,5934709.0,0,2,0.04878,0.00095,0.00078,0.00095,,,269490.0,,269490.0
2018-03-26,39,5938362.0,0,0,0.0,0.01798,0.01798,0.01798,,,1576100.0,,1576100.0
2018-03-27,39,5907651.0,0,0,0.0,0.00735,0.00735,0.00735,,,2567843.0,,2567843.0
2018-03-28,39,5930348.0,0,0,0.0,0.04283,0.04283,0.04283,,,1158872.0,,1158872.0
2018-03-29,39,5742986.0,0,1,0.02564,0.06833,0.01714,0.06833,,,1688358.0,,1688358.0
2018-04-02,38,5537170.0,0,1,0.02632,0.02738,0.01163,0.02738,,,3217078.0,,3217078.0
2018-04-03,37,5512359.0,0,0,0.0,0.00281,0.00281,0.00281,,,435064.0,,435064.0
2018-04-04,37,5521734.0,0,0,0.0,0.0,0.0,0.0,,,0.0,,0.0
2018-04-05,37,5521734.0,0,0,0.0,0.01434,0.01434,0.01434,,,2141387.0,,2141387.0
2018-04-06,37,5600897.0,0,0,0.0,0.0,0.0,0.0,,,0.0,,0.0
2018-04-09,37,5600897.0,0,0,0.0,0.0,0.0,0.0,,,0.0,,0.0
2018-04-10,37,5600897.0,0,0,0.0,0.0,0.0,0.0,,,0.0,,0.0
2018-04-11,37,5600897.0,0,0,0.0,0.01174,0.01174,0.01174,,,1561753.0,,1561753.0
2018-04-12,37,5648560.0,0,0,0.0,0.0,0.0,0.0,,,0.0,,0.0
2018-04-13,37,5648560.0,0,0,0.0,0.0,0.0,0.0,,,0.0,,0.0
2018-04-17,37,5648560.0,0,1,0.02703,0.00311,0.00309,0.00311,,,1294743.0,,1294743.0
2018-04-18,36,5652570.0,0,0,0.0,0.0,0.0,0.0,,,0.0,,0.0
2018-04-19,36,5652570.0,1,0,0.02778,0.01826,0.01764,0.01826,,,4110791.0,,4110791.0
2018-04-20,37,5578286.0,0,0,0.0,0.00308,0.00308,0.00308,,,922003.0,,922003.0
2018-04-23,37,5583166.0,0,0,0.0,0.0066,0.0066,0.0066,,,1773718.0,,1773718.0
2018-04-24,37,5591817.0,0,0,0.0,0.0,0.0,0.0,,,0.0,,0.0
2018-04-25,37,5591817.0,0,0,0.0,0.00755,0.00755,0.00755,,,735964.0,,735964.0
2018-04-26,37,5561262.0,0,0,0.0,0.00722,0.00722,0.00722,,,2005724.0,,2005724.0
2018-04-27,37,5576072.0,0,0,0.0,0.01357,0.01357,0.01357,,,1928809.0,,1928809.0
2018-04-30,37,5564722.0,0,0,0.0,0.00526,0.00526,0.00526,,,754009.0,,754009.0
2018-05-01,37,5558229.0,0,0,0.0,0.0,0.0,0.0,,,0.0,,0.0
2018-05-02,37,5558229.0,0,0,0.0,0.0,0.0,0.0,,,0.0,,0.0
2018-05-03,37,5558229.0,0,0,0.0,0.01,0.01,0.01,,,2046461.0,,2046461.0
2018-05-04,37,5593162.0,0,0,0.0,0.03613,0.03613,0.03613,,,4752759.0,,4752759.0
2018-05-07,37,5391083.0,0,0,0.0,0.0,0.0,0.0,,,0.0,,0.0
2018-05-08,37,5391083.0,0,0,0.0,0.0,0.0,0.0,,,0.0,,0.0
2018-05-09,37,5391083.0,0,0,0.0,0.00416,0.00416,0.00416,,,1232039.0,,1232039.0
2018-05-10,37,5403264.0,0,0,0.0,0.01355,0.01355,0.01355,,,789825.0,,789825.0
2018-05-11,37,5352567.0,0,0,0.0,0.0,0.0,0.0,,,0.0,,0.0
2018-05-14,37,5352567.0,0,0,0.0,0.0,0.0,0.0,,,0.0,,0.0
2018-05-15,37,5352567.0,0,0,0.0,0.0,0.0,0.0,,,0.0,,0.0
2018-05-16,37,5352567.0,0,0,0.0,0.0,0.0,0.0,,,0.0,,0.0
2018-05-17,37,5352567.0,0,0,0.0,0.0,0.0,0.0,,,0.0,,0.0
2018-05-18,37,5352567.0,0,0,0.0,0.0,0.0,0.0,,,0.0,,0.0
2018-05-21,37,5352567.0,0,0,0.0,0.00617,0.00617,0.00617,,,1191384.0,,1191384.0
2018-05-23,37,5324304.0,0,1,0.02703,0.00947,0.00623,0.00947,,,3611838.0,,3611838.0
2018-05-24,36,5339938.0,0,0,0.0,0.0,0.0,0.0,,,0.0,,0.0
2018-05-25,36,5339938.0,0,0,0.0,0.01122,0.01122,0.01122,,,1694335.0,,1694335.0
2018-05-29,36,5279998.0,0,0,0.0,0.00491,0.00491,0.00491,,,712670.0,,712670.0
2018-05-30,36,5292172.0,0,0,0.0,0.0,0.0,0.0,,,0.0,,0.0
2018-05-31,36,5292172.0,0,0,0.0,0.03406,0.03406,0.03406,,,5075663.0,,5075663.0
2018-06-01,36,5111937.0,0,0,0.0,0.0,0.0,0.0,,,0.0,,0.0
2018-06-04,36,5111937.0,0,0,0.0,0.00139,0.00139,0.00139,,,357750.0,,357750.0
2018-06-05,36,5116074.0,0,0,0.0,0.0062,0.0062,0.0062,,,1125764.0,,1125764.0
2018-06-06,36,5114058.0,0,0,0.0,0.0,0.0,0.0,,,0.0,,0.0
2018-06-07,36,5114058.0,0,0,0.0,0.0,0.0,0.0,,,0.0,,0.0
2018-06-08,36,5114058.0,0,0,0.0,0.0,0.0,0.0,,,0.0,,0.0
2018-06-11,36,5114058.0,0,0,0.0,0.0,0.0,0.0,,,0.0,,0.0
2018-06-12,36,5114058.0,0,0,0.0,0.0,0.0,0.0,,,0.0,,0.0
2018-06-13,36,5114058.0,0,0,0.0,0.0,0.0,0.0,,,0.0,,0.0
2018-06-14,36,5114058.0,0,0,0.0,0.0,0.0,0.0,,,0.0,,0.0
2018-06-15,36,5114058.0,0,0,0.0,0.0,0.0,0.0,,,0.0,,0.0
2018-06-18,36,5114058.0,0,0,0.0,0.0,0.0,0.0,,,0.0,,0.0
2018-06-19,36,5114058.0,0,0,0.0,0.0,0.0,0.0,,,0.0,,0.0
2018-06-20,36,5114058.0,0,0,0.0,0.0,0.0,0.0,,,0.0,,0.0
2018-06-21,36,5114058.0,0,0,0.0,0.0,0.0,0.0,,,0.0,,0.0
2018-06-22,36,5114058.0,0,0,0.0,0.0,0.0,0.0,,,0.0,,0.0
2018-06-25,36,5114058.0,0,0,0.0,0.0,0.0,0.0,,,0.0,,0.0
2018-06-26,36,5114058.0,0,0,0.0,0.0,0.0,0.0,,,0.0,,0.0
2018-06-27,36,5114058.0,0,0,0.0,0.0,0.0,0.0,,,0.0,,0.0
2018-06-28,36,5114058.0,0,0,0.0,0.00626,0.00626,0.00626,,,1167483.0,,1167483.0
2018-06-29,36,5096072.0,0,0,0.0,0.00728,0.00728,0.00728,,,777483.0,,777483.0
2018-07-02,36,5072010.0,0,0,0.0,0.01175,0.01175,0.01175,,,1729582.0,,1729582.0
2018-07-03,36,5012393.0,1,1,0.05556,0.02682,0.01153,0.02682,,,4384259.0,,4384259.0
2018-07-05,36,5025755.0,0,0,0.0,0.0,0.0,0.0,,,0.0,,0.0
2018-07-06,36,5025755.0,0,0,0.0,0.0,0.0,0.0,,,0.0,,0.0
2018-07-09,36,5025755.0,0,0,0.0,0.0,0.0,0.0,,,0.0,,0.0
2018-07-10,36,5025755.0,0,0,0.0,0.0,0.0,0.0,,,0.0,,0.0
2018-07-11,36,5025755.0,0,0,0.0,0.0,0.0,0.0,,,0.0,,0.0
2018-07-12,36,5025755.0,0,0,0.0,0.0,0.0,0.0,,,0.0,,0.0
2018-07-13,36,5025755.0,0,0,0.0,0.0,0.0,0.0,,,0.0,,0.0
2018-07-16,36,5025755.0,0,0,0.0,0.0,0.0,0.0,,,0.0,,0.0
2018-07-17,36,5025755.0,0,0,0.0,0.00115,0.00115,0.00115,,,762572.0,,762572.0
2018-07-18,36,5024446.0,0,0,0.0,0.0,0.0,0.0,,,0.0,,0.0
2018-07-19,36,5024446.0,0,0,0.0,0.0,0.0,0.0,,,0.0,,0.0
2018-07-20,36,5024446.0,0,0,0.0,0.0,0.0,0.0,,,0.0,,0.0
2018-07-23,36,5024446.0,0,0,0.0,0.00369,0.00369,0.00369,,,1000629.0,,1000629.0
2018-07-24,36,5029356.0,0,0,0.0,0.02193,0.02193,0.02193,,,3380906.0,,3380906.0
2018-07-25,36,5139666.0,0,0,0.0,0.01228,0.01228,0.01228,,,1743187.0,,1743187.0
2018-07-26,36,5182084.0,0,0,0.0,0.02563,0.02563,0.02563,,,3808996.0,,3808996.0
2018-07-27,36,5198205.0,0,0,0.0,0.00268,0.00268,0.00268,,,988187.0,,988187.0
2018-07-30,36,5200659.0,0,0,0.0,0.0,0.0,0.0,,,0.0,,0.0
2018-07-31,36,5200659.0,0,0,0.0,0.02469,0.02469,0.02469,,,3708739.0,,3708739.0
2018-08-01,36,5328255.0,0,0,0.0,0.0,0.0,0.0,,,0.0,,0.0
2018-08-02,36,5328255.0,0,0,0.0,0.00332,0.00332,0.00332,,,2130705.0,,2130705.0
2018-08-03,36,5319622.0,0,0,0.0,0.00559,0.00559,0.00559,,,947523.0,,947523.0
2018-08-06,36,5307058.0,0,0,0.0,0.02076,0.02076,0.02076,,,3616315.0,,3616315.0
2018-08-07,36,5338203.0,1,0,0.02778,0.03356,0.0213,0.03356,,,4431223.0,,4431223.0
2018-08-08,37,5453786.0,0,0,0.0,0.00171,0.00171,0.00171,,,824254.0,,824254.0
2018-08-09,37,5448094.0,0,0,0.0,0.04375,0.04375,0.04375,,,7262371.0,,7262371.0
2018-08-10,37,5686467.0,0,0,0.0,0.00583,0.00583,0.00583,,,1260971.0,,1260971.0
2018-08-13,37,5674970.0,0,0,0.0,0.00797,0.00797,0.00797,,,573539.0,,573539.0
2018-08-14,37,5715969.0,0,0,0.0,0.02671,0.02671,0.02671,,,2983115.0,,2983115.0
2018-08-15,37,5684085.0,0,0,0.0,0.00897,0.00897,0.00897,,,2850375.0,,2850375.0
2018-08-16,37,5683704.0,0,0,0.0,0.00853,0.00853,0.00853,,,1701556.0,,1701556.0
2018-08-17,37,5673259.0,0,0,0.0,0.01987,0.01987,0.01987,,,3530469.0,,3530469.0
2018-08-20,37,5720265.0,0,0,0.0,0.02362,0.02362,0.02362,,,1613174.0,,1613174.0
2018-08-21,37,5843543.0,0,0,0.0,0.00644,0.00644,0.00644,,,1629162.0,,1629162.0
2018-08-22,37,5871177.0,0,0,0.0,0.0,0.0,0.0,,,0.0,,0.0
2018-08-23,37,5871177.0,0,0,0.0,0.0,0.0,0.0,,,0.0,,0.0
2018-08-24,37,5871177.0,0,0,0.0,0.0,0.0,0.0,,,0.0,,0.0
2018-08-27,37,5871177.0,0,0,0.0,0.0,0.0,0.0,,,0.0,,0.0
2018-08-28,37,5871177.0,0,0,0.0,0.0,0.0,0.0,,,0.0,,0.0
2018-08-29,37,5871177.0,0,0,0.0,0.0,0.0,0.0,,,0.0,,0.0
2018-08-30,37,5871177.0,0,0,0.0,0.0,0.0,0.0,,,0.0,,0.0
2018-08-31,37,5871177.0,0,0,0.0,0.0,0.0,0.0,,,0.0,,0.0
2018-09-04,37,5871177.0,0,0,0.0,0.01026,0.01026,0.01026,,,1820728.0,,1820728.0
2018-09-06,37,5931441.0,0,0,0.0,0.0232,0.0232,0.0232,,,4014213.0,,4014213.0
2018-09-07,37,5903926.0,0,0,0.0,0.0,0.0,0.0,,,0.0,,0.0
2018-09-10,37,5903926.0,0,0,0.0,0.02735,0.02735,0.02735,,,3613217.0,,3613217.0
2018-09-11,37,5920992.0,0,0,0.0,0.00358,0.00358,0.00358,,,883180.0,,883180.0
2018-09-12,37,5932458.0,0,0,0.0,0.0,0.0,0.0,,,0.0,,0.0
2018-09-13,37,5932458.0,0,1,0.02703,0.00584,0.00245,0.00584,,,901782.0,,901782.0
2018-09-14,36,5921490.0,0,0,0.0,0.0,0.0,0.0,,,0.0,,0.0
2018-09-17,36,5921490.0,0,0,0.0,0.0,0.0,0.0,,,0.0,,0.0
2018-09-18,36,5921490.0,0,0,0.0,0.04077,0.04077,0.04077,,,7193220.0,,7193220.0
2018-09-19,36,6162898.0,0,0,0.0,0.0,0.0,0.0,,,0.0,,0.0
2018-09-21,36,6162898.0,0,0,0.0,0.0,0.0,0.0,,,0.0,,0.0
2018-09-24,36,6162898.0,0,0,0.0,0.0,0.0,0.0,,,0.0,,0.0
2018-09-25,36,6162898.0,0,0,0.0,0.01202,0.01202,0.01202,,,2485343.0,,2485343.0
2018-09-26,36,6137517.0,0,0,0.0,0.0,0.0,0.0,,,0.0,,0.0
2018-09-27,36,6137517.0,0,0,0.0,0.0,0.0,0.0,,,0.0,,0.0
2018-09-28,36,6137517.0,0,0,0.0,0.00979,0.00979,0.00979,,,1795763.0,,1795763.0
2018-10-01,36,6197621.0,0,0,0.0,0.0097,0.0097,0.0097,,,1817281.0,,1817281.0
2018-10-02,36,6137512.0,0,0,0.0,0.01939,0.01939,0.01939,,,4670662.0,,4670662.0
2018-10-03,36,6175550.0,0,0,0.0,0.0,0.0,0.0,,,0.0,,0.0
2018-10-05,36,6175550.0,0,0,0.0,0.00324,0.00324,0.00324,,,877871.0,,877871.0
2018-10-08,36,6179983.0,0,0,0.0,0.0,0.0,0.0,,,0.0,,0.0
2018-10-09,36,6179983.0,0,0,0.0,0.00369,0.00369,0.00369,,,1484956.0,,1484956.0
2018-10-10,36,6172403.0,0,0,0.0,0.0,0.0,0.0,,,0.0,,0.0
2018-10-12,36,6172403.0,0,2,0.05556,0.03538,0.02469,0.03538,,,8611226.0,,8611226.0
2018-10-15,34,6220508.0,0,0,0.0,0.0098,0.0098,0.0098,,,1609471.0,,1609471.0
2018-10-16,34,6159575.0,0,0,0.0,0.00567,0.00567,0.00567,,,988713.0,,988713.0
2018-10-17,34,6130921.0,0,0,0.0,0.0,0.0,0.0,,,0.0,,0.0
2018-10-18,34,6130921.0,0,0,0.0,0.0,0.0,0.0,,,0.0,,0.0
2018-10-19,34,6130921.0,0,0,0.0,0.00345,0.00345,0.00345,,,959596.0,,959596.0
2018-10-22,34,6139120.0,0,0,0.0,0.0,0.0,0.0,,,0.0,,0.0
2018-10-23,34,6139120.0,0,0,0.0,0.0,0.0,0.0,,,0.0,,0.0
2018-10-24,34,6139120.0,0,0,0.0,0.01659,0.01659,0.01659,,,897243.0,,897243.0
2018-10-25,34,6210487.0,0,0,0.0,0.00468,0.00468,0.00468,,,917185.0,,917185.0
2018-10-26,34,6221820.0,0,0,0.0,0.01503,0.01503,0.01503,,,2167579.0,,2167579.0
2018-10-29,34,6234358.0,0,0,0.0,0.00449,0.00449,0.00449,,,944261.0,,944261.0
2018-10-30,34,6218028.0,0,0,0.0,0.00706,0.00706,0.00706,,,1627474.0,,1627474.0
2018-10-31,34,6186946.0,0,0,0.0,0.01149,0.01149,0.01149,,,2757214.0,,2757214.0
2018-11-01,34,6192352.0,0,0,0.0,0.0,0.0,0.0,,,0.0,,0.0
2018-11-02,34,6192352.0,0,0,0.0,0.0,0.0,0.0,,,0.0,,0.0
2018-11-05,34,6192352.0,0,0,0.0,0.0,0.0,0.0,,,0.0,,0.0
2018-11-06,34,6192352.0,0,0,0.0,0.01247,0.01247,0.01247,,,2540419.0,,2540419.0
2018-11-07,34,6259575.0,0,0,0.0,0.01966,0.01966,0.01966,,,3893217.0,,3893217.0
2018-11-08,34,6310990.0,0,0,0.0,0.0,0.0,0.0,,,0.0,,0.0
2018-11-09,34,6310990.0,0,0,0.0,0.0,0.0,0.0,,,0.0,,0.0
2018-11-12,34,6310990.0,0,0,0.0,0.0194,0.0194,0.0194,,,3265725.0,,3265725.0
2018-11-13,34,6433392.0,0,0,0.0,0.02854,0.02854,0.02854,,,4933989.0,,4933989.0
2018-11-14,34,6616993.0,0,0,0.0,0.0,0.0,0.0,,,0.0,,0.0
2018-11-15,34,6616993.0,0,0,0.0,0.0,0.0,0.0,,,0.0,,0.0
2018-11-16,34,6616993.0,0,0,0.0,0.0,0.0,0.0,,,0.0,,0.0
2018-11-19,34,6616993.0,0,0,0.0,0.07242,0.07242,0.07242,,,3546488.0,,3546488.0
2018-11-20,34,6924376.0,0,0,0.0,0.08722,0.08722,0.08722,,,5309505.0,,5309505.0
2018-11-21,34,7269493.0,0,0,0.0,0.05131,0.05131,0.05131,,,2918413.0,,2918413.0
2018-11-23,34,7525657.0,0,0,0.0,0.0,0.0,0.0,,,0.0,,0.0
2018-11-26,34,7525657.0,0,0,0.0,0.0,0.0,0.0,,,0.0,,0.0
2018-11-27,34,7525657.0,0,0,0.0,0.00491,0.00491,0.00491,,,2195931.0,,2195931.0
2018-11-28,34,7527651.0,0,0,0.0,0.0,0.0,0.0,,,0.0,,0.0
2018-11-29,34,7527651.0,0,0,0.0,0.0,0.0,0.0,,,0.0,,0.0
2018-11-30,34,7527651.0,0,0,0.0,0.01851,0.01851,0.01851,,,3319358.0,,3319358.0
2018-12-03,34,7388342.0,0,0,0.0,0.00647,0.00647,0.00647,,,2778935.0,,2778935.0
2018-12-04,34,7364959.0,0,0,0.0,0.0034,0.0034,0.0034,,,888721.0,,888721.0
2018-12-06,34,7352226.0,0,0,0.0,0.0,0.0,0.0,,,0.0,,0.0
2018-12-07,34,7352226.0,0,0,0.0,0.00275,0.00275,0.00275,,,851533.0,,851533.0
2018-12-10,34,7336712.0,0,0,0.0,0.01886,0.01886,0.01886,,,3182431.0,,3182431.0
2018-12-11,34,7475083.0,0,0,0.0,0.01995,0.01995,0.01995,,,2399176.0,,2399176.0
2018-12-12,34,7577887.0,0,0,0.0,0.0177,0.0177,0.0177,,,864134.0,,864134.0
2018-12-13,34,7676797.0,0,0,0.0,0.0,0.0,0.0,,,0.0,,0.0
2018-12-14,34,7676797.0,0,0,0.0,0.0,0.0,0.0,,,0.0,,0.0
2018-12-17,34,7676797.0,0,0,0.0,0.0,0.0,0.0,,,0.0,,0.0
2018-12-18,34,7676797.0,0,0,0.0,0.00457,0.00457,0.00457,,,1306387.0,,1306387.0
2018-12-19,34,7654965.0,0,0,0.0,0.0,0.0,0.0,,,0.0,,0.0
2018-12-20,34,7654965.0,0,0,0.0,0.01877,0.01877,0.01877,,,2127076.0,,2127076.0
2018-12-21,34,7691141.0,0,0,0.0,0.00709,0.00709,0.00709,,,2808166.0,,2808166.0
2018-12-24,34,7725205.0,0,0,0.0,0.0,0.0,0.0,,,0.0,,0.0
2018-12-26,34,7725205.0,0,2,0.05882,0.04352,0.04161,0.04352,,,9249188.0,,9249188.0
2018-12-27,32,7389031.0,0,0,0.0,0.01683,0.01683,0.01683,,,2260076.0,,2260076.0
2018-12-28,32,7472713.0,0,0,0.0,0.0,0.0,0.0,,,0.0,,0.0
2018-12-31,32,7472713.0,0,0,0.0,0.0,0.0,0.0,,,0.0,,0.0
2019-01-02,32,7472713.0,0,0,0.0,0.00218,0.00218,0.00218,,,375688.0,,375688.0
2019-01-03,32,7473849.0,0,0,0.0,0.0,0.0,0.0,,,0.0,,0.0
2019-01-04,32,7473849.0,0,0,0.0,0.00688,0.00688,0.00688,,,2047813.0,,2047813.0
2019-01-07,32,7481897.0,0,0,0.0,0.0,0.0,0.0,,,0.0,,0.0
2019-01-08,32,7481897.0,0,0,0.0,0.00305,0.00305,0.00305,,,1296532.0,,1296532.0
2019-01-09,32,7493379.0,0,0,0.0,0.0,0.0,0.0,,,0.0,,0.0
2019-01-10,32,7493379.0,0,0,0.0,0.0,0.0,0.0,,,0.0,,0.0
2019-01-11,32,7493379.0,0,0,0.0,0.00269,0.00269,0.00269,,,624780.0,,624780.0
2019-01-14,32,7506059.0,0,0,0.0,0.0,0.0,0.0,,,0.0,,0.0
2019-01-15,32,7506059.0,0,0,0.0,0.0034,0.0034,0.0034,,,1630620.0,,1630620.0
2019-01-16,32,7514056.0,0,0,0.0,0.0,0.0,0.0,,,0.0,,0.0
2019-01-17,32,7514056.0,0,0,0.0,0.0,0.0,0.0,,,0.0,,0.0
2019-01-18,32,7514056.0,0,0,0.0,0.0,0.0,0.0,,,0.0,,0.0
2019-01-22,32,7514056.0,0,0,0.0,0.01478,0.01478,0.01478,,,3231401.0,,3231401.0
2019-01-23,32,7564720.0,0,0,0.0,0.00126,0.00126,0.00126,,,1047698.0,,1047698.0
2019-01-24,32,7561643.0,0,0,0.0,0.00391,0.00391,0.00391,,,958648.0,,958648.0
2019-01-25,32,7580707.0,0,0,0.0,0.0,0.0,0.0,,,0.0,,0.0
2019-01-28,32,7580707.0,0,0,0.0,0.0,0.0,0.0,,,0.0,,0.0
2019-01-29,32,7580707.0,0,0,0.0,0.06639,0.06639,0.06639,,,2886039.0,,2886039.0
2019-01-30,32,7938124.0,0,0,0.0,0.03544,0.03544,0.03544,,,1866603.0,,1866603.0
2019-01-31,32,8145872.0,0,0,0.0,0.00369,0.00369,0.00369,,,1339926.0,,1339926.0
2019-02-01,32,8138238.0,0,0,0.0,0.0,0.0,0.0,,,0.0,,0.0
2019-02-04,32,8138238.0,0,0,0.0,0.00441,0.00441,0.00441,,,516301.0,,516301.0
2019-02-05,32,8160553.0,0,0,0.0,0.01952,0.01952,0.01952,,,2230401.0,,2230401.0
2019-02-06,32,8315056.0,0,0,0.0,0.0,0.0,0.0,,,0.0,,0.0
2019-02-07,32,8315056.0,0,0,0.0,0.0,0.0,0.0,,,0.0,,0.0
2019-02-08,32,8315056.0,0,0,0.0,0.00488,0.00488,0.00488,,,2040430.0,,2040430.0
2019-02-11,32,8292568.0,0,0,0.0,0.0,0.0,0.0,,,0.0,,0.0
2019-02-12,32,8292568.0,0,0,0.0,0.0,0.0,0.0,,,0.0,,0.0
2019-02-13,32,8292568.0,0,0,0.0,0.00466,0.00466,0.00466,,,957492.0,,957492.0
2019-02-14,32,8262640.0,0,1,0.03125,0.01303,0.00143,0.01303,,,2636306.0,,2636306.0
2019-02-15,31,8178338.0,0,0,0.0,0.0,0.0,0.0,,,0.0,,0.0
2019-02-19,31,8178338.0,0,0,0.0,0.02753,0.02753,0.02753,,,2768342.0,,2768342.0
2019-02-20,31,8324439.0,0,0,0.0,0.0,0.0,0.0,,,0.0,,0.0
2019-02-21,31,8324439.0,0,0,0.0,0.0,0.0,0.0,,,0.0,,0.0
2019-02-22,31,8324439.0,0,0,0.0,0.00961,0.00961,0.00961,,,1748778.0,,1748778.0
2019-02-25,31,8244453.0,0,0,0.0,0.00784,0.00784,0.00784,,,2494791.0,,2494791.0
2019-02-26,31,8260115.0,0,0,0.0,0.0,0.0,0.0,,,0.0,,0.0
2019-02-27,31,8260115.0,0,0,0.0,0.0,0.0,0.0,,,0.0,,0.0
2019-02-28,31,8260115.0,0,0,0.0,0.0,0.0,0.0,,,0.0,,0.0
2019-03-04,31,8260115.0,0,0,0.0,0.00244,0.00244,0.00244,,,523231.0,,523231.0
2019-03-05,31,8267346.0,0,0,0.0,0.01632,0.01632,0.01632,,,2121117.0,,2121117.0
2019-03-06,31,8357379.0,0,0,0.0,0.00611,0.00611,0.00611,,,1344850.0,,1344850.0
2019-03-07,31,8380406.0,0,0,0.0,0.0,0.0,0.0,,,0.0,,0.0
2019-03-08,31,8380406.0,0,0,0.0,0.0,0.0,0.0,,,0.0,,0.0
2019-03-11,31,8380406.0,0,0,0.0,0.0,0.0,0.0,,,0.0,,0.0
2019-03-12,31,8380406.0,0,0,0.0,0.00134,0.00134,0.00134,,,645784.0,,645784.0
2019-03-13,31,8380734.0,0,0,0.0,0.0,0.0,0.0,,,0.0,,0.0
2019-03-14,31,8380734.0,0,0,0.0,0.0,0.0,0.0,,,0.0,,0.0
2019-03-15,31,8380734.0,0,0,0.0,0.011,0.011,0.011,,,1956191.0,,1956191.0
2019-03-18,31,8467313.0,0,0,0.0,0.0,0.0,0.0,,,0.0,,0.0
2019-03-19,31,8467313.0,0,0,0.0,0.0,0.0,0.0,,,0.0,,0.0
2019-03-20,31,8467313.0,0,0,0.0,0.0,0.0,0.0,,,0.0,,0.0
2019-03-21,31,8467313.0,0,0,0.0,0.0,0.0,0.0,,,0.0,,0.0
2019-03-22,31,8467313.0,0,0,0.0,0.0,0.0,0.0,,,0.0,,0.0
2019-03-25,31,8467313.0,0,0,0.0,0.00961,0.00961,0.00961,,,1666990.0,,1666990.0
2019-03-26,31,8385932.0,0,0,0.0,0.00512,0.00512,0.00512,,,1423778.0,,1423778.0
2019-03-27,31,8423781.0,0,0,0.0,0.0,0.0,0.0,,,0.0,,0.0
2019-03-28,31,8423781.0,0,0,0.0,0.0,0.0,0.0,,,0.0,,0.0
2019-03-29,31,8423781.0,0,0,0.0,0.0,0.0,0.0,,,0.0,,0.0
2019-04-01,31,8423781.0,0,0,0.0,0.0,0.0,0.0,,,0.0,,0.0
2019-04-02,31,8423781.0,0,0,0.0,0.00364,0.00364,0.00364,,,2346802.0,,2346802.0
2019-04-03,31,8425504.0,0,0,0.0,0.01363,0.01363,0.01363,,,3643565.0,,3643565.0
2019-04-04,31,8502866.0,0,0,0.0,0.0,0.0,0.0,,,0.0,,0.0
2019-04-05,31,8502866.0,0,0,0.0,0.01463,0.01463,0.01463,,,947427.0,,947427.0
2019-04-08,31,8430576.0,0,0,0.0,0.0,0.0,0.0,,,0.0,,0.0
2019-04-09,31,8430576.0,1,1,0.06452,0.01016,0.00592,0.01016,,,4431286.0,,4431286.0
2019-04-10,31,8419328.0,0,0,0.0,0.0,0.0,0.0,,,0.0,,0.0
2019-04-11,31,8419328.0,0,0,0.0,0.0,0.0,0.0,,,0.0,,0.0
2019-04-12,31,8419328.0,0,0,0.0,0.0,0.0,0.0,,,0.0,,0.0
2019-04-15,31,8419328.0,0,0,0.0,0.0,0.0,0.0,,,0.0,,0.0
2019-04-16,31,8419328.0,0,0,0.0,0.0,0.0,0.0,,,0.0,,0.0
2019-04-17,31,8419328.0,0,0,0.0,0.0,0.0,0.0,,,0.0,,0.0
2019-04-18,31,8419328.0,0,0,0.0,0.00961,0.00961,0.00961,,,1758772.0,,1758772.0
2019-04-22,31,8500223.0,0,0,0.0,0.0,0.0,0.0,,,0.0,,0.0
2019-04-23,31,8500223.0,0,0,0.0,0.00018,0.00018,0.00018,,,581340.0,,581340.0
2019-04-24,31,8499801.0,0,0,0.0,0.00748,0.00748,0.00748,,,1824534.0,,1824534.0
2019-04-25,31,8521728.0,0,0,0.0,0.0,0.0,0.0,,,0.0,,0.0
2019-04-26,31,8521728.0,0,1,0.03226,0.01463,0.00713,0.01463,,,3693171.0,,3693171.0
2019-04-29,30,8517612.0,0,0,0.0,0.03008,0.03008,0.03008,,,6019055.0,,6019055.0
2019-04-30,30,8313054.0,0,0,0.0,0.00241,0.00241,0.00241,,,997784.0,,997784.0
2019-05-01,30,8313407.0,0,0,0.0,0.0,0.0,0.0,,,0.0,,0.0
2019-05-02,30,8313407.0,0,0,0.0,0.00135,0.00135,0.00135,,,304418.0,,304418.0
2019-05-03,30,8317174.0,0,0,0.0,0.0,0.0,0.0,,,0.0,,0.0
2019-05-06,30,8317174.0,0,0,0.0,0.0,0.0,0.0,,,0.0,,0.0
2019-05-07,30,8317174.0,0,0,0.0,0.0,0.0,0.0,,,0.0,,0.0
2019-05-08,30,8317174.0,0,0,0.0,0.00211,0.00211,0.00211,,,247786.0,,247786.0
2019-05-09,30,8329365.0,0,0,0.0,0.00664,0.00664,0.00664,,,2285865.0,,2285865.0
2019-05-10,30,8344987.0,0,0,0.0,0.00221,0.00221,0.00221,,,820086.0,,820086.0
2019-05-13,30,8345358.0,0,0,0.0,0.00198,0.00198,0.00198,,,972563.0,,972563.0
2019-05-14,30,8353080.0,1,0,0.03333,0.02613,0.00849,0.02613,,,10843285.0,,10843285.0
2019-05-15,31,8504348.0,0,0,0.0,0.0,0.0,0.0,,,0.0,,0.0
2019-05-16,31,8504348.0,0,0,0.0,0.0,0.0,0.0,,,0.0,,0.0
2019-05-17,31,8504348.0,0,0,0.0,0.0,0.0,0.0,,,0.0,,0.0
2019-05-20,31,8504348.0,0,0,0.0,0.00263,0.00263,0.00263,,,366896.0,,366896.0
2019-05-21,31,8519747.0,0,0,0.0,0.00416,0.00416,0.00416,,,588041.0,,588041.0
2019-05-22,31,8543674.0,0,0,0.0,0.0,0.0,0.0,,,0.0,,0.0
2019-05-23,31,8543674.0,0,0,0.0,0.0098,0.0098,0.0098,,,1506641.0,,1506641.0
2019-05-24,31,8627374.0,0,0,0.0,0.00374,0.00374,0.00374,,,643405.0,,643405.0
2019-05-28,31,8644702.0,0,1,0.03226,0.00295,0.00086,0.00295,,,1701916.0,,1701916.0
2019-05-29,30,8632001.0,0,0,0.0,0.0,0.0,0.0,,,0.0,,0.0
2019-05-30,30,8632001.0,0,0,0.0,0.0,0.0,0.0,,,0.0,,0.0
2019-05-31,30,8632001.0,0,0,0.0,0.0,0.0,0.0,,,0.0,,0.0
2019-06-03,30,8632001.0,0,0,0.0,0.0097,0.0097,0.0097,,,1442077.0,,1442077.0
2019-06-04,30,8715743.0,0,0,0.0,0.0,0.0,0.0,,,0.0,,0.0
2019-06-05,30,8715743.0,0,0,0.0,0.00961,0.00961,0.00961,,,1499643.0,,1499643.0
2019-06-06,30,8632003.0,0,0,0.0,0.0,0.0,0.0,,,0.0,,0.0
2019-06-07,30,8632003.0,0,0,0.0,0.0,0.0,0.0,,,0.0,,0.0
2019-06-10,30,8632003.0,0,0,0.0,0.0,0.0,0.0,,,0.0,,0.0
2019-06-11,30,8632003.0,0,0,0.0,0.0,0.0,0.0,,,0.0,,0.0
2019-06-12,30,8632003.0,0,0,0.0,0.0097,0.0097,0.0097,,,1528494.0,,1528494.0
2019-06-13,30,8548263.0,0,0,0.0,0.0,0.0,0.0,,,0.0,,0.0
2019-06-14,30,8548263.0,0,0,0.0,0.0,0.0,0.0,,,0.0,,0.0
2019-06-17,30,8548263.0,0,0,0.0,0.00069,0.00069,0.00069,,,900960.0,,900960.0
2019-06-18,30,8551123.0,0,0,0.0,0.0,0.0,0.0,,,0.0,,0.0
2019-06-19,30,8551123.0,0,0,0.0,0.0,0.0,0.0,,,0.0,,0.0
2019-06-20,30,8551123.0,0,0,0.0,0.0,0.0,0.0,,,0.0,,0.0
2019-06-21,30,8551123.0,0,0,0.0,0.0,0.0,0.0,,,0.0,,0.0
2019-06-24,30,8551123.0,0,0,0.0,0.0,0.0,0.0,,,0.0,,0.0
2019-06-25,30,8551123.0,0,0,0.0,0.0,0.0,0.0,,,0.0,,0.0
2019-06-26,30,8551123.0,0,0,0.0,0.0,0.0,0.0,,,0.0,,0.0
2019-06-27,30,8551123.0,0,0,0.0,0.00339,0.00339,0.00339,,,1424125.0,,1424125.0
2019-06-28,30,8546962.0,0,0,0.0,0.00106,0.00106,0.00106,,,843739.0,,843739.0
2019-07-01,30,8552982.0,0,0,0.0,0.0,0.0,0.0,,,0.0,,0.0
2019-07-02,30,8552982.0,0,0,0.0,0.00316,0.00316,0.00316,,,1006350.0,,1006350.0
2019-07-03,30,8548862.0,0,0,0.0,0.0,0.0,0.0,,,0.0,,0.0
2019-07-05,30,8548862.0,0,0,0.0,0.0,0.0,0.0,,,0.0,,0.0
2019-07-08,30,8548862.0,0,0,0.0,0.0,0.0,0.0,,,0.0,,0.0
2019-07-10,30,8548862.0,0,0,0.0,0.0,0.0,0.0,,,0.0,,0.0
2019-07-11,30,8548862.0,0,0,0.0,0.0,0.0,0.0,,,0.0,,0.0
2019-07-12,30,8548862.0,0,0,0.0,0.0,0.0,0.0,,,0.0,,0.0
2019-07-15,30,8548862.0,0,0,0.0,0.0,0.0,0.0,,,0.0,,0.0
2019-07-16,30,8548862.0,0,0,0.0,0.0,0.0,0.0,,,0.0,,0.0
2019-07-17,30,8548862.0,0,0,0.0,0.0,0.0,0.0,,,0.0,,0.0
2019-07-18,30,8548862.0,0,0,0.0,0.0,0.0,0.0,,,0.0,,0.0
2019-07-19,30,8548862.0,0,0,0.0,0.0,0.0,0.0,,,0.0,,0.0
2019-07-22,30,8548862.0,0,0,0.0,0.0,0.0,0.0,,,0.0,,0.0
2019-07-23,30,8548862.0,1,0,0.03333,0.01411,0.00554,0.01411,,,3946064.0,,3946064.0
2019-07-24,31,8574702.0,0,0,0.0,0.0,0.0,0.0,,,0.0,,0.0
2019-07-25,31,8574702.0,0,0,0.0,0.0,0.0,0.0,,,0.0,,0.0
2019-07-26,31,8574702.0,0,0,0.0,0.00174,0.00174,0.00174,,,2040835.0,,2040835.0
2019-07-29,31,8579747.0,0,0,0.0,0.0,0.0,0.0,,,0.0,,0.0
2019-07-30,31,8579747.0,1,0,0.03226,0.00711,0.00314,0.00711,,,3459037.0,,3459037.0
2019-07-31,32,8586978.0,0,1,0.03125,0.0304,0.02983,0.0304,,,5844920.0,,5844920.0
2019-08-01,31,8606136.0,0,0,0.0,0.0,0.0,0.0,,,0.0,,0.0
2019-08-02,31,8606136.0,0,0,0.0,0.0,0.0,0.0,,,0.0,,0.0
2019-08-05,31,8606136.0,0,0,0.0,0.0,0.0,0.0,,,0.0,,0.0
2019-08-06,31,8606136.0,0,0,0.0,0.01726,0.01726,0.01726,,,2472251.0,,2472251.0
2019-08-07,31,8501129.0,0,0,0.0,0.00616,0.00616,0.00616,,,1413296.0,,1413296.0
2019-08-08,31,8534713.0,0,0,0.0,0.0097,0.0097,0.0097,,,1526591.0,,1526591.0
2019-08-09,31,8459101.0,0,0,0.0,0.02,0.02,0.02,,,3073444.0,,3073444.0
2019-08-12,31,8289886.0,0,0,0.0,0.02041,0.02041,0.02041,,,3027530.0,,3027530.0
2019-08-13,31,8120665.0,1,0,0.03226,0.01162,0.0032,0.01162,,,2995524.0,,2995524.0
2019-08-14,32,8162961.0,0,0,0.0,0.0,0.0,0.0,,,0.0,,0.0
2019-08-15,32,8162961.0,0,0,0.0,0.0,0.0,0.0,,,0.0,,0.0
2019-08-16,32,8162961.0,0,0,0.0,0.0,0.0,0.0,,,0.0,,0.0
2019-08-19,32,8162961.0,0,0,0.0,0.0,0.0,0.0,,,0.0,,0.0
2019-08-20,32,8162961.0,0,0,0.0,0.0,0.0,0.0,,,0.0,,0.0
2019-08-21,32,8162961.0,0,0,0.0,0.0,0.0,0.0,,,0.0,,0.0
2019-08-22,32,8162961.0,0,0,0.0,0.0,0.0,0.0,,,0.0,,0.0
2019-08-23,32,8162961.0,0,0,0.0,0.03678,0.03678,0.03678,,,3179445.0,,3179445.0
2019-08-26,32,7877166.0,0,0,0.0,0.0,0.0,0.0,,,0.0,,0.0
2019-08-27,32,7877166.0,0,0,0.0,0.0016,0.0016,0.0016,,,863040.0,,863040.0
2019-08-28,32,7873099.0,0,0,0.0,0.0329,0.0329,0.0329,,,1818016.0,,1818016.0
2019-08-29,32,7693047.0,0,0,0.0,0.05353,0.05353,0.05353,,,3122953.0,,3122953.0
2019-08-30,32,7335899.0,0,0,0.0,0.0,0.0,0.0,,,0.0,,0.0
2019-09-03,32,7335899.0,0,0,0.0,0.0,0.0,0.0,,,0.0,,0.0
2019-09-04,32,7335899.0,0,0,0.0,0.0,0.0,0.0,,,0.0,,0.0
2019-09-05,32,7335899.0,0,0,0.0,0.0,0.0,0.0,,,0.0,,0.0
2019-09-06,32,7335899.0,0,0,0.0,0.0,0.0,0.0,,,0.0,,0.0
2019-09-09,32,7335899.0,0,0,0.0,0.0,0.0,0.0,,,0.0,,0.0
2019-09-10,32,7335899.0,0,0,0.0,0.0,0.0,0.0,,,0.0,,0.0
2019-09-11,32,7335899.0,0,0,0.0,0.0,0.0,0.0,,,0.0,,0.0
2019-09-12,32,7335899.0,0,0,0.0,0.0,0.0,0.0,,,0.0,,0.0
2019-09-13,32,7335899.0,0,0,0.0,0.0,0.0,0.0,,,0.0,,0.0
2019-09-16,32,7335899.0,0,0,0.0,0.0,0.0,0.0,,,0.0,,0.0
2019-09-17,32,7335899.0,0,0,0.0,0.0,0.0,0.0,,,0.0,,0.0
2019-09-18,32,7335899.0,0,0,0.0,0.0,0.0,0.0,,,0.0,,0.0
2019-09-19,32,7335899.0,0,0,0.0,0.0,0.0,0.0,,,0.0,,0.0
2019-09-20,32,7335899.0,0,0,0.0,0.0,0.0,0.0,,,0.0,,0.0
2019-09-23,32,7335899.0,0,0,0.0,0.02042,0.02042,0.02042,,,1255106.0,,1255106.0
2019-09-24,32,7198907.0,0,0,0.0,0.0,0.0,0.0,,,0.0,,0.0
2019-09-25,32,7198907.0,0,0,0.0,0.0,0.0,0.0,,,0.0,,0.0
2019-09-26,32,7198907.0,0,0,0.0,0.0,0.0,0.0,,,0.0,,0.0
2019-09-27,32,7198907.0,0,0,0.0,0.0,0.0,0.0,,,0.0,,0.0
2019-09-30,32,7198907.0,0,0,0.0,0.0,0.0,0.0,,,0.0,,0.0
2019-10-01,32,7198907.0,0,0,0.0,0.02105,0.02105,0.02105,,,3112565.0,,3112565.0
2019-10-02,32,7047365.0,0,0,0.0,0.0,0.0,0.0,,,0.0,,0.0
2019-10-03,32,7047365.0,0,0,0.0,0.02588,0.02588,0.02588,,,2925061.0,,2925061.0
2019-10-04,32,6936175.0,0,0,0.0,0.0,0.0,0.0,,,0.0,,0.0
2019-10-07,32,6936175.0,0,0,0.0,0.0,0.0,0.0,,,0.0,,0.0
2019-10-08,32,6936175.0,0,0,0.0,0.0,0.0,0.0,,,0.0,,0.0
2019-10-09,32,6936175.0,0,0,0.0,0.0,0.0,0.0,,,0.0,,0.0
2019-10-10,32,6936175.0,0,0,0.0,0.0,0.0,0.0,,,0.0,,0.0
2019-10-11,32,6936175.0,0,0,0.0,0.0,0.0,0.0,,,0.0,,0.0
2019-10-14,32,6936175.0,0,0,0.0,0.00863,0.00863,0.00863,,,594822.0,,594822.0
2019-10-15,32,6960615.0,0,0,0.0,0.01968,0.01968,0.01968,,,1893649.0,,1893649.0
2019-10-16,32,6884529.0,0,0,0.0,0.0,0.0,0.0,,,0.0,,0.0
2019-10-17,32,6884529.0,0,0,0.0,0.0,0.0,0.0,,,0.0,,0.0
2019-10-18,32,6884529.0,0,0,0.0,0.0,0.0,0.0,,,0.0,,0.0
2019-10-21,32,6884529.0,0,0,0.0,0.00431,0.00431,0.00431,,,905154.0,,905154.0
2019-10-22,32,6861373.0,0,0,0.0,0.0,0.0,0.0,,,1.0,,1.0
2019-10-23,32,6861373.0,0,0,0.0,0.0,0.0,0.0,,,0.0,,0.0
2019-10-24,32,6861373.0,0,0,0.0,0.0,0.0,0.0,,,0.0,,0.0
2019-10-25,32,6861373.0,0,0,0.0,0.01089,0.01089,0.01089,,,2529135.0,,2529135.0
2019-10-28,32,6810766.0,0,0,0.0,0.01075,0.01075,0.01075,,,1702684.0,,1702684.0
2019-10-29,32,6737520.0,0,0,0.0,0.02575,0.02575,0.02575,,,3518524.0,,3518524.0
2019-10-30,32,6630061.0,0,0,0.0,0.0,0.0,0.0,,,0.0,,0.0
2019-10-31,32,6630061.0,0,0,0.0,0.01629,0.01629,0.01629,,,1041419.0,,1041419.0
2019-11-01,32,6540318.0,0,0,0.0,0.0,0.0,0.0,,,0.0,,0.0
2019-11-04,32,6540318.0,0,0,0.0,0.01406,0.01406,0.01406,,,856808.0,,856808.0
2019-11-05,32,6465812.0,0,0,0.0,0.03595,0.03595,0.03595,,,2966345.0,,2966345.0
2019-11-06,32,6292013.0,0,0,0.0,0.0,0.0,0.0,,,0.0,,0.0
2019-11-07,32,6292013.0,0,0,0.0,0.0,0.0,0.0,,,0.0,,0.0
2019-11-08,32,6292013.0,0,0,0.0,0.00049,0.00049,0.00049,,,295349.0,,295349.0
2019-11-11,32,6290195.0,0,0,0.0,0.00058,0.00058,0.00058,,,361904.0,,361904.0
2019-11-12,32,6288167.0,1,0,0.03125,0.01044,0.0082,0.01044,,,1972757.0,,1972757.0
2019-11-13,33,6256482.0,0,0,0.0,0.00064,0.00064,0.00064,,,27986.0,,27986.0
2019-11-14,33,6260503.0,0,0,0.0,0.0,0.0,0.0,,,0.0,,0.0
2019-11-15,33,6260503.0,0,0,0.0,0.00741,0.00741,0.00741,,,1289065.0,,1289065.0
2019-11-18,33,6265687.0,0,0,0.0,0.0,0.0,0.0,,,0.0,,0.0
2019-11-19,33,6265687.0,0,0,0.0,0.0,0.0,0.0,,,0.0,,0.0
2019-11-20,33,6265687.0,0,0,0.0,0.0,0.0,0.0,,,0.0,,0.0
2019-11-21,33,6265687.0,0,0,0.0,0.0,0.0,0.0,,,0.0,,0.0
2019-11-22,33,6265687.0,0,0,0.0,0.0,0.0,0.0,,,0.0,,0.0
2019-11-25,33,6265687.0,0,0,0.0,0.0,0.0,0.0,,,0.0,,0.0
2019-11-26,33,6265687.0,0,0,0.0,0.0,0.0,0.0,,,0.0,,0.0
2019-11-27,33,6265687.0,0,0,0.0,0.0,0.0,0.0,,,0.0,,0.0
2019-11-29,33,6265687.0,0,0,0.0,0.0,0.0,0.0,,,0.0,,0.0
2019-12-02,33,6265687.0,0,0,0.0,0.0,0.0,0.0,,,0.0,,0.0
2019-12-03,33,6265687.0,0,0,0.0,0.02241,0.02241,0.02241,,,1111095.0,,1111095.0
2019-12-04,33,6164511.0,0,0,0.0,0.0,0.0,0.0,,,0.0,,0.0
2019-12-05,33,6164511.0,0,0,0.0,0.0,0.0,0.0,,,0.0,,0.0
2019-12-06,33,6164511.0,0,0,0.0,0.0,0.0,0.0,,,0.0,,0.0
2019-12-09,33,6164511.0,0,0,0.0,0.0,0.0,0.0,,,0.0,,0.0
2019-12-10,33,6164511.0,0,0,0.0,0.01934,0.01934,0.01934,,,2790577.0,,2790577.0
2019-12-11,33,6123902.0,0,0,0.0,0.0,0.0,0.0,,,0.0,,0.0
2019-12-12,33,6123902.0,0,0,0.0,0.0,0.0,0.0,,,0.0,,0.0
2019-12-13,33,6123902.0,0,0,0.0,0.00369,0.00369,0.00369,,,864025.0,,864025.0
2019-12-16,33,6132038.0,0,0,0.0,0.0,0.0,0.0,,,0.0,,0.0
2019-12-17,33,6132038.0,0,0,0.0,0.0,0.0,0.0,,,0.0,,0.0
2019-12-18,33,6132038.0,0,0,0.0,0.0,0.0,0.0,,,0.0,,0.0
2019-12-19,33,6132038.0,0,0,0.0,0.0,0.0,0.0,,,0.0,,0.0
2019-12-20,33,6132038.0,0,0,0.0,0.0,0.0,0.0,,,0.0,,0.0
2019-12-23,33,6132038.0,0,0,0.0,0.0076,0.0076,0.0076,,,2090814.0,,2090814.0
2019-12-24,33,6103196.0,0,0,0.0,0.02558,0.02558,0.02558,,,5540877.0,,5540877.0
2019-12-26,33,6072496.0,0,0,0.0,0.0042,0.0042,0.0042,,,220830.0,,220830.0
2019-12-27,33,6097996.0,0,0,0.0,0.01679,0.01679,0.01679,,,2180527.0,,2180527.0
2019-12-30,33,6200370.0,0,0,0.0,0.0,0.0,0.0,,,0.0,,0.0
2019-12-31,33,6200370.0,0,0,0.0,0.02396,0.02396,0.02396,,,3773826.0,,3773826.0
2020-01-02,33,6128981.0,0,0,0.0,0.0,0.0,0.0,,,0.0,,0.0
2020-01-03,33,6128981.0,0,0,0.0,0.0,0.0,0.0,,,0.0,,0.0
2020-01-06,33,6128981.0,0,0,0.0,0.0,0.0,0.0,,,0.0,,0.0
2020-01-07,33,6128981.0,1,0,0.0303,0.03438,0.03235,0.03438,,,6115428.0,,6115428.0
2020-01-08,34,6066929.0,0,0,0.0,0.0,0.0,0.0,,,0.0,,0.0
2020-01-09,34,6066929.0,0,0,0.0,0.0,0.0,0.0,,,0.0,,0.0
2020-01-10,34,6066929.0,0,0,0.0,0.0,0.0,0.0,,,0.0,,0.0
2020-01-13,34,6066929.0,0,0,0.0,0.0,0.0,0.0,,,0.0,,0.0
2020-01-14,34,6066929.0,0,0,0.0,0.00415,0.00415,0.00415,,,742171.0,,742171.0
2020-01-15,34,6078731.0,0,0,0.0,0.02128,0.02128,0.02128,,,3910769.0,,3910769.0
2020-01-16,34,6208093.0,0,0,0.0,0.02084,0.02084,0.02084,,,3962504.0,,3962504.0
2020-01-17,34,6078735.0,0,0,0.0,0.03192,0.03192,0.03192,,,5961322.0,,5961322.0
2020-01-21,34,5884694.0,0,0,0.0,0.0,0.0,0.0,,,0.0,,0.0
2020-01-22,34,5884694.0,0,0,0.0,0.0,0.0,0.0,,,0.0,,0.0
2020-01-23,34,5884694.0,0,0,0.0,0.0,0.0,0.0,,,0.0,,0.0
2020-01-24,34,5884694.0,0,0,0.0,0.02198,0.02198,0.02198,,,3946212.0,,3946212.0
2020-01-27,34,6014054.0,0,0,0.0,0.0,0.0,0.0,,,0.0,,0.0
2020-01-28,34,6014054.0,0,0,0.0,0.01789,0.01789,0.01789,,,4529863.0,,4529863.0
2020-01-29,34,5947314.0,0,0,0.0,0.00034,0.00034,0.00034,,,107800.0,,107800.0
2020-01-30,34,5945314.0,0,1,0.02941,0.00816,0.00581,0.00816,,,2677530.0,,2677530.0
2020-01-31,33,5916946.0,0,0,0.0,0.02849,0.02849,0.02849,,,5986285.0,,5986285.0
2020-02-03,33,5951965.0,0,0,0.0,0.0,0.0,0.0,,,0.0,,0.0
2020-02-04,33,5951965.0,2,0,0.06061,0.09599,0.09205,0.09599,,,13291489.0,,13291489.0
2020-02-05,35,5549950.0,0,0,0.0,0.04598,0.04598,0.04598,,,11735314.0,,11735314.0
2020-02-06,35,5703457.0,0,0,0.0,0.0,0.0,0.0,,,0.0,,0.0
2020-02-07,35,5703457.0,0,0,0.0,0.00883,0.00883,0.00883,,,2303792.0,,2303792.0
2020-02-10,35,5678078.0,0,0,0.0,0.0096,0.0096,0.0096,,,1193343.0,,1193343.0
2020-02-11,35,5635725.0,0,0,0.0,0.02192,0.02192,0.02192,,,4742927.0,,4742927.0
2020-02-12,35,5756070.0,0,0,0.0,0.0,0.0,0.0,,,0.0,,0.0
2020-02-13,35,5756070.0,0,0,0.0,0.0,0.0,0.0,,,0.0,,0.0
2020-02-14,35,5756070.0,0,0,0.0,0.0,0.0,0.0,,,0.0,,0.0
2020-02-18,35,5756070.0,0,0,0.0,0.02112,0.02112,0.02112,,,4479786.0,,4479786.0
2020-02-19,35,5872865.0,0,0,0.0,0.0,0.0,0.0,,,0.0,,0.0
2020-02-20,35,5872865.0,0,0,0.0,0.0,0.0,0.0,,,0.0,,0.0
2020-02-21,35,5872865.0,0,0,0.0,0.00326,0.00326,0.00326,,,813026.0,,813026.0
2020-02-24,35,5859188.0,0,0,0.0,0.0,0.0,0.0,,,0.0,,0.0
2020-02-25,35,5859188.0,0,0,0.0,0.00716,0.00716,0.00716,,,1641125.0,,1641125.0
2020-02-26,35,5848122.0,0,1,0.02857,0.01866,0.0157,0.01866,,,3838076.0,,3838076.0
2020-02-27,34,5905171.0,0,0,0.0,0.0,0.0,0.0,,,0.0,,0.0
2020-02-28,34,5905171.0,0,0,0.0,0.0381,0.0381,0.0381,,,9849775.0,,9849775.0
2020-03-02,34,5992143.0,0,0,0.0,0.01168,0.01168,0.01168,,,2463941.0,,2463941.0
2020-03-03,34,5928624.0,0,0,0.0,0.02129,0.02129,0.02129,,,1479040.0,,1479040.0
2020-03-04,34,5837638.0,0,0,0.0,0.00162,0.00162,0.00162,,,768240.0,,768240.0
2020-03-05,34,5832224.0,0,0,0.0,0.0,0.0,0.0,,,0.0,,0.0
2020-03-06,34,5832224.0,0,0,0.0,0.01021,0.01021,0.01021,,,1834431.0,,1834431.0
2020-03-09,34,5891779.0,0,0,0.0,0.01204,0.01204,0.01204,,,3111163.0,,3111163.0
2020-03-10,34,5949165.0,0,1,0.02941,0.05697,0.01907,0.05697,,,9385283.0,,9385283.0
2020-03-11,33,5779788.0,0,0,0.0,0.0,0.0,0.0,,,0.0,,0.0
2020-03-12,33,5779788.0,0,0,0.0,0.00757,0.00757,0.00757,,,1802648.0,,1802648.0
2020-03-13,33,5766445.0,0,0,0.0,0.00507,0.00507,0.00507,,,1375910.0,,1375910.0
2020-03-16,33,5777628.0,0,0,0.0,0.0,0.0,0.0,,,0.0,,0.0
2020-03-17,33,5777628.0,0,0,0.0,0.01499,0.01499,0.01499,,,2607738.0,,2607738.0
2020-03-18,33,5733675.0,0,0,0.0,0.01362,0.01362,0.01362,,,2383408.0,,2383408.0
2020-03-19,33,5748329.0,0,0,0.0,0.00731,0.00731,0.00731,,,1157747.0,,1157747.0
2020-03-20,33,5760496.0,0,0,0.0,0.01501,0.01501,0.01501,,,1772251.0,,1772251.0
2020-03-23,33,5782982.0,0,0,0.0,0.0023,0.0023,0.0023,,,707682.0,,707682.0
2020-03-24,33,5780370.0,0,0,0.0,0.0557,0.0557,0.0557,,,4947105.0,,4947105.0
2020-03-25,33,5519436.0,0,0,0.0,0.02376,0.02376,0.02376,,,3318429.0,,3318429.0
2020-03-26,33,5478857.0,0,0,0.0,0.00802,0.00802,0.00802,,,1461125.0,,1461125.0
2020-03-27,33,5478768.0,0,0,0.0,0.0,0.0,0.0,,,0.0,,0.0
2020-03-30,33,5478768.0,0,0,0.0,0.01021,0.01021,0.01021,,,1650710.0,,1650710.0
2020-03-31,33,5422820.0,0,1,0.0303,0.0051,0.0037,0.0051,,,1595259.0,,1595259.0
2020-04-01,32,5430490.0,0,0,0.0,0.0,0.0,0.0,,,0.0,,0.0
2020-04-02,32,5430490.0,0,0,0.0,0.00801,0.00801,0.00801,,,921730.0,,921730.0
2020-04-03,32,5412697.0,0,0,0.0,0.01856,0.01856,0.01856,,,1160476.0,,1160476.0
2020-04-06,32,5321983.0,0,0,0.0,0.01972,0.01972,0.01972,,,3364713.0,,3364713.0
2020-04-07,32,5217010.0,0,0,0.0,0.0,0.0,0.0,,,0.0,,0.0
2020-04-08,32,5217010.0,0,0,0.0,0.0,0.0,0.0,,,0.0,,0.0
2020-04-09,32,5217010.0,0,0,0.0,0.0,0.0,0.0,,,0.0,,0.0
2020-04-13,32,5217010.0,0,0,0.0,0.0,0.0,0.0,,,0.0,,0.0
2020-04-14,32,5217010.0,0,0,0.0,0.0,0.0,0.0,,,0.0,,0.0
2020-04-16,32,5217010.0,0,0,0.0,0.0,0.0,0.0,,,0.0,,0.0
2020-04-17,32,5217010.0,0,0,0.0,0.0,0.0,0.0,,,0.0,,0.0
2020-04-20,32,5217010.0,0,0,0.0,0.0,0.0,0.0,,,0.0,,0.0
2020-04-21,32,5217010.0,0,0,0.0,0.02871,0.02871,0.02871,,,5763458.0,,5763458.0
2020-04-22,32,5320364.0,0,0,0.0,0.0026,0.0026,0.0026,,,514012.0,,514012.0
2020-04-23,32,5329779.0,0,0,0.0,0.0045,0.0045,0.0045,,,1178169.0,,1178169.0
2020-04-24,32,5324077.0,0,0,0.0,0.00635,0.00635,0.00635,,,1607181.0,,1607181.0
2020-04-27,32,5320515.0,0,0,0.0,0.0,0.0,0.0,,,0.0,,0.0
2020-04-28,32,5320515.0,0,0,0.0,0.02856,0.02856,0.02856,,,6363839.0,,6363839.0
2020-04-29,32,5455566.0,0,0,0.0,0.00111,0.00111,0.00111,,,98087.0,,98087.0
2020-04-30,32,5461647.0,0,0,0.0,0.04041,0.04041,0.04041,,,7849527.0,,7849527.0
2020-05-01,32,5682339.0,0,0,0.0,0.0,0.0,0.0,,,0.0,,0.0
2020-05-04,32,5682339.0,0,0,0.0,0.00971,0.00971,0.00971,,,1899094.0,,1899094.0
2020-05-05,32,5737523.0,0,0,0.0,0.0,0.0,0.0,,,0.0,,0.0
2020-05-06,32,5737523.0,0,0,0.0,0.0,0.0,0.0,,,0.0,,0.0
2020-05-07,32,5737523.0,0,0,0.0,0.0031,0.0031,0.0031,,,618663.0,,618663.0
2020-05-08,32,5752002.0,0,0,0.0,0.00206,0.00206,0.00206,,,1057328.0,,1057328.0
2020-05-11,32,5744102.0,0,0,0.0,0.00962,0.00962,0.00962,,,2044839.0,,2044839.0
2020-05-12,32,5799378.0,0,0,0.0,0.02056,0.02056,0.02056,,,4713312.0,,4713312.0
2020-05-13,32,5861437.0,0,0,0.0,0.00254,0.00254,0.00254,,,473545.0,,473545.0
2020-05-14,32,5864969.0,0,0,0.0,0.0,0.0,0.0,,,0.0,,0.0
2020-05-15,32,5864969.0,0,0,0.0,0.0,0.0,0.0,,,0.0,,0.0
2020-05-18,32,5864969.0,0,0,0.0,0.00451,0.00451,0.00451,,,1517521.0,,1517521.0
2020-05-19,32,5863848.0,0,0,0.0,0.00329,0.00329,0.00329,,,1773258.0,,1773258.0
2020-05-20,32,5873807.0,0,0,0.0,0.0,0.0,0.0,,,0.0,,0.0
2020-05-21,32,5873807.0,0,0,0.0,0.0,0.0,0.0,,,0.0,,0.0
2020-05-22,32,5873807.0,0,0,0.0,0.0,0.0,0.0,,,0.0,,0.0
2020-05-26,32,5873807.0,0,0,0.0,0.01888,0.01888,0.01888,,,4463431.0,,4463431.0
2020-05-27,32,5984707.0,0,0,0.0,0.05559,0.05559,0.05559,,,13450546.0,,13450546.0
2020-05-28,32,6317384.0,0,0,0.0,0.0,0.0,0.0,,,0.0,,0.0
2020-05-29,32,6317384.0,0,0,0.0,0.00813,0.00813,0.00813,,,4555780.0,,4555780.0
2020-06-01,32,6331562.0,0,0,0.0,0.0,0.0,0.0,,,0.0,,0.0
2020-06-02,32,6331562.0,0,0,0.0,0.01307,0.01307,0.01307,,,5556552.0,,5556552.0
2020-06-03,32,6387284.0,0,0,0.0,0.01378,0.01378,0.01378,,,4730198.0,,4730198.0
2020-06-04,32,6440938.0,0,0,0.0,0.05221,0.05221,0.05221,,,13780116.0,,13780116.0
2020-06-05,32,6777234.0,0,0,0.0,0.01654,0.01654,0.01654,,,4672480.0,,4672480.0
2020-06-08,32,6889311.0,0,0,0.0,0.0,0.0,0.0,,,0.0,,0.0
2020-06-09,32,6889311.0,0,0,0.0,0.0107,0.0107,0.0107,,,4089617.0,,4089617.0
2020-06-10,32,6902579.0,0,0,0.0,0.00929,0.00929,0.00929,,,1663065.0,,1663065.0
2020-06-11,32,6948813.0,0,0,0.0,0.00813,0.00813,0.00813,,,2218105.0,,2218105.0
2020-06-12,32,7005338.0,1,0,0.03125,0.00816,0.00147,0.00816,,,1344633.0,,1344633.0
2020-06-15,33,7041948.0,0,0,0.0,0.0285,0.0285,0.0285,,,7785977.0,,7785977.0
2020-06-16,33,7229866.0,0,0,0.0,0.02472,0.02472,0.02472,,,7421860.0,,7421860.0
2020-06-17,33,7312449.0,0,0,0.0,0.00268,0.00268,0.00268,,,455293.0,,455293.0
2020-06-18,33,7296045.0,0,0,0.0,0.00942,0.00942,0.00942,,,3013300.0,,3013300.0
2020-06-19,33,7354922.0,0,0,0.0,0.00782,0.00782,0.00782,,,2287783.0,,2287783.0
2020-06-22,33,7412416.0,0,0,0.0,0.0,0.0,0.0,,,0.0,,0.0
2020-06-23,33,7412416.0,0,0,0.0,0.04436,0.04436,0.04436,,,10591603.0,,10591603.0
2020-06-24,33,7619852.0,0,0,0.0,0.0,0.0,0.0,,,0.0,,0.0
2020-06-25,33,7619852.0,1,0,0.0303,0.029,0.01543,0.029,,,5979214.0,,5979214.0
2020-06-26,34,7835613.0,0,0,0.0,0.0,0.0,0.0,,,0.0,,0.0
2020-06-29,34,7835613.0,0,0,0.0,0.0,0.0,0.0,,,0.0,,0.0
2020-06-30,34,7835613.0,0,0,0.0,0.00392,0.00392,0.00392,,,3045399.0,,3045399.0
2020-07-01,34,7840914.0,0,0,0.0,0.0121,0.0121,0.0121,,,5718864.0,,5718864.0
2020-07-02,34,7892674.0,0,0,0.0,0.01683,0.01683,0.01683,,,5025992.0,,5025992.0
2020-07-06,34,7996411.0,0,0,0.0,0.0,0.0,0.0,,,0.0,,0.0
2020-07-07,34,7996411.0,0,0,0.0,0.02034,0.02034,0.02034,,,8838817.0,,8838817.0
2020-07-08,34,8130060.0,1,0,0.02941,0.10888,0.06417,0.10888,,,22415474.0,,22415474.0
2020-07-09,35,9013359.0,0,0,0.0,0.02863,0.02863,0.02863,,,2790033.0,,2790033.0
2020-07-10,35,9270650.0,0,0,0.0,0.03392,0.03392,0.03392,,,2013628.0,,2013628.0
2020-07-13,35,9565610.0,0,0,0.0,0.01409,0.01409,0.01409,,,4978342.0,,4978342.0
2020-07-14,35,9700385.0,0,0,0.0,0.08932,0.08932,0.08932,,,38330614.0,,38330614.0
2020-07-15,35,10287871.0,0,0,0.0,0.00655,0.00655,0.00655,,,2214503.0,,2214503.0
2020-07-16,35,10333390.0,0,0,0.0,0.01315,0.01315,0.01315,,,5138027.0,,5138027.0
2020-07-17,35,10451527.0,0,0,0.0,6e-05,6e-05,6e-05,,,14351.0,,14351.0
2020-07-20,35,10452116.0,0,0,0.0,0.00646,0.00646,0.00646,,,2695866.0,,2695866.0
2020-07-21,35,10519586.0,0,0,0.0,0.03725,0.03725,0.03725,,,12769962.0,,12769962.0
2020-07-22,35,10809601.0,0,0,0.0,0.01673,0.01673,0.01673,,,2931099.0,,2931099.0
2020-07-23,35,10990434.0,0,0,0.0,0.00633,0.00633,0.00633,,,2657531.0,,2657531.0
2020-07-24,35,11059967.0,0,0,0.0,0.03772,0.03772,0.03772,,,15672087.0,,15672087.0
2020-07-27,35,11477173.0,0,0,0.0,0.00219,0.00219,0.00219,,,2704912.0,,2704912.0
2020-07-28,35,11482610.0,0,0,0.0,0.01882,0.01882,0.01882,,,14434840.0,,14434840.0
2020-07-29,35,11606978.0,0,0,0.0,0.00645,0.00645,0.00645,,,2966048.0,,2966048.0
2020-07-30,35,11681886.0,0,0,0.0,0.00617,0.00617,0.00617,,,2700945.0,,2700945.0
2020-08-03,35,11754012.0,0,0,0.0,0.01198,0.01198,0.01198,,,5395058.0,,5395058.0
2020-08-04,35,11894827.0,0,0,0.0,0.00588,0.00588,0.00588,,,2697242.0,,2697242.0
2020-08-05,35,11964772.0,0,0,0.0,0.00585,0.00585,0.00585,,,2739479.0,,2739479.0
2020-08-06,35,12034719.0,0,0,0.0,0.00581,0.00581,0.00581,,,2699439.0,,2699439.0
2020-08-07,35,12104665.0,0,0,0.0,0.00749,0.00749,0.00749,,,4314937.0,,4314937.0
2020-08-10,35,12179929.0,0,0,0.0,0.02873,0.02873,0.02873,,,13244331.0,,13244331.0
2020-08-11,35,12529845.0,0,0,0.0,0.01501,0.01501,0.01501,,,2949228.0,,2949228.0
2020-08-12,35,12453142.0,0,0,0.0,0.00011,0.00011,0.00011,,,34187.0,,34187.0
2020-08-13,35,12451820.0,0,0,0.0,0.0064,0.0064,0.0064,,,3183937.0,,3183937.0
2020-08-14,35,12524966.0,0,0,0.0,0.01079,0.01079,0.01079,,,5441256.0,,5441256.0
2020-08-17,35,12660088.0,0,0,0.0,5e-05,5e-05,5e-05,,,16232.0,,16232.0
2020-08-18,35,12659440.0,0,0,0.0,0.01867,0.01867,0.01867,,,4421565.0,,4421565.0
2020-08-19,35,12705297.0,0,0,0.0,0.0366,0.0366,0.0366,,,2531739.0,,2531739.0
2020-08-20,35,13150651.0,0,0,0.0,0.03297,0.03297,0.03297,,,16593314.0,,16593314.0
2020-08-21,35,13584223.0,0,0,0.0,0.00234,0.00234,0.00234,,,5272427.0,,5272427.0
2020-08-24,35,13576688.0,1,0,0.02857,0.02115,0.01315,0.02115,,,20947410.0,,20947410.0
2020-08-25,36,13711616.0,0,0,0.0,0.01344,0.01344,0.01344,,,8534624.0,,8534624.0
2020-08-26,36,13832779.0,0,0,0.0,0.00376,0.00376,0.00376,,,1876048.0,,1876048.0
2020-08-27,36,13872734.0,0,0,0.0,0.00532,0.00532,0.00532,,,2897336.0,,2897336.0
2020-08-28,36,13946532.0,0,0,0.0,0.0525,0.0525,0.0525,,,29299865.0,,29299865.0
2020-08-31,36,14678691.0,0,0,0.0,0.0,0.0,0.0,,,0.0,,0.0
2020-09-01,36,14678691.0,0,0,0.0,0.01102,0.01102,0.01102,,,4578847.0,,4578847.0
2020-09-02,36,14809287.0,0,0,0.0,0.04686,0.04686,0.04686,,,22912448.0,,22912448.0
2020-09-03,36,15503184.0,0,0,0.0,0.02301,0.02301,0.02301,,,5244262.0,,5244262.0
2020-09-04,36,15838844.0,0,0,0.0,0.00685,0.00685,0.00685,,,6416400.0,,6416400.0
2020-09-08,36,15866073.0,0,0,0.0,0.0,0.0,0.0,,,0.0,,0.0
2020-09-09,36,15866073.0,0,0,0.0,0.01396,0.01396,0.01396,,,14229351.0,,14229351.0
2020-09-10,36,15714685.0,0,0,0.0,0.0244,0.0244,0.0244,,,14263239.0,,14263239.0
2020-09-11,36,16098200.0,0,0,0.0,0.00953,0.00953,0.00953,,,5695573.0,,5695573.0
2020-09-14,36,16251546.0,0,0,0.0,0.00045,0.00045,0.00045,,,290034.0,,290034.0
2020-09-15,36,16244306.0,0,0,0.0,0.00063,0.00063,0.00063,,,415894.0,,415894.0
2020-09-16,36,16234120.0,0,0,0.0,0.02164,0.02164,0.02164,,,14031202.0,,14031202.0
2020-09-17,36,16585405.0,0,0,0.0,0.00831,0.00831,0.00831,,,5398363.0,,5398363.0
2020-09-18,36,16723254.0,0,0,0.0,0.01287,0.01287,0.01287,,,8349244.0,,8349244.0
2020-09-21,36,16938432.0,0,0,0.0,0.00423,0.00423,0.00423,,,2747632.0,,2747632.0
2020-09-22,36,17010163.0,0,0,0.0,0.0,0.0,0.0,,,0.0,,0.0
2020-09-23,36,17010163.0,0,0,0.0,0.00635,0.00635,0.00635,,,497451.0,,497451.0
2020-09-24,36,17118187.0,0,0,0.0,0.02609,0.02609,0.02609,,,2019358.0,,2019358.0
2020-09-25,36,17564773.0,0,0,0.0,0.041,0.041,0.041,,,14431685.0,,14431685.0
2020-09-28,36,17949858.0,0,0,0.0,0.0,0.0,0.0,,,0.0,,0.0
2020-09-29,36,17949858.0,0,0,0.0,0.00227,0.00227,0.00227,,,1026868.0,,1026868.0
2020-09-30,36,17973787.0,0,0,0.0,0.01193,0.01193,0.01193,,,613358.0,,613358.0
2020-10-01,36,18188248.0,0,0,0.0,0.01049,0.01049,0.01049,,,7471723.0,,7471723.0
2020-10-02,36,18379096.0,0,0,0.0,0.0,0.0,0.0,,,0.0,,0.0
2020-10-05,36,18379096.0,0,0,0.0,0.0,0.0,0.0,,,0.0,,0.0
2020-10-06,36,18379096.0,0,0,0.0,0.01384,0.01384,0.01384,,,9947420.0,,9947420.0
2020-10-07,36,18633552.0,0,0,0.0,0.00341,0.00341,0.00341,,,2550949.0,,2550949.0
2020-10-08,36,18697165.0,0,0,0.0,0.0068,0.0068,0.0068,,,5149854.0,,5149854.0
2020-10-09,36,18824387.0,0,0,0.0,0.0,0.0,0.0,,,0.0,,0.0
2020-10-12,36,18824387.0,0,0,0.0,0.0,0.0,0.0,,,0.0,,0.0
2020-10-13,36,18824387.0,1,0,0.02778,0.03587,0.03487,0.03587,,,29081056.0,,29081056.0
2020-10-14,37,19499674.0,0,0,0.0,0.0231,0.0231,0.0231,,,19624192.0,,19624192.0
2020-10-15,37,19932443.0,0,0,0.0,0.00887,0.00887,0.00887,,,6704477.0,,6704477.0
2020-10-16,37,20109197.0,0,0,0.0,0.0032,0.0032,0.0032,,,2718539.0,,2718539.0
2020-10-19,37,20173639.0,0,0,0.0,0.0,0.0,0.0,,,0.0,,0.0
2020-10-20,37,20173639.0,0,0,0.0,0.02218,0.02218,0.02218,,,24207667.0,,24207667.0
2020-10-21,37,20500889.0,0,0,0.0,0.0,0.0,0.0,,,0.0,,0.0
2020-10-22,37,20500889.0,0,0,0.0,0.00943,0.00943,0.00943,,,8036907.0,,8036907.0
2020-10-23,37,20694272.0,0,0,0.0,0.0,0.0,0.0,,,0.0,,0.0
2020-10-26,37,20694272.0,0,0,0.0,0.00389,0.00389,0.00389,,,2988614.0,,2988614.0
2020-10-27,37,20613738.0,0,0,0.0,0.08847,0.08847,0.08847,,,10924988.0,,10924988.0
2020-10-28,37,21745419.0,0,0,0.0,0.00317,0.00317,0.00317,,,2507677.0,,2507677.0
2020-10-29,37,21814275.0,0,0,0.0,0.0,0.0,0.0,,,0.0,,0.0
2020-10-30,37,21814275.0,0,0,0.0,0.0,0.0,0.0,,,0.0,,0.0
2020-11-02,37,21814275.0,0,0,0.0,0.0,0.0,0.0,,,0.0,,0.0
2020-11-03,37,21814275.0,1,0,0.02703,0.01212,0.01113,0.01212,,,15525947.0,,15525947.0
2020-11-04,38,21952633.0,0,0,0.0,0.00632,0.00632,0.00632,,,5313345.0,,5313345.0
2020-11-05,38,22091481.0,0,0,0.0,0.022,0.022,0.022,,,19280084.0,,19280084.0
2020-11-06,38,22577393.0,0,0,0.0,0.0123,0.0123,0.0123,,,10999700.0,,10999700.0
2020-11-09,38,22855053.0,0,0,0.0,0.00911,0.00911,0.00911,,,8229828.0,,8229828.0
2020-11-10,38,23063307.0,0,0,0.0,0.00988,0.00988,0.00988,,,13831412.0,,13831412.0
2020-11-11,38,23291086.0,0,0,0.0,0.0,0.0,0.0,,,0.0,,0.0
2020-11-12,38,23291086.0,0,0,0.0,0.00298,0.00298,0.00298,,,2746800.0,,2746800.0
2020-11-13,38,23360571.0,0,0,0.0,0.00892,0.00892,0.00892,,,8356709.0,,8356709.0
2020-11-16,38,23569029.0,0,0,0.0,0.00885,0.00885,0.00885,,,8430292.0,,8430292.0
2020-11-17,38,23777499.0,0,0,0.0,0.04335,0.04335,0.04335,,,22570275.0,,22570275.0
2020-11-18,38,23424791.0,0,0,0.0,0.00577,0.00577,0.00577,,,5739419.0,,5739419.0
2020-11-19,38,23559839.0,0,0,0.0,0.00573,0.00573,0.00573,,,5836209.0,,5836209.0
2020-11-20,38,23694893.0,0,0,0.0,0.01995,0.01995,0.01995,,,20418752.0,,20418752.0
2020-11-23,38,24167533.0,0,0,0.0,0.04976,0.04976,0.04976,,,14135164.0,,14135164.0
2020-11-24,38,25370141.0,0,0,0.0,0.04332,0.04332,0.04332,,,21842763.0,,21842763.0
2020-11-25,38,24918373.0,0,0,0.0,0.02596,0.02596,0.02596,,,28728243.0,,28728243.0
2020-11-27,38,25565211.0,0,0,0.0,0.00538,0.00538,0.00538,,,6203993.0,,6203993.0
2020-11-30,38,25702723.0,0,0,0.0,0.00541,0.00541,0.00541,,,5600245.0,,5600245.0
2020-12-01,38,25817140.0,0,0,0.0,0.02828,0.02828,0.02828,,,50632333.0,,50632333.0
2020-12-02,38,26292656.0,0,0,0.0,0.01355,0.01355,0.01355,,,14283462.0,,14283462.0
2020-12-03,38,26646730.0,0,0,0.0,0.01704,0.01704,0.01704,,,16554538.0,,16554538.0
2020-12-04,38,27100898.0,0,0,0.0,0.01184,0.01184,0.01184,,,19546797.0,,19546797.0
2020-12-07,38,27387404.0,0,0,0.0,0.00769,0.00769,0.00769,,,9697555.0,,9697555.0
2020-12-08,38,27597995.0,0,0,0.0,0.02564,0.02564,0.02564,,,35026681.0,,35026681.0
2020-12-09,38,28305483.0,0,0,0.0,0.00704,0.00704,0.00704,,,11056965.0,,11056965.0
2020-12-10,38,28474943.0,0,0,0.0,0.02657,0.02657,0.02657,,,32910603.0,,32910603.0
2020-12-11,38,29231489.0,0,0,0.0,0.0,0.0,0.0,,,0.0,,0.0
2020-12-14,38,29231489.0,0,0,0.0,0.01446,0.01446,0.01446,,,19122760.0,,19122760.0
2020-12-15,38,29654129.0,0,0,0.0,0.01707,0.01707,0.01707,,,23291777.0,,23291777.0
2020-12-16,38,30158689.0,0,0,0.0,0.01168,0.01168,0.01168,,,16150194.0,,16150194.0
2020-12-17,38,30510999.0,0,0,0.0,0.00684,0.00684,0.00684,,,9455144.0,,9455144.0
2020-12-18,38,30719721.0,0,0,0.0,0.00992,0.00992,0.00992,,,16536158.0,,16536158.0
2020-12-21,38,31024475.0,0,0,0.0,0.00088,0.00088,0.00088,,,729052.0,,729052.0
2020-12-22,38,31051648.0,0,0,0.0,0.03823,0.03823,0.03823,,,58221966.0,,58221966.0
2020-12-23,38,32197288.0,0,0,0.0,0.0257,0.0257,0.0257,,,38326241.0,,38326241.0
2020-12-24,38,33002966.0,0,0,0.0,0.03844,0.03844,0.03844,,,59641387.0,,59641387.0
2020-12-28,38,34271659.0,1,0,0.02632,0.00801,0.0066,0.00801,,,18237853.0,,18237853.0
2020-12-29,39,34440875.0,0,0,0.0,0.03039,0.03039,0.03039,,,53152293.0,,53152293.0
2020-12-30,39,35439033.0,0,0,0.0,0.00692,0.00692,0.00692,,,14584041.0,,14584041.0
2020-12-31,39,35605885.0,0,0,0.0,0.00793,0.00793,0.00793,,,13466323.0,,13466323.0
2021-01-04,39,35888337.0,0,0,0.0,0.0059,0.0059,0.0059,,,10196817.0,,10196817.0
2021-01-05,39,36100194.0,0,0,0.0,0.04119,0.04119,0.04119,,,58719958.0,,58719958.0
2021-01-06,39,36727798.0,0,0,0.0,0.03541,0.03541,0.03541,,,62451097.0,,62451097.0
2021-01-07,39,38028458.0,0,0,0.0,0.01135,0.01135,0.01135,,,22162464.0,,22162464.0
2021-01-08,39,38459902.0,0,0,0.0,0.0463,0.0463,0.0463,,,113721630.0,,113721630.0
2021-01-11,39,39904877.0,0,0,0.0,0.03979,0.03979,0.03979,,,90351270.0,,90351270.0
2021-01-12,39,41440099.0,3,0,0.07692,0.03284,0.0295,0.03284,,,104109647.0,,104109647.0
2021-01-13,42,42317768.0,0,0,0.0,0.02435,0.02435,0.02435,,,85357966.0,,85357966.0
2021-01-14,42,42349018.0,0,0,0.0,0.00822,0.00822,0.00822,,,18095533.0,,18095533.0
2021-01-15,42,42697255.0,0,0,0.0,0.02641,0.02641,0.02641,,,73278794.0,,73278794.0
2021-01-19,42,43824771.0,0,0,0.0,0.02068,0.02068,0.02068,,,56598951.0,,56598951.0
2021-01-20,42,44730878.0,0,0,0.0,0.02729,0.02729,0.02729,,,67133254.0,,67133254.0
2021-01-21,42,45951713.0,0,0,0.0,0.0463,0.0463,0.0463,,,112124133.0,,112124133.0
2021-01-22,42,46783998.0,0,0,0.0,0.03512,0.03512,0.03512,,,90264229.0,,90264229.0
2021-01-25,42,48323623.0,0,0,0.0,0.01063,0.01063,0.01063,,,31836502.0,,31836502.0
2021-01-26,42,48805582.0,0,0,0.0,0.03953,0.03953,0.03953,,,116847141.0,,116847141.0
2021-01-27,42,50666590.0,1,0,0.02381,0.01418,0.01265,0.01418,,,52255789.0,,52255789.0
2021-01-28,43,51067911.0,0,0,0.0,0.03152,0.03152,0.03152,,,67238833.0,,67238833.0
2021-01-29,43,51997903.0,0,0,0.0,0.0095,0.0095,0.0095,,,22508764.0,,22508764.0
2021-02-01,43,52447821.0,0,0,0.0,0.03874,0.03874,0.03874,,,66570077.0,,66570077.0
2021-02-02,43,53103242.0,0,0,0.0,0.0,0.0,0.0,,,0.0,,0.0
2021-02-03,43,53103242.0,0,0,0.0,0.03313,0.03313,0.03313,,,116241966.0,,116241966.0
2021-02-04,43,54651846.0,0,0,0.0,0.0215,0.0215,0.0215,,,89240316.0,,89240316.0
2021-02-05,43,55349975.0,0,0,0.0,0.00978,0.00978,0.00978,,,39365089.0,,39365089.0
2021-02-08,43,55670455.0,0,0,0.0,0.0389,0.0389,0.0389,,,95450916.0,,95450916.0
2021-02-09,43,57836224.0,1,0,0.02326,0.03646,0.03411,0.03646,,,153526943.0,,153526943.0
2021-02-10,44,59217773.0,0,0,0.0,0.038,0.038,0.038,,,137494899.0,,137494899.0
2021-02-11,44,60896935.0,0,0,0.0,0.01551,0.01551,0.01551,,,56727955.0,,56727955.0
2021-02-12,44,61841151.0,0,0,0.0,0.02026,0.02026,0.02026,,,68494851.0,,68494851.0
2021-02-16,44,63094096.0,0,0,0.0,0.01638,0.01638,0.01638,,,99910975.0,,99910975.0
2021-02-17,44,63659314.0,1,0,0.02273,0.03116,0.01931,0.03116,,,105135597.0,,105135597.0
2021-02-18,45,65531023.0,0,0,0.0,0.01281,0.01281,0.01281,,,53803769.0,,53803769.0
2021-02-19,45,66028702.0,0,0,0.0,0.00429,0.00429,0.00429,,,5278763.0,,5278763.0
2021-02-22,45,66139125.0,1,0,0.02222,0.02802,0.02361,0.02802,,,105691214.0,,105691214.0
2021-02-23,46,67855813.0,0,0,0.0,0.00819,0.00819,0.00819,,,44261493.0,,44261493.0
2021-02-24,46,68359138.0,0,0,0.0,0.01915,0.01915,0.01915,,,66553213.0,,66553213.0
2021-02-25,46,68322567.0,0,0,0.0,0.02578,0.02578,0.02578,,,70293916.0,,70293916.0
2021-02-26,46,68643583.0,0,0,0.0,0.03343,0.03343,0.03343,,,126140911.0,,126140911.0
2021-03-01,46,69054334.0,0,0,0.0,0.03569,0.03569,0.03569,,,85922506.0,,85922506.0
2021-03-02,46,69724706.0,0,1,0.02174,0.00226,0.00226,0.00226,,,7415569.0,,7415569.0
2021-03-03,45,69614166.0,0,0,0.0,0.01466,0.01466,0.01466,,,29776884.0,,29776884.0
2021-03-04,45,70300894.0,1,0,0.02222,0.01389,0.01142,0.01389,,,60869041.0,,60869041.0
2021-03-05,46,69981822.0,0,0,0.0,0.03259,0.03259,0.03259,,,113747492.0,,113747492.0
2021-03-08,46,69437535.0,0,0,0.0,0.03556,0.03556,0.03556,,,113436699.0,,113436699.0
2021-03-09,46,68159256.0,0,0,0.0,0.01784,0.01784,0.01784,,,63596564.0,,63596564.0
2021-03-10,46,67183735.0,0,0,0.0,0.01369,0.01369,0.01369,,,55161663.0,,55161663.0
2021-03-11,46,67902720.0,0,0,0.0,0.00416,0.00416,0.00416,,,14976407.0,,14976407.0
2021-03-12,46,68124313.0,1,0,0.02174,0.00588,0.00275,0.00588,,,21585316.0,,21585316.0
2021-03-15,47,68464134.0,0,0,0.0,0.01294,0.01294,0.01294,,,41640483.0,,41640483.0
2021-03-16,47,69317435.0,0,1,0.02128,0.02298,0.02292,0.02298,,,44753746.0,,44753746.0
2021-03-17,46,70752877.0,0,4,0.08696,0.00613,0.00613,0.00613,,,11894304.0,,11894304.0
2021-03-18,42,71176251.0,0,0,0.0,0.0001,0.0001,0.0001,,,217212.0,,217212.0
2021-03-19,42,71169351.0,0,0,0.0,0.001,0.001,0.001,,,1964886.0,,1964886.0
2021-03-22,42,71124295.0,0,0,0.0,0.00178,0.00178,0.00178,,,5248050.0,,5248050.0
2021-03-23,42,71025330.0,0,0,0.0,0.00895,0.00895,0.00895,,,44877204.0,,44877204.0
2021-03-24,42,71045005.0,0,0,0.0,0.01581,0.01581,0.01581,,,47263441.0,,47263441.0
2021-03-25,42,71497830.0,1,0,0.02381,0.0059,0.0056,0.0059,,,33301892.0,,33301892.0
2021-03-26,43,71179245.0,0,0,0.0,0.00257,0.00257,0.00257,,,17244333.0,,17244333.0
2021-03-29,43,71061732.0,0,0,0.0,0.01118,0.01118,0.01118,,,31435372.0,,31435372.0
2021-03-30,43,71029024.0,0,0,0.0,0.0053,0.0053,0.0053,,,16697771.0,,16697771.0
2021-03-31,43,70732292.0,0,0,0.0,0.00224,0.00224,0.00224,,,26915900.0,,26915900.0
2021-04-01,43,70841845.0,0,0,0.0,0.00466,0.00466,0.00466,,,15579374.0,,15579374.0
2021-04-05,43,71172035.0,0,0,0.0,0.0,0.0,0.0,,,0.0,,0.0
2021-04-06,43,71172035.0,0,0,0.0,0.00469,0.00469,0.00469,,,15899926.0,,15899926.0
2021-04-07,43,71495475.0,0,0,0.0,0.0,0.0,0.0,,,0.0,,0.0
2021-04-08,43,71495475.0,0,0,0.0,0.01816,0.01816,0.01816,,,109610039.0,,109610039.0
2021-04-09,43,72218387.0,0,0,0.0,0.01003,0.01003,0.01003,,,24131733.0,,24131733.0
2021-04-12,43,72753964.0,0,0,0.0,0.00046,0.00046,0.00046,,,3608939.0,,3608939.0
2021-04-13,43,72787665.0,0,0,0.0,0.01595,0.01595,0.01595,,,45969789.0,,45969789.0
2021-04-14,43,73720193.0,0,0,0.0,0.01771,0.01771,0.01771,,,45173637.0,,45173637.0
2021-04-15,43,74736957.0,0,0,0.0,0.00108,0.00108,0.00108,,,3476218.0,,3476218.0
2021-04-16,43,74805749.0,1,0,0.02326,0.01374,0.004,0.01374,,,70976434.0,,70976434.0
2021-04-19,44,75444148.0,0,0,0.0,0.00155,0.00155,0.00155,,,5449840.0,,5449840.0
2021-04-20,44,75365933.0,0,0,0.0,0.04538,0.04538,0.04538,,,85221813.0,,85221813.0
2021-04-21,44,75678477.0,0,0,0.0,0.02473,0.02473,0.02473,,,66013225.0,,66013225.0
2021-04-22,44,75445068.0,1,0,0.02273,0.01234,0.00986,0.01234,,,41897333.0,,41897333.0
2021-04-23,45,74913906.0,0,0,0.0,0.00582,0.00582,0.00582,,,10986966.0,,10986966.0
2021-04-26,45,74988440.0,0,0,0.0,0.00683,0.00683,0.00683,,,17638798.0,,17638798.0
2021-04-27,45,74498336.0,0,2,0.04444,0.00816,0.00806,0.00816,,,17734558.0,,17734558.0
2021-04-28,43,74151561.0,0,0,0.0,0.01294,0.01294,0.01294,,,20911897.0,,20911897.0
2021-04-29,43,73507592.0,1,0,0.02326,0.00818,0.00129,0.00818,,,9867782.0,,9867782.0
2021-04-30,44,73922587.0,0,0,0.0,0.03442,0.03442,0.03442,,,47847094.0,,47847094.0
2021-05-03,44,73563269.0,0,0,0.0,0.0,0.0,0.0,,,0.0,,0.0
2021-05-04,44,73563269.0,0,0,0.0,0.01687,0.01687,0.01687,,,60666783.0,,60666783.0
2021-05-05,44,73097654.0,0,0,0.0,0.01124,0.01124,0.01124,,,52230650.0,,52230650.0
2021-05-06,44,72979461.0,0,0,0.0,0.00737,0.00737,0.00737,,,27523211.0,,27523211.0
2021-05-07,44,72797754.0,0,0,0.0,0.05921,0.05921,0.05921,,,175686574.0,,175686574.0
2021-05-10,44,70494038.0,0,0,0.0,0.02927,0.02927,0.02927,,,50893196.0,,50893196.0
2021-05-11,44,68796090.0,0,0,0.0,0.02128,0.02128,0.02128,,,55561892.0,,55561892.0
2021-05-12,44,67999469.0,0,0,0.0,0.04063,0.04063,0.04063,,,56433668.0,,56433668.0
2021-05-13,44,66993784.0,0,0,0.0,0.01386,0.01386,0.01386,,,41099270.0,,41099270.0
2021-05-14,44,66262206.0,0,0,0.0,0.00711,0.00711,0.00711,,,25877902.0,,25877902.0
2021-05-17,44,65954694.0,0,0,0.0,0.00273,0.00273,0.00273,,,7695612.0,,7695612.0
2021-05-18,44,65774457.0,0,0,0.0,0.00853,0.00853,0.00853,,,29673254.0,,29673254.0
2021-05-19,44,65391205.0,0,0,0.0,0.01292,0.01292,0.01292,,,24381348.0,,24381348.0
2021-05-20,44,65218026.0,0,0,0.0,0.00795,0.00795,0.00795,,,24627550.0,,24627550.0
2021-05-21,44,65144080.0,0,1,0.02273,0.01485,0.01481,0.01485,,,17330251.0,,17330251.0
2021-05-24,43,65283137.0,0,0,0.0,0.00095,0.00095,0.00095,,,619948.0,,619948.0
2021-05-25,43,65323861.0,0,0,0.0,0.00866,0.00866,0.00866,,,21574980.0,,21574980.0
2021-05-26,43,65741732.0,0,1,0.02326,0.00367,0.00367,0.00367,,,6448086.0,,6448086.0
2021-05-27,42,65914916.0,0,1,0.02381,0.00429,0.00429,0.00429,,,6152748.0,,6152748.0
2021-05-28,41,66130027.0,0,0,0.0,0.00137,0.00137,0.00137,,,2109113.0,,2109113.0
2021-06-01,41,66184825.0,0,0,0.0,1e-05,1e-05,1e-05,,,265230.0,,265230.0
2021-06-02,41,66185583.0,0,0,0.0,0.00177,0.00177,0.00177,,,17848778.0,,17848778.0
2021-06-03,41,66109103.0,0,0,0.0,0.00274,0.00274,0.00274,,,15046393.0,,15046393.0
2021-06-04,41,66195598.0,0,0,0.0,0.0031,0.0031,0.0031,,,8500868.0,,8500868.0
2021-06-07,41,66214083.0,0,0,0.0,0.00321,0.00321,0.00321,,,19629514.0,,19629514.0
2021-06-08,41,66227885.0,0,0,0.0,0.00294,0.00294,0.00294,,,8524142.0,,8524142.0
2021-06-09,41,66174052.0,0,0,0.0,0.00847,0.00847,0.00847,,,36200349.0,,36200349.0
2021-06-10,41,66155356.0,0,0,0.0,0.01003,0.01003,0.01003,,,44123288.0,,44123288.0
2021-06-11,41,66104620.0,0,0,0.0,0.00425,0.00425,0.00425,,,15981968.0,,15981968.0
2021-06-14,41,66163773.0,1,0,0.02439,0.00295,0.00263,0.00295,,,6655979.0,,6655979.0
2021-06-15,42,66011795.0,0,0,0.0,0.00632,0.00632,0.00632,,,11884656.0,,11884656.0
2021-06-16,42,65689194.0,0,0,0.0,0.00359,0.00359,0.00359,,,12407049.0,,12407049.0
2021-06-17,42,65801481.0,0,0,0.0,0.01085,0.01085,0.01085,,,15282032.0,,15282032.0
2021-06-18,42,65441286.0,0,0,0.0,0.0134,0.0134,0.0134,,,10811021.0,,10811021.0
2021-06-21,42,64958774.0,0,0,0.0,0.00264,0.00264,0.00264,,,2323739.0,,2323739.0
2021-06-22,42,65125665.0,0,0,0.0,0.02045,0.02045,0.02045,,,57387882.0,,57387882.0
2021-06-23,42,64928782.0,0,0,0.0,0.01047,0.01047,0.01047,,,14691596.0,,14691596.0
2021-06-24,42,64747640.0,0,0,0.0,0.01434,0.01434,0.01434,,,17634946.0,,17634946.0
2021-06-25,42,64152378.0,0,0,0.0,7e-05,7e-05,7e-05,,,41958.0,,41958.0
2021-06-28,42,64148178.0,0,0,0.0,0.0026,0.0026,0.0026,,,8022595.0,,8022595.0
2021-06-29,42,64313510.0,0,0,0.0,0.00553,0.00553,0.00553,,,20011342.0,,20011342.0
2021-06-30,42,64253243.0,0,0,0.0,0.00265,0.00265,0.00265,,,6222268.0,,6222268.0
2021-07-01,42,64403684.0,0,0,0.0,0.00574,0.00574,0.00574,,,20624191.0,,20624191.0
2021-07-02,42,64541568.0,0,0,0.0,0.0014,0.0014,0.0014,,,4274955.0,,4274955.0
2021-07-06,42,64451238.0,0,0,0.0,0.0,0.0,0.0,,,0.0,,0.0
2021-07-07,42,64451238.0,0,0,0.0,0.0014,0.0014,0.0014,,,4178220.0,,4178220.0
2021-07-08,42,64361326.0,0,0,0.0,0.00723,0.00723,0.00723,,,25794938.0,,25794938.0
2021-07-09,42,64159107.0,0,0,0.0,0.00173,0.00173,0.00173,,,4368728.0,,4368728.0
2021-07-12,42,64184322.0,0,0,0.0,0.0014,0.0014,0.0014,,,4166476.0,,4166476.0
2021-07-13,42,64094409.0,0,0,0.0,0.00036,0.00036,0.00036,,,635075.0,,635075.0
2021-07-14,42,64117237.0,0,0,0.0,0.00269,0.00269,0.00269,,,7306662.0,,7306662.0
2021-07-15,42,64242325.0,0,0,0.0,0.00485,0.00485,0.00485,,,12722280.0,,12722280.0
2021-07-16,42,64158566.0,0,0,0.0,0.006,0.006,0.006,,,18576537.0,,18576537.0
2021-07-19,42,63977862.0,0,0,0.0,0.00592,0.00592,0.00592,,,10651814.0,,10651814.0
2021-07-20,42,63995679.0,0,1,0.02381,0.00754,0.00754,0.00754,,,30170000.0,,30170000.0
2021-07-21,41,63864618.0,0,0,0.0,0.00948,0.00948,0.00948,,,29688890.0,,29688890.0
2021-07-22,41,63928804.0,0,0,0.0,0.00707,0.00707,0.00707,,,26606536.0,,26606536.0
2021-07-23,41,63865016.0,0,0,0.0,0.00516,0.00516,0.00516,,,3272544.0,,3272544.0
2021-07-26,41,63914713.0,0,0,0.0,0.00837,0.00837,0.00837,,,14796401.0,,14796401.0
2021-07-27,41,63754858.0,0,1,0.02439,0.00585,0.00585,0.00585,,,19383073.0,,19383073.0
2021-07-28,40,63847092.0,0,0,0.0,0.03528,0.03528,0.03528,,,95213722.0,,95213722.0
2021-07-29,40,63158541.0,0,0,0.0,0.02412,0.02412,0.02412,,,76059111.0,,76059111.0
2021-07-30,40,62255718.0,0,0,0.0,0.01159,0.01159,0.01159,,,22500461.0,,22500461.0
2021-08-02,40,62013597.0,0,0,0.0,0.02239,0.02239,0.02239,,,63773515.0,,63773515.0
2021-08-03,40,61850500.0,0,0,0.0,0.02461,0.02461,0.02461,,,94583813.0,,94583813.0
2021-08-04,40,61654469.0,0,1,0.025,0.01892,0.01892,0.01892,,,38491737.0,,38491737.0
2021-08-05,39,61241980.0,0,1,0.02564,0.02029,0.02028,0.02029,,,39705588.0,,39705588.0
2021-08-06,38,61445391.0,0,1,0.02632,0.00495,0.00495,0.00495,,,7038776.0,,7038776.0
2021-08-09,37,61588899.0,0,0,0.0,0.00429,0.00429,0.00429,,,7603509.0,,7603509.0
2021-08-10,37,61853175.0,0,0,0.0,0.00106,0.00106,0.00106,,,1105037.0,,1105037.0
2021-08-11,37,61918759.0,0,0,0.0,0.01543,0.01543,0.01543,,,22183726.0,,22183726.0
2021-08-12,37,62172749.0,0,0,0.0,0.00334,0.00334,0.00334,,,13648965.0,,13648965.0
2021-08-13,37,62000578.0,1,0,0.02703,0.02014,0.01112,0.02014,,,35782767.0,,35782767.0
2021-08-16,38,62391135.0,0,0,0.0,0.0065,0.0065,0.0065,,,8557502.0,,8557502.0
2021-08-17,38,62429347.0,0,0,0.0,0.00657,0.00657,0.00657,,,16809532.0,,16809532.0
2021-08-18,38,62228444.0,0,0,0.0,0.01861,0.01861,0.01861,,,28136892.0,,28136892.0
2021-08-19,38,62725812.0,0,0,0.0,0.00801,0.00801,0.00801,,,19854533.0,,19854533.0
2021-08-20,38,62836001.0,0,0,0.0,0.00654,0.00654,0.00654,,,16748398.0,,16748398.0
2021-08-23,38,62510560.0,0,0,0.0,0.01114,0.01114,0.01114,,,27030617.0,,27030617.0
2021-08-24,38,62713631.0,0,0,0.0,0.01715,0.01715,0.01715,,,65992074.0,,65992074.0
2021-08-25,38,63069743.0,0,0,0.0,0.01079,0.01079,0.01079,,,23903813.0,,23903813.0
2021-08-26,38,63420639.0,0,0,0.0,0.00746,0.00746,0.00746,,,11217124.0,,11217124.0
2021-08-27,38,63599018.0,0,0,0.0,0.01237,0.01237,0.01237,,,21317397.0,,21317397.0
2021-08-30,38,64137997.0,0,0,0.0,0.00498,0.00498,0.00498,,,8912301.0,,8912301.0
2021-08-31,38,64294648.0,0,0,0.0,0.03095,0.03095,0.03095,,,43976080.0,,43976080.0
2021-09-01,38,65857329.0,0,0,0.0,0.02453,0.02453,0.02453,,,33021328.0,,33021328.0
2021-09-02,38,66215019.0,0,0,0.0,0.00819,0.00819,0.00819,,,11902465.0,,11902465.0
2021-09-03,38,66436851.0,0,2,0.05263,0.01813,0.01812,0.01813,,,27619417.0,,27619417.0
2021-09-07,36,67414179.0,0,0,0.0,0.00284,0.00284,0.00284,,,5050535.0,,5050535.0
2021-09-08,36,67568078.0,0,0,0.0,0.00839,0.00839,0.00839,,,14123349.0,,14123349.0
2021-09-09,36,67528758.0,0,0,0.0,0.01531,0.01531,0.01531,,,44963074.0,,44963074.0
2021-09-10,36,67628507.0,0,0,0.0,0.01149,0.01149,0.01149,,,31756098.0,,31756098.0
2021-09-13,36,68032040.0,0,0,0.0,0.0051,0.0051,0.0051,,,11061124.0,,11061124.0
2021-09-14,36,68133380.0,0,0,0.0,0.00473,0.00473,0.00473,,,12635459.0,,12635459.0
2021-09-15,36,67960020.0,0,1,0.02778,0.00468,0.00468,0.00468,,,11595993.0,,11595993.0
2021-09-16,35,67823528.0,0,0,0.0,0.01529,0.01529,0.01529,,,26000119.0,,26000119.0
2021-09-17,35,68576945.0,0,0,0.0,0.01377,0.01377,0.01377,,,26951964.0,,26951964.0
2021-09-20,35,69382339.0,0,0,0.0,0.00568,0.00568,0.00568,,,9193043.0,,9193043.0
2021-09-21,35,69475841.0,0,0,0.0,0.00458,0.00458,0.00458,,,9263025.0,,9263025.0
2021-09-22,35,69490265.0,0,0,0.0,0.00543,0.00543,0.00543,,,14213234.0,,14213234.0
2021-09-23,35,69755205.0,0,0,0.0,0.00208,0.00208,0.00208,,,3860628.0,,3860628.0
2021-09-24,35,69878594.0,0,0,0.0,0.00257,0.00257,0.00257,,,9137300.0,,9137300.0
2021-09-27,35,69699262.0,0,0,0.0,0.00611,0.00611,0.00611,,,19794619.0,,19794619.0
2021-09-28,35,69273131.0,0,0,0.0,0.00667,0.00667,0.00667,,,34273807.0,,34273807.0
2021-09-29,35,69618690.0,0,0,0.0,0.01722,0.01722,0.01722,,,88058434.0,,88058434.0
2021-09-30,35,70203653.0,0,0,0.0,0.00739,0.00739,0.00739,,,16428377.0,,16428377.0
2021-10-01,35,70339635.0,0,0,0.0,0.00205,0.00205,0.00205,,,3577440.0,,3577440.0
2021-10-04,35,70418805.0,0,0,0.0,0.00242,0.00242,0.00242,,,6176300.0,,6176300.0
2021-10-05,35,70411581.0,0,0,0.0,0.01205,0.01205,0.01205,,,96127808.0,,96127808.0
2021-10-06,35,70313703.0,0,0,0.0,0.00632,0.00632,0.00632,,,4146628.0,,4146628.0
2021-10-07,35,70442943.0,0,0,0.0,0.00556,0.00556,0.00556,,,4515518.0,,4515518.0
2021-10-08,35,70665697.0,0,0,0.0,0.00493,0.00493,0.00493,,,3502755.0,,3502755.0
2021-10-11,35,70635503.0,0,0,0.0,0.00869,0.00869,0.00869,,,8463284.0,,8463284.0
2021-10-12,35,70900163.0,0,0,0.0,0.01036,0.01036,0.01036,,,9306942.0,,9306942.0
2021-10-13,35,71441485.0,0,0,0.0,0.00638,0.00638,0.00638,,,10174102.0,,10174102.0
2021-10-14,35,71417024.0,0,0,0.0,0.00185,0.00185,0.00185,,,1754992.0,,1754992.0
2021-10-15,35,71548816.0,0,0,0.0,0.00144,0.00144,0.00144,,,1451846.0,,1451846.0
2021-10-18,35,71652028.0,0,0,0.0,0.00373,0.00373,0.00373,,,4517537.0,,4517537.0
2021-10-19,35,71919624.0,0,0,0.0,0.00382,0.00382,0.00382,,,11099889.0,,11099889.0
2021-10-20,35,71753422.0,0,0,0.0,0.0,0.0,0.0,,,57609.0,,57609.0
2021-10-21,35,71753618.0,0,0,0.0,0.00055,0.00055,0.00055,,,5930961.0,,5930961.0
2021-10-22,35,71718687.0,0,0,0.0,0.00177,0.00177,0.00177,,,8101460.0,,8101460.0
2021-10-25,35,71591397.0,0,0,0.0,3e-05,3e-05,3e-05,,,527419.0,,527419.0
2021-10-26,35,71593232.0,0,0,0.0,0.00415,0.00415,0.00415,,,5277005.0,,5277005.0
2021-10-27,35,71690285.0,0,0,0.0,0.01441,0.01441,0.01441,,,38024722.0,,38024722.0
2021-10-28,35,72599562.0,0,0,0.0,0.01866,0.01866,0.01866,,,31542818.0,,31542818.0
2021-11-12,35,73830222.0,0,0,0.0,0.0529,0.0529,0.0529,,,134460013.0,,134460013.0
2021-11-15,35,75542165.0,0,0,0.0,0.00588,0.00588,0.00588,,,10187011.0,,10187011.0
2021-11-16,35,75740232.0,0,0,0.0,0.00836,0.00836,0.00836,,,30393962.0,,30393962.0
2021-11-17,35,76226280.0,0,0,0.0,0.005,0.005,0.005,,,7597227.0,,7597227.0
2021-11-18,35,76575458.0,0,0,0.0,0.0034,0.0034,0.0034,,,11600566.0,,11600566.0
2021-11-19,35,76599708.0,0,0,0.0,0.00746,0.00746,0.00746,,,25622837.0,,25622837.0
2021-11-22,35,76725577.0,0,0,0.0,0.00421,0.00421,0.00421,,,9120524.0,,9120524.0
2021-11-23,35,76835227.0,0,0,0.0,0.02052,0.02052,0.02052,,,62725240.0,,62725240.0
2021-11-24,35,77367641.0,0,0,0.0,0.01269,0.01269,0.01269,,,28506916.0,,28506916.0
2021-11-26,35,77941030.0,0,0,0.0,0.00066,0.00066,0.00066,,,333553.0,,333553.0
2021-11-29,35,77992397.0,0,0,0.0,0.0004,0.0004,0.0004,,,203456.0,,203456.0
2021-11-30,35,78023454.0,0,0,0.0,0.01454,0.01454,0.01454,,,50896219.0,,50896219.0
2021-12-01,35,78619163.0,0,0,0.0,0.01456,0.01456,0.01456,,,19595422.0,,19595422.0
2021-12-02,35,79415909.0,0,0,0.0,0.00864,0.00864,0.00864,,,11167855.0,,11167855.0
2021-12-03,35,79739832.0,1,0,0.02857,0.00947,0.00599,0.00947,,,47711540.0,,47711540.0
2021-12-06,36,79978332.0,0,0,0.0,0.01223,0.01223,0.01223,,,30864413.0,,30864413.0
2021-12-07,36,79057921.0,0,0,0.0,0.00901,0.00901,0.00901,,,32627231.0,,32627231.0
2021-12-08,36,79273456.0,0,0,0.0,0.00159,0.00159,0.00159,,,3936392.0,,3936392.0
2021-12-09,36,79149652.0,0,0,0.0,0.0,0.0,0.0,,,0.0,,0.0
2021-12-10,36,79149652.0,0,0,0.0,0.0028,0.0028,0.0028,,,13528022.0,,13528022.0
2021-12-13,36,79343696.0,0,0,0.0,0.00212,0.00212,0.00212,,,8060013.0,,8060013.0
2021-12-14,36,79245520.0,0,0,0.0,0.00341,0.00341,0.00341,,,7686413.0,,7686413.0
2021-12-15,36,78992435.0,0,0,0.0,0.00557,0.00557,0.00557,,,16355197.0,,16355197.0
2021-12-16,36,78837057.0,0,0,0.0,0.00878,0.00878,0.00878,,,25690704.0,,25690704.0
2021-12-17,36,78307288.0,0,0,0.0,0.00884,0.00884,0.00884,,,18914325.0,,18914325.0
2021-12-20,36,77655275.0,0,0,0.0,0.00168,0.00168,0.00168,,,3695451.0,,3695451.0
2021-12-21,36,77538873.0,0,0,0.0,0.00134,0.00134,0.00134,,,5886114.0,,5886114.0
2021-12-22,36,77589096.0,0,0,0.0,0.00649,0.00649,0.00649,,,17260495.0,,17260495.0
2021-12-23,36,77476916.0,0,0,0.0,0.00112,0.00112,0.00112,,,8498847.0,,8498847.0
2021-12-27,36,77473018.0,0,0,0.0,0.00181,0.00181,0.00181,,,4053714.0,,4053714.0
2021-12-28,36,77350924.0,0,0,0.0,0.0002,0.0002,0.0002,,,5546276.0,,5546276.0
2021-12-29,36,77335714.0,0,0,0.0,0.00618,0.00618,0.00618,,,16016986.0,,16016986.0
2021-12-30,36,77072894.0,0,0,0.0,0.00143,0.00143,0.00143,,,9293760.0,,9293760.0
2021-12-31,36,77152955.0,0,0,0.0,0.00527,0.00527,0.00527,,,11500919.0,,11500919.0
2022-01-03,36,76753708.0,0,0,0.0,0.0,0.0,0.0,,,0.0,,0.0
2022-01-04,36,76753708.0,0,0,0.0,0.01138,0.01138,0.01138,,,47427022.0,,47427022.0
2022-01-05,36,77193371.0,0,0,0.0,0.00697,0.00697,0.00697,,,18912279.0,,18912279.0
2022-01-06,36,77426750.0,0,0,0.0,0.00396,0.00396,0.00396,,,5971764.0,,5971764.0
2022-01-07,36,77672078.0,0,0,0.0,0.00615,0.00615,0.00615,,,15000748.0,,15000748.0
2022-01-10,36,77226798.0,0,0,0.0,0.01257,0.01257,0.01257,,,26758940.0,,26758940.0
2022-01-11,36,76319577.0,0,0,0.0,0.03509,0.03509,0.03509,,,106185245.0,,106185245.0
2022-01-12,36,76332454.0,0,0,0.0,0.00492,0.00492,0.00492,,,9743974.0,,9743974.0
2022-01-13,36,76182449.0,0,0,0.0,0.00728,0.00728,0.00728,,,11067217.0,,11067217.0
2022-01-14,36,76357422.0,0,0,0.0,0.00471,0.00471,0.00471,,,6302604.0,,6302604.0
2022-01-18,36,76487701.0,0,0,0.0,0.00445,0.00445,0.00445,,,9455208.0,,9455208.0
2022-01-19,36,76403621.0,0,0,0.0,0.00383,0.00383,0.00383,,,17162473.0,,17162473.0
2022-01-20,36,76207726.0,0,0,0.0,0.00957,0.00957,0.00957,,,19641124.0,,19641124.0
2022-01-21,36,75764267.0,0,0,0.0,0.00369,0.00369,0.00369,,,6682770.0,,6682770.0
2022-01-24,36,75484496.0,0,0,0.0,0.01686,0.01686,0.01686,,,21391844.0,,21391844.0
2022-01-25,36,76757334.0,0,0,0.0,0.03688,0.03688,0.03688,,,73043706.0,,73043706.0
2022-01-26,36,73926585.0,0,0,0.0,0.00192,0.00192,0.00192,,,3207645.0,,3207645.0
2022-01-27,36,73784800.0,0,0,0.0,0.00483,0.00483,0.00483,,,9249642.0,,9249642.0
2022-01-28,36,73428427.0,0,0,0.0,0.00889,0.00889,0.00889,,,14772055.0,,14772055.0
2022-01-31,36,72775325.0,0,0,0.0,0.00282,0.00282,0.00282,,,3381528.0,,3381528.0
2022-02-01,36,72761435.0,0,0,0.0,0.00702,0.00702,0.00702,,,13918942.0,,13918942.0
2022-02-02,36,72464815.0,0,0,0.0,0.00108,0.00108,0.00108,,,2284030.0,,2284030.0
2022-02-03,36,72473315.0,0,0,0.0,0.00417,0.00417,0.00417,,,6093304.0,,6093304.0
2022-02-04,36,72718074.0,0,0,0.0,0.00503,0.00503,0.00503,,,10579481.0,,10579481.0
2022-02-07,36,72472640.0,0,0,0.0,0.00157,0.00157,0.00157,,,3808226.0,,3808226.0
2022-02-08,36,72403326.0,0,0,0.0,0.00684,0.00684,0.00684,,,2802682.0,,2802682.0
2022-02-09,36,72846216.0,0,0,0.0,0.00062,0.00062,0.00062,,,1470551.0,,1470551.0
2022-02-10,36,72801010.0,0,0,0.0,0.00227,0.00227,0.00227,,,5535739.0,,5535739.0
2022-02-11,36,72638084.0,0,0,0.0,0.00408,0.00408,0.00408,,,6705592.0,,6705592.0
2022-02-14,36,72350271.0,0,0,0.0,0.00015,0.00015,0.00015,,,753395.0,,753395.0
2022-02-15,36,72360877.0,0,0,0.0,0.0086,0.0086,0.0086,,,20651573.0,,20651573.0
2022-02-16,36,72524203.0,0,0,0.0,0.00085,0.00085,0.00085,,,790787.0,,790787.0
2022-02-17,36,72585851.0,0,0,0.0,0.00077,0.00077,0.00077,,,348155.0,,348155.0
2022-02-18,36,72641742.0,0,0,0.0,0.01147,0.01147,0.01147,,,12930576.0,,12930576.0
2022-02-22,36,72710614.0,0,0,0.0,0.01908,0.01908,0.01908,,,21780100.0,,21780100.0
2022-02-23,36,71765124.0,0,0,0.0,0.01886,0.01886,0.01886,,,21079377.0,,21079377.0
2022-02-24,36,70781189.0,0,1,0.02778,0.00793,0.00793,0.00793,,,10381814.0,,10381814.0
2022-02-25,35,70510639.0,0,0,0.0,0.00375,0.00375,0.00375,,,6515012.0,,6515012.0
2022-02-28,35,70306492.0,0,0,0.0,0.00251,0.00251,0.00251,,,4931261.0,,4931261.0
2022-03-01,35,70337213.0,0,0,0.0,0.00048,0.00048,0.00048,,,251572.0,,251572.0
2022-03-02,35,70370756.0,0,0,0.0,0.001,0.001,0.001,,,508447.0,,508447.0
2022-03-03,35,70440447.0,0,0,0.0,0.00055,0.00055,0.00055,,,274840.0,,274840.0
2022-03-04,35,70479131.0,0,0,0.0,0.00379,0.00379,0.00379,,,7531525.0,,7531525.0
2022-03-07,35,70728513.0,0,0,0.0,0.00206,0.00206,0.00206,,,3012623.0,,3012623.0
2022-03-08,35,70583127.0,0,0,0.0,0.00447,0.00447,0.00447,,,11237354.0,,11237354.0
2022-03-09,35,70865899.0,0,1,0.02857,0.00593,0.00593,0.00593,,,8796666.0,,8796666.0
2022-03-10,34,70450878.0,0,0,0.0,0.0,0.0,0.0,,,0.0,,0.0
2022-03-11,34,70450878.0,0,0,0.0,4e-05,4e-05,4e-05,,,133774.0,,133774.0
2022-03-14,34,70453420.0,0,0,0.0,0.00072,0.00072,0.00072,,,2671135.0,,2671135.0
2022-03-15,34,70504224.0,0,0,0.0,0.01438,0.01438,0.01438,,,9131925.0,,9131925.0
2022-03-16,34,71491877.0,0,0,0.0,0.00361,0.00361,0.00361,,,3783902.0,,3783902.0
2022-03-17,34,71737888.0,0,0,0.0,3e-05,3e-05,3e-05,,,94556.0,,94556.0
2022-03-18,34,71736007.0,0,0,0.0,0.0,0.0,0.0,,,0.0,,0.0
2022-03-21,34,71736007.0,0,0,0.0,0.0,0.0,0.0,,,0.0,,0.0
2022-03-22,34,71736007.0,0,0,0.0,0.0,0.0,0.0,,,0.0,,0.0
2022-03-23,34,71736007.0,0,0,0.0,0.0,0.0,0.0,,,0.0,,0.0
2022-03-24,34,71736007.0,0,0,0.0,0.00207,0.00207,0.00207,,,3384004.0,,3384004.0
2022-03-25,34,71587469.0,0,0,0.0,0.0,0.0,0.0,,,0.0,,0.0
2022-03-28,34,71587469.0,1,0,0.02941,0.01326,0.00739,0.01326,,,29334339.0,,29334339.0
2022-03-29,35,72438239.0,1,0,0.02857,0.01052,0.00314,0.01052,,,7873595.0,,7873595.0
2022-03-30,36,73165570.0,0,0,0.0,0.00278,0.00278,0.00278,,,3540089.0,,3540089.0
2022-03-31,36,73328716.0,0,0,0.0,0.00048,0.00048,0.00048,,,820212.0,,820212.0
2022-04-01,36,73352924.0,0,0,0.0,0.00384,0.00384,0.00384,,,12262865.0,,12262865.0
2022-04-04,36,73597567.0,0,0,0.0,0.0,0.0,0.0,,,0.0,,0.0
2022-04-05,36,73597567.0,0,0,0.0,0.0,0.0,0.0,,,0.0,,0.0
2022-04-06,36,73597567.0,0,0,0.0,0.0,0.0,0.0,,,0.0,,0.0
2022-04-07,36,73597567.0,0,0,0.0,1e-05,1e-05,1e-05,,,89570.0,,89570.0
2022-04-08,36,73597972.0,0,0,0.0,0.0,0.0,0.0,,,0.0,,0.0
2022-04-11,36,73597972.0,0,0,0.0,0.0,0.0,0.0,,,0.0,,0.0
2022-04-12,36,73597972.0,0,0,0.0,0.00409,0.00409,0.00409,,,6148894.0,,6148894.0
2022-04-13,36,73296996.0,0,0,0.0,0.00214,0.00214,0.00214,,,3354087.0,,3354087.0
2022-04-14,36,73153321.0,0,0,0.0,1e-05,1e-05,1e-05,,,34582.0,,34582.0
2022-04-18,36,73154032.0,0,0,0.0,6e-05,6e-05,6e-05,,,173601.0,,173601.0
2022-04-19,36,73158542.0,0,0,0.0,0.00418,0.00418,0.00418,,,6261215.0,,6261215.0
2022-04-20,36,72853038.0,0,0,0.0,0.00047,0.00047,0.00047,,,4649844.0,,4649844.0
2022-04-21,36,72853969.0,0,0,0.0,0.00196,0.00196,0.00196,,,1829788.0,,1829788.0
2022-04-22,36,72972950.0,0,0,0.0,0.00724,0.00724,0.00724,,,27133388.0,,27133388.0
2022-04-25,36,73413468.0,0,0,0.0,0.00259,0.00259,0.00259,,,3481408.0,,3481408.0
2022-04-26,36,73603679.0,0,0,0.0,0.00419,0.00419,0.00419,,,6104750.0,,6104750.0
2022-04-27,36,73295392.0,0,0,0.0,0.0,0.0,0.0,,,3852.0,,3852.0
2022-04-28,36,73295306.0,0,0,0.0,0.00407,0.00407,0.00407,,,5592969.0,,5592969.0
2022-04-29,36,72997097.0,0,0,0.0,3e-05,3e-05,3e-05,,,102566.0,,102566.0
2022-05-02,36,72994824.0,0,0,0.0,0.00211,0.00211,0.00211,,,2832651.0,,2832651.0
2022-05-03,36,72840482.0,0,0,0.0,0.0009,0.0009,0.0009,,,5452155.0,,5452155.0
2022-05-04,36,72825944.0,0,0,0.0,0.00424,0.00424,0.00424,,,5791938.0,,5791938.0
2022-05-05,36,72517353.0,0,0,0.0,0.00213,0.00213,0.00213,,,2988649.0,,2988649.0
2022-05-06,36,72363051.0,0,0,0.0,0.0,0.0,0.0,,,0.0,,0.0
2022-05-09,36,72363051.0,0,0,0.0,0.00075,0.00075,0.00075,,,447915.0,,447915.0
2022-05-10,36,72417147.0,1,0,0.02778,0.0201,0.01791,0.0201,,,31759426.0,,31759426.0
2022-05-11,37,73119110.0,0,0,0.0,0.00586,0.00586,0.00586,,,6532000.0,,6532000.0
2022-05-12,37,73483100.0,0,0,0.0,0.00391,0.00391,0.00391,,,4329859.0,,4329859.0
2022-05-13,37,73498532.0,0,0,0.0,0.00644,0.00644,0.00644,,,7455669.0,,7455669.0
2022-05-16,37,73025278.0,0,0,0.0,0.00217,0.00217,0.00217,,,2727293.0,,2727293.0
2022-05-17,37,72866727.0,0,0,0.0,0.00433,0.00433,0.00433,,,5151338.0,,5151338.0
2022-05-18,37,72551261.0,0,0,0.0,0.00437,0.00437,0.00437,,,6028029.0,,6028029.0
2022-05-19,37,72234389.0,0,0,0.0,0.00218,0.00218,0.00218,,,2618359.0,,2618359.0
2022-05-20,37,72076660.0,0,0,0.0,0.00657,0.00657,0.00657,,,8007416.0,,8007416.0
2022-05-23,37,71603475.0,0,0,0.0,0.01322,0.01322,0.01322,,,15635205.0,,15635205.0
2022-05-24,37,70656966.0,0,0,0.0,0.0,0.0,0.0,,,0.0,,0.0
2022-05-25,37,70656966.0,0,0,0.0,0.00223,0.00223,0.00223,,,2526993.0,,2526993.0
2022-05-26,37,70499236.0,0,0,0.0,0.00224,0.00224,0.00224,,,2573465.0,,2573465.0
2022-05-27,37,70341510.0,0,0,0.0,0.0,0.0,0.0,,,24650.0,,24650.0
2022-05-31,37,70341329.0,0,0,0.0,0.0,0.0,0.0,,,0.0,,0.0
2022-06-01,37,70341329.0,0,0,0.0,0.0,0.0,0.0,,,0.0,,0.0
2022-06-02,37,70341329.0,0,0,0.0,0.00448,0.00448,0.00448,,,5383401.0,,5383401.0
2022-06-03,37,70025878.0,0,0,0.0,0.0,0.0,0.0,,,0.0,,0.0
2022-06-06,37,70025878.0,0,0,0.0,0.0,0.0,0.0,,,0.0,,0.0
2022-06-07,37,70025878.0,0,0,0.0,0.00758,0.00758,0.00758,,,11007449.0,,11007449.0
2022-06-08,37,69564264.0,0,0,0.0,0.00046,0.00046,0.00046,,,2942426.0,,2942426.0
2022-06-09,37,69567757.0,0,1,0.02703,0.00066,0.00066,0.00066,,,2182702.0,,2182702.0
2022-06-10,36,69613671.0,0,0,0.0,0.00065,0.00065,0.00065,,,918982.0,,918982.0
2022-06-13,36,69658675.0,0,0,0.0,0.0,0.0,0.0,,,0.0,,0.0
2022-06-14,36,69658675.0,0,0,0.0,0.00046,0.00046,0.00046,,,3719516.0,,3719516.0
2022-06-15,36,69643527.0,0,0,0.0,0.00011,0.00011,0.00011,,,674514.0,,674514.0
2022-06-16,36,69637986.0,0,0,0.0,0.00509,0.00509,0.00509,,,8329764.0,,8329764.0
2022-06-17,36,69283494.0,0,0,0.0,0.00023,0.00023,0.00023,,,3363234.0,,3363234.0
2022-06-21,36,69298316.0,0,0,0.0,3e-05,3e-05,3e-05,,,183410.0,,183410.0
2022-06-22,36,69296120.0,0,0,0.0,0.00754,0.00754,0.00754,,,6394808.0,,6394808.0
2022-06-23,36,69041512.0,0,0,0.0,0.01146,0.01146,0.01146,,,7136324.0,,7136324.0
2022-06-28,36,68412978.0,0,0,0.0,0.00948,0.00948,0.00948,,,3604810.0,,3604810.0
2022-06-29,36,68184272.0,0,0,0.0,0.00197,0.00197,0.00197,,,1058055.0,,1058055.0
2022-06-30,36,68313387.0,0,0,0.0,0.00228,0.00228,0.00228,,,2520815.0,,2520815.0
2022-07-01,36,68157394.0,0,0,0.0,0.0,0.0,0.0,,,0.0,,0.0
2022-07-05,36,68157394.0,0,0,0.0,0.0,0.0,0.0,,,0.0,,0.0
2022-07-06,36,68157394.0,0,0,0.0,0.00061,0.00061,0.00061,,,1836552.0,,1836552.0
2022-07-07,36,68116249.0,0,0,0.0,0.0,0.0,0.0,,,4363.0,,4363.0
2022-07-08,36,68115963.0,0,0,0.0,0.0,0.0,0.0,,,212.0,,212.0
2022-07-11,36,68115913.0,0,0,0.0,0.00236,0.00236,0.00236,,,2833279.0,,2833279.0
2022-07-12,36,67955119.0,0,0,0.0,0.0,0.0,0.0,,,0.0,,0.0
2022-07-13,36,67955119.0,0,0,0.0,0.0,0.0,0.0,,,0.0,,0.0
2022-07-14,36,67955119.0,0,0,0.0,0.0027,0.0027,0.0027,,,6712564.0,,6712564.0
2022-07-15,36,67896254.0,0,0,0.0,0.00028,0.00028,0.00028,,,131590.0,,131590.0
2022-07-18,36,67877183.0,0,0,0.0,0.00066,0.00066,0.00066,,,308966.0,,308966.0
2022-07-19,36,67832646.0,0,1,0.02778,0.0054,0.0054,0.0054,,,9583280.0,,9583280.0
2022-07-20,35,67764881.0,0,0,0.0,0.00636,0.00636,0.00636,,,9276919.0,,9276919.0
2022-07-21,35,67475663.0,0,0,0.0,0.00165,0.00165,0.00165,,,2897835.0,,2897835.0
2022-07-22,35,67467216.0,0,0,0.0,0.00442,0.00442,0.00442,,,7031874.0,,7031874.0
2022-07-25,35,67463905.0,0,0,0.0,0.00422,0.00422,0.00422,,,5936664.0,,5936664.0
2022-07-26,35,67433362.0,0,0,0.0,0.0016,0.0016,0.0016,,,6521481.0,,6521481.0
2022-07-27,35,67351314.0,0,0,0.0,0.00233,0.00233,0.00233,,,2708785.0,,2708785.0
2022-07-28,35,67194125.0,0,0,0.0,0.00464,0.00464,0.00464,,,5482716.0,,5482716.0
2022-07-29,35,66882562.0,0,0,0.0,0.0,0.0,0.0,,,0.0,,0.0
2022-08-01,35,66882562.0,0,0,0.0,0.0,0.0,0.0,,,0.0,,0.0
2022-08-02,35,66882562.0,0,0,0.0,0.00125,0.00125,0.00125,,,1792019.0,,1792019.0
2022-08-03,35,66957690.0,0,0,0.0,0.0009,0.0009,0.0009,,,598884.0,,598884.0
2022-08-04,35,67016042.0,0,0,0.0,0.00082,0.00082,0.00082,,,668044.0,,668044.0
2022-08-05,35,67068509.0,0,0,0.0,0.00204,0.00204,0.00204,,,473209.0,,473209.0
2022-08-08,35,67205388.0,0,0,0.0,0.00048,0.00048,0.00048,,,108882.0,,108882.0
2022-08-09,35,67237327.0,0,0,0.0,0.00082,0.00082,0.00082,,,192574.0,,192574.0
2022-08-10,35,67292776.0,0,0,0.0,0.00245,0.00245,0.00245,,,3837249.0,,3837249.0
2022-08-11,35,67231662.0,0,0,0.0,0.00225,0.00225,0.00225,,,2934759.0,,2934759.0
2022-08-12,35,67080132.0,0,0,0.0,0.0,0.0,0.0,,,0.0,,0.0
2022-08-15,35,67080132.0,0,0,0.0,0.00465,0.00465,0.00465,,,1158893.0,,1158893.0
2022-08-16,35,67391768.0,0,0,0.0,0.00077,0.00077,0.00077,,,187439.0,,187439.0
2022-08-17,35,67443327.0,0,0,0.0,0.0,0.0,0.0,,,0.0,,0.0
2022-08-18,35,67443327.0,0,0,0.0,0.00184,0.00184,0.00184,,,2798606.0,,2798606.0
2022-08-19,35,67319016.0,0,0,0.0,0.0,0.0,0.0,,,0.0,,0.0
2022-08-22,35,67319016.0,0,0,0.0,0.00233,0.00233,0.00233,,,2803653.0,,2803653.0
2022-08-23,35,67162071.0,0,0,0.0,0.00234,0.00234,0.00234,,,2712838.0,,2712838.0
2022-08-24,35,67005136.0,0,0,0.0,0.0,0.0,0.0,,,0.0,,0.0
2022-08-25,35,67005136.0,0,0,0.0,0.0,0.0,0.0,,,0.0,,0.0
2022-08-26,35,67005136.0,0,0,0.0,0.0,0.0,0.0,,,0.0,,0.0
2022-08-29,35,67005136.0,0,0,0.0,0.00234,0.00234,0.00234,,,2675212.0,,2675212.0
2022-08-30,35,66848183.0,0,0,0.0,0.0018,0.0018,0.0018,,,1431842.0,,1431842.0
2022-08-31,35,66916762.0,0,0,0.0,0.00178,0.00178,0.00178,,,344627.0,,344627.0
2022-09-01,35,67036076.0,0,0,0.0,0.00011,0.00011,0.00011,,,21682.0,,21682.0
2022-09-02,35,67043560.0,1,0,0.02857,0.01277,0.00799,0.01277,,,11818362.0,,11818362.0
2022-09-06,36,67107995.0,0,0,0.0,0.03348,0.03348,0.03348,,,10519530.0,,10519530.0
2022-09-07,36,65601031.0,0,0,0.0,0.02165,0.02165,0.02165,,,7030909.0,,7030909.0
2022-09-08,36,64871784.0,0,0,0.0,0.06302,0.06302,0.06302,,,20798750.0,,20798750.0
2022-09-09,36,61911722.0,0,0,0.0,0.01024,0.01024,0.01024,,,6085590.0,,6085590.0
2022-09-12,36,62061234.0,0,0,0.0,0.00273,0.00273,0.00273,,,2592010.0,,2592010.0
2022-09-13,36,61898646.0,0,0,0.0,0.00287,0.00287,0.00287,,,6084134.0,,6084134.0
2022-09-14,36,61998994.0,0,0,0.0,0.00312,0.00312,0.00312,,,2210581.0,,2210581.0
2022-09-15,36,62178680.0,0,0,0.0,0.00451,0.00451,0.00451,,,6170433.0,,6170433.0
2022-09-16,36,61898289.0,0,0,0.0,0.0,0.0,0.0,,,3122.0,,3122.0
2022-09-19,36,61898219.0,0,0,0.0,0.00017,0.00017,0.00017,,,480718.0,,480718.0
2022-09-20,36,61887534.0,0,0,0.0,0.00454,0.00454,0.00454,,,9024307.0,,9024307.0
2022-09-21,36,62028046.0,0,0,0.0,0.00197,0.00197,0.00197,,,2908261.0,,2908261.0
2022-09-22,36,61906123.0,0,0,0.0,0.00246,0.00246,0.00246,,,2936019.0,,2936019.0
2022-09-23,36,61753778.0,0,0,0.0,0.0,0.0,0.0,,,0.0,,0.0
2022-09-26,36,61753778.0,0,0,0.0,0.0,0.0,0.0,,,0.0,,0.0
2022-09-27,36,61753778.0,0,0,0.0,0.00672,0.00672,0.00672,,,1694546.0,,1694546.0
2022-09-28,36,62135410.0,0,0,0.0,0.00309,0.00309,0.00309,,,1476216.0,,1476216.0
2022-09-29,36,62289995.0,0,0,0.0,0.00485,0.00485,0.00485,,,5218363.0,,5218363.0
2022-09-30,36,61988089.0,0,0,0.0,0.00076,0.00076,0.00076,,,685658.0,,685658.0
2022-10-03,36,62032534.0,0,0,0.0,0.00559,0.00559,0.00559,,,6587851.0,,6587851.0
2022-10-04,36,61762299.0,0,0,0.0,0.00321,0.00321,0.00321,,,2641263.0,,2641263.0
2022-10-05,36,61883878.0,0,1,0.02778,0.00342,0.00342,0.00342,,,2459913.0,,2459913.0
2022-10-06,35,62094891.0,0,0,0.0,0.00059,0.00059,0.00059,,,92936.0,,92936.0
2022-10-07,35,62131563.0,0,0,0.0,0.00118,0.00118,0.00118,,,182595.0,,182595.0
2022-10-10,35,62204655.0,0,0,0.0,0.00263,0.00263,0.00263,,,2442475.0,,2442475.0
2022-10-11,35,62186278.0,0,0,0.0,0.0,0.0,0.0,,,0.0,,0.0
2022-10-12,35,62186278.0,0,0,0.0,0.0,0.0,0.0,,,0.0,,0.0
2022-10-13,35,62186278.0,0,0,0.0,0.0,0.0,0.0,,,0.0,,0.0
2022-10-14,35,62186278.0,0,0,0.0,0.00962,0.00962,0.00962,,,8705551.0,,8705551.0
2022-10-17,35,61588308.0,0,0,0.0,0.0,0.0,0.0,,,0.0,,0.0
2022-10-18,35,61588308.0,0,0,0.0,0.00243,0.00243,0.00243,,,2187892.0,,2187892.0
2022-10-19,35,61438816.0,0,0,0.0,0.00487,0.00487,0.00487,,,4418765.0,,4418765.0
2022-10-20,35,61139829.0,0,0,0.0,0.00245,0.00245,0.00245,,,2175254.0,,2175254.0
2022-10-21,35,60990337.0,0,0,0.0,0.0,0.0,0.0,,,0.0,,0.0
2022-10-24,35,60990337.0,0,0,0.0,0.0,0.0,0.0,,,0.0,,0.0
2022-10-25,35,60990337.0,0,0,0.0,0.00204,0.00204,0.00204,,,7599498.0,,7599498.0
2022-10-26,35,61015152.0,0,0,0.0,0.00073,0.00073,0.00073,,,1249532.0,,1249532.0
2022-10-27,35,61007281.0,0,0,0.0,0.00118,0.00118,0.00118,,,176573.0,,176573.0
2022-10-28,35,61079055.0,0,0,0.0,0.00059,0.00059,0.00059,,,89944.0,,89944.0
2022-10-31,35,61115073.0,0,0,0.0,0.00194,0.00194,0.00194,,,2250358.0,,2250358.0
2022-11-01,35,60996495.0,0,0,0.0,0.00566,0.00566,0.00566,,,1163910.0,,1163910.0
2022-11-02,35,60700708.0,0,0,0.0,0.00386,0.00386,0.00386,,,2506494.0,,2506494.0
2022-11-03,35,60625555.0,0,0,0.0,0.00665,0.00665,0.00665,,,4502566.0,,4502566.0
2022-11-04,35,60581378.0,0,0,0.0,0.00142,0.00142,0.00142,,,243181.0,,243181.0
2022-11-07,35,60506551.0,0,0,0.0,0.00376,0.00376,0.00376,,,584616.0,,584616.0
2022-11-08,35,60374234.0,0,0,0.0,0.00184,0.00184,0.00184,,,275745.0,,275745.0
2022-11-09,35,60334486.0,0,0,0.0,0.00406,0.00406,0.00406,,,638248.0,,638248.0
2022-11-10,35,60291022.0,0,0,0.0,0.0063,0.0063,0.0063,,,4005520.0,,4005520.0
2022-11-11,35,60438937.0,0,0,0.0,0.00096,0.00096,0.00096,,,217551.0,,217551.0
2022-11-14,35,60381028.0,0,0,0.0,0.02023,0.02023,0.02023,,,7982788.0,,7982788.0
2022-11-15,35,59298599.0,0,0,0.0,0.02077,0.02077,0.02077,,,19283525.0,,19283525.0
2022-11-16,35,58583608.0,0,0,0.0,0.00324,0.00324,0.00324,,,4955358.0,,4955358.0
2022-11-17,35,58648907.0,0,0,0.0,0.00273,0.00273,0.00273,,,2881526.0,,2881526.0
2022-11-18,35,58494181.0,0,0,0.0,0.00471,0.00471,0.00471,,,5069150.0,,5069150.0
2022-11-21,35,58257168.0,0,0,0.0,0.00189,0.00189,0.00189,,,2091327.0,,2091327.0
2022-11-22,35,58367483.0,0,0,0.0,0.00289,0.00289,0.00289,,,752205.0,,752205.0
2022-11-23,35,58536097.0,0,0,0.0,0.00499,0.00499,0.00499,,,4378948.0,,4378948.0
2022-11-25,35,58244279.0,0,0,0.0,0.0,0.0,0.0,,,0.0,,0.0
2022-11-28,35,58244279.0,0,0,0.0,1e-05,1e-05,1e-05,,,1310.0,,1310.0
2022-11-29,35,58243417.0,0,0,0.0,0.0,0.0,0.0,,,0.0,,0.0
2022-11-30,35,58243417.0,0,0,0.0,0.0,0.0,0.0,,,0.0,,0.0
2022-12-01,35,58243417.0,0,0,0.0,0.00293,0.00293,0.00293,,,2348592.0,,2348592.0
2022-12-02,35,58072688.0,0,0,0.0,0.0,0.0,0.0,,,0.0,,0.0
2022-12-05,35,58072688.0,0,0,0.0,2e-05,2e-05,2e-05,,,2088.0,,2088.0
2022-12-06,35,58071341.0,0,0,0.0,0.00011,0.00011,0.00011,,,14048.0,,14048.0
2022-12-07,35,58065125.0,0,0,0.0,0.0,0.0,0.0,,,97.0,,97.0
2022-12-08,35,58065061.0,0,0,0.0,3e-05,3e-05,3e-05,,,2712.0,,2712.0
2022-12-09,35,58063465.0,0,0,0.0,1e-05,1e-05,1e-05,,,1341.0,,1341.0
2022-12-12,35,58062647.0,0,0,0.0,3e-05,3e-05,3e-05,,,3150.0,,3150.0
2022-12-13,35,58060794.0,0,0,0.0,0.00753,0.00753,0.00753,,,6638796.0,,6638796.0
2022-12-14,35,57623386.0,0,0,0.0,1e-05,1e-05,1e-05,,,894.0,,894.0
2022-12-15,35,57622894.0,0,0,0.0,0.00025,0.00025,0.00025,,,3322383.0,,3322383.0
2022-12-16,35,57628777.0,0,0,0.0,0.00252,0.00252,0.00252,,,2037158.0,,2037158.0
2022-12-19,35,57483727.0,0,0,0.0,0.00253,0.00253,0.00253,,,2091777.0,,2091777.0
2022-12-20,35,57338122.0,0,0,0.0,0.0032,0.0032,0.0032,,,9941516.0,,9941516.0
2022-12-21,35,57207168.0,0,0,0.0,0.0,0.0,0.0,,,0.0,,0.0
2022-12-22,35,57207168.0,0,0,0.0,0.0051,0.0051,0.0051,,,4178489.0,,4178489.0
2022-12-23,35,56915266.0,0,0,0.0,0.00256,0.00256,0.00256,,,2017203.0,,2017203.0
2022-12-27,35,56769683.0,0,0,0.0,0.0,0.0,0.0,,,0.0,,0.0
2022-12-28,35,56769683.0,0,0,0.0,0.00256,0.00256,0.00256,,,1971390.0,,1971390.0
2022-12-29,35,56624088.0,0,0,0.0,0.00257,0.00257,0.00257,,,1970938.0,,1970938.0
2022-12-30,35,56478504.0,0,0,0.0,0.0,0.0,0.0,,,0.0,,0.0
2023-01-03,35,56478504.0,0,0,0.0,0.00516,0.00516,0.00516,,,4098864.0,,4098864.0
2023-01-04,35,56187319.0,0,0,0.0,0.0008,0.0008,0.0008,,,7028726.0,,7028726.0
2023-01-05,35,56205243.0,0,0,0.0,0.00261,0.00261,0.00261,,,2171849.0,,2171849.0
2023-01-06,35,56063086.0,0,0,0.0,0.0,0.0,0.0,,,191.0,,191.0
2023-01-09,35,56062958.0,0,0,0.0,0.00997,0.00997,0.00997,,,7372568.0,,7372568.0
2023-01-10,35,55571271.0,0,0,0.0,0.00259,0.00259,0.00259,,,3149141.0,,3149141.0
2023-01-11,35,55460141.0,0,0,0.0,0.01874,0.01874,0.01874,,,13189434.0,,13189434.0
2023-01-12,35,54462865.0,0,0,0.0,0.00263,0.00263,0.00263,,,3393357.0,,3393357.0
2023-01-13,35,54364488.0,0,1,0.02857,0.00046,0.00046,0.00046,,,111733.0,,111733.0
2023-01-17,34,54339524.0,0,0,0.0,0.00354,0.00354,0.00354,,,1034538.0,,1034538.0
2023-01-18,34,54147254.0,0,0,0.0,0.00785,0.00785,0.00785,,,9568292.0,,9568292.0
2023-01-19,34,53806794.0,0,0,0.0,0.00869,0.00869,0.00869,,,4323217.0,,4323217.0
2023-01-20,34,53374123.0,0,0,0.0,0.0048,0.0048,0.0048,,,1200779.0,,1200779.0
2023-01-23,34,53118052.0,0,0,0.0,0.00124,0.00124,0.00124,,,334733.0,,334733.0
2023-01-24,34,53052095.0,0,0,0.0,0.00015,0.00015,0.00015,,,66766.0,,66766.0
2023-01-25,34,53044262.0,0,0,0.0,0.0,0.0,0.0,,,243.0,,243.0
2023-01-26,34,53044115.0,0,0,0.0,3e-05,3e-05,3e-05,,,16900.0,,16900.0
2023-01-27,34,53042319.0,0,0,0.0,1e-05,1e-05,1e-05,,,3651.0,,3651.0
2023-01-30,34,53042019.0,0,0,0.0,0.0,0.0,0.0,,,1343.0,,1343.0
2023-01-31,34,53041874.0,0,0,0.0,0.00101,0.00101,0.00101,,,9442516.0,,9442516.0
2023-02-01,34,53068156.0,0,0,0.0,0.00262,0.00262,0.00262,,,2395231.0,,2395231.0
2023-02-02,34,52929506.0,0,0,0.0,6e-05,6e-05,6e-05,,,186663.0,,186663.0
2023-02-03,34,52930334.0,0,1,0.02941,9e-05,9e-05,9e-05,,,160970.0,,160970.0
2023-02-06,33,52928960.0,0,0,0.0,3e-05,3e-05,3e-05,,,89596.0,,89596.0
2023-02-07,33,52929122.0,0,0,0.0,1e-05,1e-05,1e-05,,,25679.0,,25679.0
2023-02-08,33,52929263.0,0,0,0.0,8e-05,8e-05,8e-05,,,470446.0,,470446.0
2023-02-09,33,52933328.0,0,0,0.0,0.00016,0.00016,0.00016,,,108816.0,,108816.0
2023-02-10,33,52926280.0,0,0,0.0,0.00053,0.00053,0.00053,,,70190.0,,70190.0
2023-02-13,33,52898427.0,0,0,0.0,7e-05,7e-05,7e-05,,,240449.0,,240449.0
2023-02-14,33,52898903.0,0,0,0.0,0.00085,0.00085,0.00085,,,1386067.0,,1386067.0
2023-02-15,33,52876022.0,0,0,0.0,0.00087,0.00087,0.00087,,,1214452.0,,1214452.0
2023-02-16,33,52860564.0,0,0,0.0,0.0035,0.0035,0.0035,,,3294891.0,,3294891.0
2023-02-17,33,53001644.0,0,0,0.0,0.00192,0.00192,0.00192,,,2152087.0,,2152087.0
2023-02-21,33,53043253.0,0,0,0.0,0.00376,0.00376,0.00376,,,3324661.0,,3324661.0
2023-02-22,33,53217609.0,0,0,0.0,0.00182,0.00182,0.00182,,,1336726.0,,1336726.0
2023-02-23,33,53284559.0,0,0,0.0,0.00035,0.00035,0.00035,,,3911819.0,,3911819.0
2023-02-24,33,53284462.0,0,0,0.0,0.00015,0.00015,0.00015,,,242431.0,,242431.0
2023-02-27,33,53277349.0,0,0,0.0,0.00427,0.00427,0.00427,,,3868459.0,,3868459.0
2023-02-28,33,53256201.0,0,0,0.0,0.00351,0.00351,0.00351,,,1653147.0,,1653147.0
2023-03-01,33,53354310.0,0,0,0.0,0.00462,0.00462,0.00462,,,1889138.0,,1889138.0
2023-03-02,33,53379377.0,0,0,0.0,0.00313,0.00313,0.00313,,,1173148.0,,1173148.0
2023-03-03,33,53428421.0,0,0,0.0,0.00229,0.00229,0.00229,,,2727614.0,,2727614.0
2023-03-06,33,53321175.0,0,0,0.0,1e-05,1e-05,1e-05,,,20778.0,,20778.0
2023-03-07,33,53320575.0,0,0,0.0,0.0,0.0,0.0,,,3369.0,,3369.0
2023-03-08,33,53320467.0,0,2,0.06061,0.02118,0.02118,0.02118,,,7012577.0,,7012577.0
2023-03-09,31,54398313.0,0,0,0.0,0.0,0.0,0.0,,,0.0,,0.0
2023-03-10,31,54398313.0,0,0,0.0,0.0,0.0,0.0,,,0.0,,0.0
2023-03-13,31,54398313.0,0,0,0.0,0.0,0.0,0.0,,,0.0,,0.0
2023-03-14,31,54398313.0,0,0,0.0,0.0,0.0,0.0,,,0.0,,0.0
2023-03-15,31,54398313.0,0,0,0.0,0.00115,0.00115,0.00115,,,2794507.0,,2794507.0
2023-03-16,31,54375742.0,0,0,0.0,0.00529,0.00529,0.00529,,,4782212.0,,4782212.0
2023-03-17,31,54106337.0,0,0,0.0,0.00264,0.00264,0.00264,,,2403240.0,,2403240.0
2023-03-20,31,53963564.0,0,0,0.0,0.0,0.0,0.0,,,0.0,,0.0
2023-03-21,31,53963564.0,0,0,0.0,0.0,0.0,0.0,,,0.0,,0.0
2023-03-22,31,53963564.0,0,0,0.0,0.0,0.0,0.0,,,0.0,,0.0
2023-03-23,31,53963564.0,0,0,0.0,0.0,0.0,0.0,,,0.0,,0.0
2023-03-24,31,53963564.0,0,0,0.0,0.0,0.0,0.0,,,0.0,,0.0
2023-03-27,31,53963564.0,0,0,0.0,0.0,0.0,0.0,,,0.0,,0.0
2023-03-28,31,53963564.0,1,0,0.03226,0.01275,0.00445,0.01275,,,3390011.0,,3390011.0
2023-03-29,32,54170883.0,0,0,0.0,0.0172,0.0172,0.0172,,,5018697.0,,5018697.0
2023-03-30,32,54387641.0,0,0,0.0,0.00101,0.00101,0.00101,,,267098.0,,267098.0
2023-03-31,32,54341221.0,0,0,0.0,0.00316,0.00316,0.00316,,,2569593.0,,2569593.0
2023-04-03,32,54169476.0,0,0,0.0,0.00298,0.00298,0.00298,,,2589752.0,,2589752.0
2023-04-04,32,54008247.0,0,0,0.0,0.00214,0.00214,0.00214,,,481836.0,,481836.0
2023-04-05,32,54123633.0,0,0,0.0,0.00025,0.00025,0.00025,,,57141.0,,57141.0
2023-04-06,32,54137078.0,0,1,0.03125,0.00073,0.00073,0.00073,,,900381.0,,900381.0
2023-04-10,31,54148255.0,0,0,0.0,0.00042,0.00042,0.00042,,,226353.0,,226353.0
2023-04-11,31,54153471.0,0,0,0.0,0.00059,0.00059,0.00059,,,893884.0,,893884.0
2023-04-12,31,54164458.0,0,0,0.0,0.00063,0.00063,0.00063,,,838067.0,,838067.0
2023-04-13,31,54139629.0,0,0,0.0,0.00102,0.00102,0.00102,,,228992.0,,228992.0
2023-04-14,31,54195075.0,0,0,0.0,0.0,0.0,0.0,,,0.0,,0.0
2023-04-17,31,54195075.0,0,0,0.0,0.0,0.0,0.0,,,0.0,,0.0
2023-04-18,31,54195075.0,0,0,0.0,0.0,0.0,0.0,,,378.0,,378.0
2023-04-19,31,54194975.0,0,0,0.0,0.0,0.0,0.0,,,0.0,,0.0
2023-04-20,31,54194975.0,0,1,0.03226,0.0,0.0,0.0,,,377.0,,377.0
2023-04-21,30,54194875.0,0,0,0.0,0.0,0.0,0.0,,,0.0,,0.0
2023-04-24,30,54194875.0,0,0,0.0,0.0,0.0,0.0,,,0.0,,0.0
2023-04-25,30,54194875.0,0,0,0.0,0.0,0.0,0.0,,,0.0,,0.0
2023-04-26,30,54194875.0,0,0,0.0,0.00266,0.00266,0.00266,,,2267460.0,,2267460.0
2023-04-27,30,54050727.0,0,0,0.0,0.0,0.0,0.0,,,0.0,,0.0
2023-04-28,30,54050727.0,0,0,0.0,0.0,0.0,0.0,,,0.0,,0.0
2023-05-01,30,54050727.0,0,0,0.0,0.0,0.0,0.0,,,0.0,,0.0
2023-05-02,30,54050727.0,0,0,0.0,0.01539,0.01539,0.01539,,,10122955.0,,10122955.0
2023-05-03,30,54871957.0,0,0,0.0,0.0,0.0,0.0,,,0.0,,0.0
2023-05-04,30,54871957.0,0,0,0.0,0.00265,0.00265,0.00265,,,2265592.0,,2265592.0
2023-05-05,30,54726780.0,0,0,0.0,3e-05,3e-05,3e-05,,,416611.0,,416611.0
2023-05-08,30,54725406.0,0,0,0.0,0.0,0.0,0.0,,,0.0,,0.0
2023-05-09,30,54725406.0,0,0,0.0,0.00381,0.00381,0.00381,,,1148605.0,,1148605.0
2023-05-10,30,54916527.0,0,0,0.0,0.00228,0.00228,0.00228,,,555000.0,,555000.0
2023-05-11,30,55041527.0,0,0,0.0,0.0,0.0,0.0,,,0.0,,0.0
2023-05-12,30,55041527.0,0,0,0.0,0.0,0.0,0.0,,,0.0,,0.0
2023-05-15,30,55041527.0,0,0,0.0,0.00166,0.00166,0.00166,,,371065.0,,371065.0
2023-05-16,30,55112993.0,0,0,0.0,0.00011,0.00011,0.00011,,,11058.0,,11058.0
2023-05-17,30,55119323.0,0,0,0.0,0.0,0.0,0.0,,,0.0,,0.0
2023-05-18,30,55119323.0,0,0,0.0,0.0,0.0,0.0,,,0.0,,0.0
2023-05-19,30,55119323.0,0,0,0.0,0.0,0.0,0.0,,,0.0,,0.0
2023-05-22,30,55119323.0,0,0,0.0,0.00533,0.00533,0.00533,,,4620744.0,,4620744.0
2023-05-23,30,55398707.0,0,0,0.0,0.00028,0.00028,0.00028,,,34519.0,,34519.0
2023-05-24,30,55414426.0,0,0,0.0,0.0,0.0,0.0,,,0.0,,0.0
2023-05-25,30,55414426.0,0,0,0.0,0.0,0.0,0.0,,,0.0,,0.0
2023-05-26,30,55414426.0,0,0,0.0,0.00792,0.00792,0.00792,,,9190927.0,,9190927.0
2023-05-30,30,55612805.0,0,0,0.0,7e-05,7e-05,7e-05,,,64276.0,,64276.0
2023-05-31,30,55616920.0,0,0,0.0,0.00036,0.00036,0.00036,,,1559185.0,,1559185.0
2023-06-01,30,55623467.0,0,0,0.0,0.00796,0.00796,0.00796,,,18174450.0,,18174450.0
2023-06-02,30,55600589.0,0,0,0.0,0.01326,0.01326,0.01326,,,12595576.0,,12595576.0
2023-06-05,30,56337597.0,0,0,0.0,0.00262,0.00262,0.00262,,,2585998.0,,2585998.0
2023-06-06,30,56485095.0,0,0,0.0,0.0047,0.0047,0.0047,,,4674288.0,,4674288.0
2023-06-07,30,56553056.0,0,0,0.0,0.00318,0.00318,0.00318,,,3115192.0,,3115192.0
2023-06-08,30,56704969.0,0,0,0.0,0.00304,0.00304,0.00304,,,2701951.0,,2701951.0
2023-06-09,30,56877170.0,0,0,0.0,0.0,0.0,0.0,,,0.0,,0.0
2023-06-12,30,56877170.0,0,0,0.0,0.0,0.0,0.0,,,0.0,,0.0
2023-06-13,30,56877170.0,1,0,0.03333,0.00348,0.00175,0.00348,,,21057191.0,,21057191.0
2023-06-14,31,56875844.0,0,0,0.0,0.0052,0.0052,0.0052,,,5570658.0,,5570658.0
2023-06-15,31,57171344.0,0,0,0.0,0.00258,0.00258,0.00258,,,2780451.0,,2780451.0
2023-06-16,31,57319082.0,0,0,0.0,0.0,0.0,0.0,,,0.0,,0.0
2023-06-20,31,57319082.0,0,0,0.0,0.01031,0.01031,0.01031,,,11108906.0,,11108906.0
2023-06-21,31,57910078.0,0,0,0.0,0.00043,0.00043,0.00043,,,5828068.0,,5828068.0
2023-06-22,31,57894799.0,0,0,0.0,0.00105,0.00105,0.00105,,,3751141.0,,3751141.0
2023-06-23,31,57955813.0,0,0,0.0,0.0,0.0,0.0,,,0.0,,0.0
2023-06-26,31,57955813.0,0,0,0.0,0.0,0.0,0.0,,,0.0,,0.0
2023-06-27,31,57955813.0,1,0,0.03226,0.00132,0.001,0.00132,,,3858156.0,,3858156.0
2023-06-28,32,58021950.0,0,0,0.0,0.0,0.0,0.0,,,0.0,,0.0
2023-06-29,32,58021950.0,0,0,0.0,0.0005,0.0005,0.0005,,,5768221.0,,5768221.0
2023-06-30,32,58015101.0,0,0,0.0,9e-05,9e-05,9e-05,,,46969.0,,46969.0
2023-07-03,32,58020588.0,0,0,0.0,0.00035,0.00035,0.00035,,,176558.0,,176558.0
2023-07-05,32,58041023.0,0,0,0.0,0.00051,0.00051,0.00051,,,256747.0,,256747.0
2023-07-06,32,58070912.0,0,0,0.0,0.00207,0.00207,0.00207,,,5757375.0,,5757375.0
2023-07-07,32,58061599.0,0,0,0.0,0.00018,0.00018,0.00018,,,90866.0,,90866.0
2023-07-10,32,58072239.0,0,0,0.0,7e-05,7e-05,7e-05,,,33859.0,,33859.0
2023-07-11,32,58076167.0,0,0,0.0,0.00476,0.00476,0.00476,,,7914477.0,,7914477.0
2023-07-12,32,58130066.0,0,0,0.0,0.0001,0.0001,0.0001,,,578086.0,,578086.0
2023-07-13,32,58124266.0,1,0,0.03125,0.0065,0.00342,0.0065,,,14985625.0,,14985625.0
2023-07-14,33,58390244.0,0,0,0.0,0.00317,0.00317,0.00317,,,4148286.0,,4148286.0
2023-07-17,33,58488332.0,0,0,0.0,0.00036,0.00036,0.00036,,,664669.0,,664669.0
2023-07-18,33,58475026.0,0,0,0.0,0.00554,0.00554,0.00554,,,6201831.0,,6201831.0
2023-07-19,33,58687364.0,0,0,0.0,3e-05,3e-05,3e-05,,,196226.0,,196226.0
2023-07-20,33,58689039.0,0,0,0.0,1e-05,1e-05,1e-05,,,94324.0,,94324.0
2023-07-21,33,58689857.0,0,0,0.0,0.00173,0.00173,0.00173,,,5676131.0,,5676131.0
2023-07-24,33,58646247.0,0,0,0.0,0.0,0.0,0.0,,,0.0,,0.0
2023-07-25,33,58646247.0,0,0,0.0,0.00894,0.00894,0.00894,,,8904892.0,,8904892.0
2023-07-26,33,58392808.0,0,0,0.0,0.00658,0.00658,0.00658,,,18105252.0,,18105252.0
2023-07-27,33,58418514.0,0,0,0.0,0.00495,0.00495,0.00495,,,5121942.0,,5121942.0
2023-07-28,33,58477095.0,0,0,0.0,0.0,0.0,0.0,,,0.0,,0.0
2023-07-31,33,58477095.0,0,0,0.0,0.0,0.0,0.0,,,0.0,,0.0
2023-08-01,33,58477095.0,0,0,0.0,0.0,0.0,0.0,,,0.0,,0.0
2023-08-02,33,58477095.0,0,0,0.0,0.00309,0.00309,0.00309,,,8479674.0,,8479674.0
2023-08-03,33,58629470.0,0,0,0.0,0.00119,0.00119,0.00119,,,3565736.0,,3565736.0
2023-08-04,33,58699510.0,0,0,0.0,0.00038,0.00038,0.00038,,,1005818.0,,1005818.0
2023-08-07,33,58682709.0,0,0,0.0,0.0,0.0,0.0,,,0.0,,0.0
2023-08-08,33,58682709.0,0,0,0.0,0.0,0.0,0.0,,,0.0,,0.0
2023-08-09,33,58682709.0,0,0,0.0,3e-05,3e-05,3e-05,,,214984.0,,214984.0
2023-08-10,33,58684732.0,0,0,0.0,0.00231,0.00231,0.00231,,,1400657.0,,1400657.0
2023-08-11,33,58770310.0,0,0,0.0,0.011,0.011,0.011,,,5245400.0,,5245400.0
2023-08-14,33,59343239.0,0,0,0.0,0.00308,0.00308,0.00308,,,3821456.0,,3821456.0
2023-08-15,33,59160245.0,0,0,0.0,0.00167,0.00167,0.00167,,,2596330.0,,2596330.0
2023-08-16,33,59061421.0,0,0,0.0,0.00015,0.00015,0.00015,,,918052.0,,918052.0
2023-08-17,33,59070433.0,0,0,0.0,0.00995,0.00995,0.00995,,,10518549.0,,10518549.0
2023-08-18,33,58482705.0,0,0,0.0,1e-05,1e-05,1e-05,,,29683.0,,29683.0
2023-08-21,33,58483000.0,0,0,0.0,0.00251,0.00251,0.00251,,,2587249.0,,2587249.0
2023-08-22,33,58336060.0,0,0,0.0,0.01008,0.01008,0.01008,,,10572400.0,,10572400.0
2023-08-23,33,57748324.0,0,0,0.0,2e-05,2e-05,2e-05,,,27255.0,,27255.0
2023-08-24,33,57747324.0,0,0,0.0,0.00254,0.00254,0.00254,,,2690677.0,,2690677.0
2023-08-25,33,57600398.0,0,0,0.0,0.0,0.0,0.0,,,0.0,,0.0
2023-08-28,33,57600398.0,0,0,0.0,0.0,0.0,0.0,,,0.0,,0.0
2023-08-29,33,57600398.0,0,0,0.0,0.00234,0.00234,0.00234,,,3590597.0,,3590597.0
2023-08-30,33,57545082.0,0,0,0.0,0.0,0.0,0.0,,,0.0,,0.0
2023-08-31,33,57545082.0,0,0,0.0,0.0,0.0,0.0,,,0.0,,0.0
2023-09-01,33,57545082.0,0,0,0.0,0.0,0.0,0.0,,,0.0,,0.0
2023-09-05,33,57545082.0,0,0,0.0,0.0027,0.0027,0.0027,,,3034036.0,,3034036.0
2023-09-06,33,57389929.0,0,0,0.0,8e-05,8e-05,8e-05,,,17442.0,,17442.0
2023-09-07,33,57394619.0,0,0,0.0,0.0,0.0,0.0,,,0.0,,0.0
2023-09-08,33,57394619.0,0,0,0.0,0.00045,0.00045,0.00045,,,95642.0,,95642.0
2023-09-11,33,57420686.0,0,0,0.0,0.0,0.0,0.0,,,0.0,,0.0
2023-09-12,33,57420686.0,0,0,0.0,0.00131,0.00131,0.00131,,,3426348.0,,3426348.0
2023-09-13,33,57384605.0,0,0,0.0,0.00961,0.00961,0.00961,,,6179264.0,,6179264.0
2023-09-14,33,56911556.0,0,0,0.0,0.00096,0.00096,0.00096,,,269362.0,,269362.0
2023-09-15,33,56942003.0,0,0,0.0,0.00057,0.00057,0.00057,,,173228.0,,173228.0
2023-09-18,33,56909380.0,0,0,0.0,8e-05,8e-05,8e-05,,,215354.0,,215354.0
2023-09-19,33,56913909.0,0,0,0.0,4e-05,4e-05,4e-05,,,208838.0,,208838.0
2023-09-20,33,56911769.0,0,0,0.0,0.0041,0.0041,0.0041,,,1579369.0,,1579369.0
2023-09-21,33,57093018.0,0,0,0.0,0.00665,0.00665,0.00665,,,4047815.0,,4047815.0
2023-09-22,33,57252509.0,0,0,0.0,0.00252,0.00252,0.00252,,,3639457.0,,3639457.0
2023-09-25,33,57142572.0,0,0,0.0,0.00256,0.00256,0.00256,,,1408387.0,,1408387.0
2023-09-26,33,57178072.0,0,0,0.0,0.00231,0.00231,0.00231,,,397746.0,,397746.0
2023-09-27,33,57310144.0,0,0,0.0,0.00067,0.00067,0.00067,,,112121.0,,112121.0
2023-09-28,33,57348615.0,0,0,0.0,0.0053,0.0053,0.0053,,,8248739.0,,8248739.0
2023-09-29,33,57116559.0,0,0,0.0,0.00073,0.00073,0.00073,,,135019.0,,135019.0
2023-10-02,33,57147790.0,0,0,0.0,0.0,0.0,0.0,,,0.0,,0.0
2023-10-03,33,57147790.0,0,0,0.0,0.00478,0.00478,0.00478,,,5132806.0,,5132806.0
2023-10-04,33,56874870.0,0,0,0.0,0.00179,0.00179,0.00179,,,2400821.0,,2400821.0
2023-10-05,33,56773320.0,0,0,0.0,0.0008,0.0008,0.0008,,,1256073.0,,1256073.0
2023-10-06,33,56814933.0,0,0,0.0,0.00227,0.00227,0.00227,,,3976855.0,,3976855.0
2023-10-09,33,56757569.0,0,0,0.0,0.00034,0.00034,0.00034,,,270330.0,,270330.0
2023-10-10,33,56775332.0,0,0,0.0,0.00088,0.00088,0.00088,,,156064.0,,156064.0
2023-10-11,33,56825544.0,0,0,0.0,0.00206,0.00206,0.00206,,,371057.0,,371057.0
2023-10-12,33,56942382.0,0,0,0.0,0.00106,0.00106,0.00106,,,193362.0,,193362.0
2023-10-13,33,57002953.0,0,0,0.0,0.00041,0.00041,0.00041,,,69921.0,,69921.0
2023-10-16,33,57026040.0,0,0,0.0,0.00024,0.00024,0.00024,,,41093.0,,41093.0
2023-10-17,33,57039876.0,0,0,0.0,0.0022,0.0022,0.0022,,,2524992.0,,2524992.0
2023-10-18,33,56914182.0,0,0,0.0,5e-05,5e-05,5e-05,,,8678.0,,8678.0
2023-10-19,33,56917070.0,0,0,0.0,0.00175,0.00175,0.00175,,,2413311.0,,2413311.0
2023-10-20,33,56817644.0,0,0,0.0,0.00407,0.00407,0.00407,,,6209581.0,,6209581.0
2023-10-23,33,56779358.0,0,0,0.0,0.00343,0.00343,0.00343,,,4385855.0,,4385855.0
2023-10-24,33,56591188.0,0,0,0.0,0.00268,0.00268,0.00268,,,2468138.0,,2468138.0
2023-10-25,33,56439670.0,0,0,0.0,3e-05,3e-05,3e-05,,,36925.0,,36925.0
2023-10-26,33,56438169.0,0,0,0.0,4e-05,4e-05,4e-05,,,49500.0,,49500.0
2023-10-27,33,56436169.0,0,0,0.0,0.00533,0.00533,0.00533,,,4729021.0,,4729021.0
2023-10-30,33,56135158.0,0,0,0.0,0.00654,0.00654,0.00654,,,15536402.0,,15536402.0
2023-10-31,33,55937715.0,0,0,0.0,0.0,0.0,0.0,,,0.0,,0.0
2023-11-01,33,55937715.0,0,0,0.0,0.00098,0.00098,0.00098,,,934817.0,,934817.0
2023-11-02,33,55882887.0,0,0,0.0,0.0049,0.0049,0.0049,,,7476396.0,,7476396.0
2023-11-03,33,55730910.0,0,0,0.0,1e-05,1e-05,1e-05,,,19901.0,,19901.0
2023-11-06,33,55730219.0,0,0,0.0,0.00269,0.00269,0.00269,,,2489126.0,,2489126.0
2023-11-07,33,55580291.0,0,0,0.0,0.00132,0.00132,0.00132,,,5299598.0,,5299598.0
2023-11-08,33,55594135.0,0,0,0.0,9e-05,9e-05,9e-05,,,182129.0,,182129.0
2023-11-09,33,55598966.0,0,0,0.0,0.0,0.0,0.0,,,0.0,,0.0
2023-11-10,33,55598966.0,0,1,0.0303,0.0,0.0,0.0,,,2728.0,,2728.0
2023-11-13,32,55598867.0,0,0,0.0,0.00524,0.00524,0.00524,,,4323143.0,,4323143.0
2023-11-14,32,55455412.0,0,0,0.0,0.00292,0.00292,0.00292,,,3334733.0,,3334733.0
2023-11-15,32,55353713.0,0,0,0.0,0.0,0.0,0.0,,,0.0,,0.0
2023-11-16,32,55353713.0,0,0,0.0,0.0,0.0,0.0,,,0.0,,0.0
2023-11-17,32,55353713.0,0,0,0.0,0.0,0.0,0.0,,,0.0,,0.0
2023-11-20,32,55353713.0,0,0,0.0,0.0,0.0,0.0,,,0.0,,0.0
2023-11-21,32,55353713.0,0,0,0.0,0.0,0.0,0.0,,,0.0,,0.0
2023-11-22,32,55353713.0,0,0,0.0,0.0,0.0,0.0,,,0.0,,0.0
2023-11-24,32,55353713.0,0,0,0.0,0.0,0.0,0.0,,,0.0,,0.0
2023-11-27,32,55353713.0,0,0,0.0,0.0,0.0,0.0,,,0.0,,0.0
2023-11-28,32,55353713.0,0,0,0.0,0.0,0.0,0.0,,,0.0,,0.0
2023-11-29,32,55353713.0,0,0,0.0,0.0,0.0,0.0,,,0.0,,0.0
2023-11-30,32,55353713.0,0,0,0.0,0.0,0.0,0.0,,,0.0,,0.0
2023-12-01,32,55353713.0,0,0,0.0,0.0,0.0,0.0,,,0.0,,0.0
2023-12-04,32,55353713.0,0,0,0.0,0.0,0.0,0.0,,,0.0,,0.0
2023-12-05,32,55353713.0,0,0,0.0,0.0,0.0,0.0,,,0.0,,0.0
2023-12-06,32,55353713.0,0,0,0.0,0.00152,0.00152,0.00152,,,2472550.0,,2472550.0
2023-12-07,32,55302407.0,0,0,0.0,0.00198,0.00198,0.00198,,,3523506.0,,3523506.0
2023-12-08,32,55250989.0,0,0,0.0,0.00288,0.00288,0.00288,,,3102854.0,,3102854.0
2023-12-11,32,55120198.0,0,0,0.0,0.0006,0.0006,0.0006,,,819071.0,,819071.0
2023-12-12,32,55086943.0,0,0,0.0,0.00371,0.00371,0.00371,,,4648387.0,,4648387.0
2023-12-13,32,55102869.0,0,0,0.0,0.00941,0.00941,0.00941,,,6145092.0,,6145092.0
2023-12-14,32,55219635.0,0,0,0.0,0.00272,0.00272,0.00272,,,2802949.0,,2802949.0
2023-12-15,32,55069564.0,0,0,0.0,0.0,0.0,0.0,,,0.0,,0.0
2023-12-18,32,55069564.0,0,0,0.0,0.0,0.0,0.0,,,0.0,,0.0
2023-12-19,32,55069564.0,0,0,0.0,0.00273,0.00273,0.00273,,,2853324.0,,2853324.0
2023-12-20,32,54919498.0,0,0,0.0,0.0,0.0,0.0,,,0.0,,0.0
2023-12-21,32,54919498.0,0,0,0.0,0.00273,0.00273,0.00273,,,2810220.0,,2810220.0
2023-12-22,32,54769431.0,0,0,0.0,0.0,0.0,0.0,,,0.0,,0.0
2023-12-26,32,54769431.0,0,0,0.0,0.0,0.0,0.0,,,0.0,,0.0
2023-12-27,32,54769431.0,0,0,0.0,0.00444,0.00444,0.00444,,,15160437.0,,15160437.0
2023-12-28,32,54529017.0,0,0,0.0,0.0011,0.0011,0.0011,,,4438194.0,,4438194.0
2023-12-29,32,54478594.0,0,0,0.0,0.00072,0.00072,0.00072,,,3171492.0,,3171492.0
2024-01-02,32,54443873.0,0,0,0.0,0.00351,0.00351,0.00351,,,8513291.0,,8513291.0
2024-01-03,32,54487545.0,0,0,0.0,0.00502,0.00502,0.00502,,,2999027.0,,2999027.0
2024-01-04,32,54724637.0,0,0,0.0,0.00224,0.00224,0.00224,,,2629337.0,,2629337.0
2024-01-05,32,54602012.0,0,0,0.0,0.00398,0.00398,0.00398,,,4602639.0,,4602639.0
2024-01-08,32,54436513.0,0,0,0.0,0.00106,0.00106,0.00106,,,4892054.0,,4892054.0
2024-01-09,32,54442398.0,1,0,0.03125,0.00416,0.00358,0.00416,,,10405293.0,,10405293.0
2024-01-10,33,54364496.0,0,0,0.0,0.00604,0.00604,0.00604,,,12809863.0,,12809863.0
2024-01-11,33,54317353.0,0,0,0.0,0.00509,0.00509,0.00509,,,6011051.0,,6011051.0
2024-01-12,33,54078691.0,0,0,0.0,0.00068,0.00068,0.00068,,,1050075.0,,1050075.0
2024-01-16,33,54078777.0,0,0,0.0,0.0,0.0,0.0,,,0.0,,0.0
2024-01-17,33,54078777.0,0,0,0.0,0.0017,0.0017,0.0017,,,258029.0,,258029.0
2024-01-18,33,54170717.0,0,0,0.0,0.00276,0.00276,0.00276,,,2647282.0,,2647282.0
2024-01-19,33,54021065.0,0,0,0.0,0.01108,0.01108,0.01108,,,10676667.0,,10676667.0
2024-01-22,33,53422415.0,0,0,0.0,0.0,0.0,0.0,,,0.0,,0.0
2024-01-23,33,53422415.0,0,0,0.0,0.0,0.0,0.0,,,0.0,,0.0
2024-01-24,33,53422415.0,0,0,0.0,2e-05,2e-05,2e-05,,,214297.0,,214297.0
2024-01-25,33,53421284.0,0,0,0.0,0.0028,0.0028,0.0028,,,2695221.0,,2695221.0
2024-01-26,33,53271635.0,0,0,0.0,0.0,0.0,0.0,,,0.0,,0.0
2024-01-29,33,53271635.0,0,0,0.0,0.0,0.0,0.0,,,0.0,,0.0
2024-01-30,33,53271635.0,0,0,0.0,0.0,0.0,0.0,,,0.0,,0.0
2024-01-31,33,53271635.0,0,0,0.0,0.0,0.0,0.0,,,0.0,,0.0
2024-02-01,33,53271635.0,0,0,0.0,0.00779,0.00779,0.00779,,,9160156.0,,9160156.0
2024-02-02,33,52898131.0,0,0,0.0,0.01781,0.01781,0.01781,,,6320380.0,,6320380.0
2024-02-05,33,53816039.0,0,0,0.0,0.00565,0.00565,0.00565,,,5282678.0,,5282678.0
2024-02-06,33,53511944.0,0,0,0.0,0.00089,0.00089,0.00089,,,5074633.0,,5074633.0
2024-02-07,33,53475166.0,0,0,0.0,3e-05,3e-05,3e-05,,,274503.0,,274503.0
2024-02-08,33,53476649.0,0,0,0.0,0.00576,0.00576,0.00576,,,5575554.0,,5575554.0
2024-02-09,33,53168815.0,0,0,0.0,0.00276,0.00276,0.00276,,,3384849.0,,3384849.0
2024-02-12,33,53022255.0,0,0,0.0,0.00174,0.00174,0.00174,,,1310581.0,,1310581.0
2024-02-13,33,53025491.0,0,0,0.0,0.0023,0.0023,0.0023,,,5042751.0,,5042751.0
2024-02-14,33,53029709.0,0,0,0.0,0.00158,0.00158,0.00158,,,237732.0,,237732.0
2024-02-15,33,53113280.0,0,0,0.0,0.01112,0.01112,0.01112,,,23256294.0,,23256294.0
2024-02-16,33,53259149.0,0,0,0.0,0.01113,0.01113,0.01113,,,13373490.0,,13373490.0
2024-02-20,33,53331918.0,0,0,0.0,0.00875,0.00875,0.00875,,,8680669.0,,8680669.0
2024-02-21,33,52951202.0,0,0,0.0,0.00385,0.00385,0.00385,,,1406155.0,,1406155.0
2024-02-22,33,53154848.0,0,0,0.0,0.00244,0.00244,0.00244,,,597565.0,,597565.0
2024-02-23,33,53284525.0,0,0,0.0,0.00185,0.00185,0.00185,,,314251.0,,314251.0
2024-02-26,33,53383277.0,0,0,0.0,0.02306,0.02306,0.02306,,,24561845.0,,24561845.0
2024-02-27,33,52570369.0,0,0,0.0,0.00082,0.00082,0.00082,,,1033631.0,,1033631.0
2024-02-28,33,52527319.0,0,0,0.0,0.00298,0.00298,0.00298,,,2197732.0,,2197732.0
2024-02-29,33,52632676.0,0,0,0.0,0.00022,0.00022,0.00022,,,548316.0,,548316.0
2024-03-01,33,52642711.0,0,0,0.0,0.00298,0.00298,0.00298,,,2717219.0,,2717219.0
2024-03-04,33,52486031.0,0,0,0.0,0.0,0.0,0.0,,,0.0,,0.0
2024-03-05,33,52486031.0,0,0,0.0,0.00299,0.00299,0.00299,,,2714243.0,,2714243.0
2024-03-06,33,52329343.0,0,0,0.0,0.00049,0.00049,0.00049,,,2733712.0,,2733712.0
2024-03-07,33,52315177.0,0,0,0.0,0.00595,0.00595,0.00595,,,5147893.0,,5147893.0
2024-03-08,33,52006050.0,0,0,0.0,0.00602,0.00602,0.00602,,,5555681.0,,5555681.0
2024-03-11,33,51692721.0,0,0,0.0,0.00303,0.00303,0.00303,,,2755270.0,,2755270.0
2024-03-12,33,51536054.0,0,0,0.0,0.0,0.0,0.0,,,0.0,,0.0
2024-03-13,33,51536054.0,0,0,0.0,7e-05,7e-05,7e-05,,,691822.0,,691822.0
2024-03-14,33,51532531.0,0,0,0.0,2e-05,2e-05,2e-05,,,205647.0,,205647.0
2024-03-15,33,51531506.0,0,0,0.0,0.00064,0.00064,0.00064,,,6222470.0,,6222470.0
2024-03-18,33,51535385.0,0,0,0.0,0.00608,0.00608,0.00608,,,5289527.0,,5289527.0
2024-03-19,33,51848729.0,0,0,0.0,0.01258,0.01258,0.01258,,,12048972.0,,12048972.0
2024-03-20,33,51221467.0,0,0,0.0,0.00023,0.00023,0.00023,,,346557.0,,346557.0
2024-03-21,33,51233045.0,0,0,0.0,0.00611,0.00611,0.00611,,,5419467.0,,5419467.0
2024-03-22,33,50920198.0,0,0,0.0,0.00011,0.00011,0.00011,,,155412.0,,155412.0
2024-03-25,33,50925835.0,0,0,0.0,0.00344,0.00344,0.00344,,,4081003.0,,4081003.0
2024-03-26,33,50776789.0,0,0,0.0,0.00465,0.00465,0.00465,,,8035154.0,,8035154.0
2024-03-27,33,50723535.0,0,0,0.0,0.00655,0.00655,0.00655,,,19509247.0,,19509247.0
2024-03-28,33,50776467.0,0,0,0.0,0.00476,0.00476,0.00476,,,4602608.0,,4602608.0
2024-04-01,33,50587890.0,0,0,0.0,0.0008,0.0008,0.0008,,,853926.0,,853926.0
2024-04-02,33,50577726.0,0,0,0.0,0.00225,0.00225,0.00225,,,5643352.0,,5643352.0
2024-04-03,33,50634901.0,0,0,0.0,0.00342,0.00342,0.00342,,,6263174.0,,6263174.0
2024-04-04,33,50640714.0,0,0,0.0,0.00028,0.00028,0.00028,,,303843.0,,303843.0
2024-04-05,33,50626608.0,0,0,0.0,0.0,0.0,0.0,,,0.0,,0.0
2024-04-08,33,50626608.0,0,0,0.0,0.0031,0.0031,0.0031,,,2651428.0,,2651428.0
2024-04-09,33,50469850.0,0,0,0.0,0.00032,0.00032,0.00032,,,1526914.0,,1526914.0
2024-04-10,33,50462705.0,0,0,0.0,0.00053,0.00053,0.00053,,,689133.0,,689133.0
2024-04-11,33,50489333.0,0,0,0.0,0.00074,0.00074,0.00074,,,1261240.0,,1261240.0
2024-04-12,33,50524744.0,0,0,0.0,0.0,0.0,0.0,,,0.0,,0.0
2024-04-15,33,50524744.0,0,0,0.0,0.0,0.0,0.0,,,0.0,,0.0
2024-04-16,33,50524744.0,0,0,0.0,0.00932,0.00932,0.00932,,,7683249.0,,7683249.0
2024-04-17,33,50053964.0,0,0,0.0,0.00011,0.00011,0.00011,,,1526887.0,,1526887.0
2024-04-18,33,50052376.0,0,0,0.0,0.00319,0.00319,0.00319,,,2943959.0,,2943959.0
2024-04-19,33,49901457.0,0,0,0.0,0.00066,0.00066,0.00066,,,2406028.0,,2406028.0
2024-04-22,33,49884708.0,0,0,0.0,0.0035,0.0035,0.0035,,,2497895.0,,2497895.0
2024-04-23,33,49709873.0,0,0,0.0,0.00105,0.00105,0.00105,,,3595727.0,,3595727.0
2024-04-24,33,49680178.0,0,0,0.0,0.00033,0.00033,0.00033,,,384729.0,,384729.0
2024-04-25,33,49668845.0,0,0,0.0,0.00322,0.00322,0.00322,,,39992.0,,39992.0
2024-04-26,33,49508876.0,1,0,0.0303,0.00354,0.00263,0.00354,,,4686549.0,,4686549.0
2024-04-29,34,49532224.0,0,0,0.0,0.01811,0.01811,0.01811,,,15164584.0,,15164584.0
2024-04-30,34,49599071.0,0,0,0.0,0.01147,0.01147,0.01147,,,8475470.0,,8475470.0
2024-05-01,34,49851269.0,0,0,0.0,0.00814,0.00814,0.00814,,,9328888.0,,9328888.0
2024-05-02,34,49872963.0,0,0,0.0,0.00084,0.00084,0.00084,,,10366.0,,10366.0
2024-05-03,34,49830876.0,0,0,0.0,0.00983,0.00983,0.00983,,,8267578.0,,8267578.0
2024-05-06,34,49341150.0,0,0,0.0,0.0001,0.0001,0.0001,,,4267.0,,4267.0
2024-05-07,34,49336323.0,0,0,0.0,3e-05,3e-05,3e-05,,,503.0,,503.0
2024-05-08,34,49334823.0,0,0,0.0,0.00272,0.00272,0.00272,,,4811229.0,,4811229.0
2024-05-09,34,49277138.0,0,0,0.0,0.00262,0.00262,0.00262,,,2893867.0,,2893867.0
2024-05-10,34,49147786.0,0,0,0.0,7e-05,7e-05,7e-05,,,221784.0,,221784.0
2024-05-13,34,49144460.0,0,0,0.0,0.00164,0.00164,0.00164,,,650826.0,,650826.0
2024-05-14,34,49215474.0,0,0,0.0,0.00019,0.00019,0.00019,,,77820.0,,77820.0
2024-05-15,34,49206069.0,0,0,0.0,0.00332,0.00332,0.00332,,,2829383.0,,2829383.0
2024-05-16,34,49042541.0,0,1,0.02941,0.00012,0.00012,0.00012,,,214738.0,,214738.0
2024-05-17,33,49036519.0,0,0,0.0,0.0,0.0,0.0,,,0.0,,0.0
2024-05-20,33,49036519.0,0,0,0.0,0.0,0.0,0.0,,,0.0,,0.0
2024-05-21,33,49036519.0,0,0,0.0,0.00752,0.00752,0.00752,,,8098956.0,,8098956.0
2024-05-22,33,48687440.0,0,0,0.0,0.0,0.0,0.0,,,0.0,,0.0
2024-05-23,33,48687440.0,0,0,0.0,0.00325,0.00325,0.00325,,,2811067.0,,2811067.0
2024-05-24,33,48529358.0,0,0,0.0,0.00326,0.00326,0.00326,,,2766185.0,,2766185.0
2024-05-28,33,48371277.0,0,0,0.0,0.00327,0.00327,0.00327,,,2805830.0,,2805830.0
2024-05-29,33,48213177.0,0,0,0.0,0.00141,0.00141,0.00141,,,855625.0,,855625.0
2024-05-30,33,48200338.0,0,0,0.0,0.00316,0.00316,0.00316,,,484893.0,,484893.0
2024-05-31,33,48351930.0,0,0,0.0,0.00251,0.00251,0.00251,,,1704707.0,,1704707.0
2024-06-03,33,48391733.0,0,0,0.0,0.00459,0.00459,0.00459,,,5236806.0,,5236806.0
2024-06-04,33,48169385.0,0,0,0.0,0.00084,0.00084,0.00084,,,89882.0,,89882.0
2024-06-05,33,48210021.0,0,0,0.0,0.00133,0.00133,0.00133,,,507437.0,,507437.0
2024-06-06,33,48232581.0,0,0,0.0,2e-05,2e-05,2e-05,,,2253.0,,2253.0
2024-06-07,33,48233069.0,0,0,0.0,0.01315,0.01315,0.01315,,,10941764.0,,10941764.0
2024-06-10,33,47598583.0,0,0,0.0,0.00314,0.00314,0.00314,,,2689221.0,,2689221.0
2024-06-11,33,47448893.0,0,0,0.0,0.0,0.0,0.0,,,0.0,,0.0
2024-06-12,33,47448893.0,0,0,0.0,0.0001,0.0001,0.0001,,,10346.0,,10346.0
2024-06-13,33,47453405.0,0,0,0.0,0.00045,0.00045,0.00045,,,49429.0,,49429.0
2024-06-14,33,47474665.0,0,0,0.0,0.00119,0.00119,0.00119,,,127752.0,,127752.0
2024-06-17,33,47531183.0,0,0,0.0,0.00247,0.00247,0.00247,,,2610432.0,,2610432.0
2024-06-18,33,47413855.0,0,0,0.0,0.00102,0.00102,0.00102,,,104939.0,,104939.0
2024-06-20,33,47462003.0,0,0,0.0,0.0031,0.0031,0.0031,,,2750074.0,,2750074.0
2024-06-21,33,47314732.0,0,0,0.0,0.00644,0.00644,0.00644,,,5406955.0,,5406955.0
2024-06-24,33,47010226.0,0,0,0.0,0.00125,0.00125,0.00125,,,157620.0,,157620.0
2024-06-25,33,47022817.0,0,0,0.0,0.00027,0.00027,0.00027,,,38722.0,,38722.0
2024-06-26,33,47010876.0,0,0,0.0,0.00153,0.00153,0.00153,,,4370202.0,,4370202.0
2024-06-27,33,47015211.0,0,0,0.0,0.00639,0.00639,0.00639,,,5409337.0,,5409337.0
2024-06-28,33,46714819.0,0,0,0.0,0.00741,0.00741,0.00741,,,5576487.0,,5576487.0
2024-07-01,33,46368653.0,0,0,0.0,0.00069,0.00069,0.00069,,,82878.0,,82878.0
2024-07-02,33,46398965.0,0,0,0.0,0.00781,0.00781,0.00781,,,7539898.0,,7539898.0
2024-07-03,33,46671921.0,0,0,0.0,0.00518,0.00518,0.00518,,,5711874.0,,5711874.0
2024-07-05,33,46560760.0,0,0,0.0,0.00354,0.00354,0.00354,,,3456018.0,,3456018.0
2024-07-08,33,46396163.0,0,0,0.0,0.00351,0.00351,0.00351,,,3224093.0,,3224093.0
2024-07-09,33,46233087.0,0,0,0.0,7e-05,7e-05,7e-05,,,524681.0,,524681.0
2024-07-10,33,46230003.0,0,0,0.0,0.00945,0.00945,0.00945,,,6175230.0,,6175230.0
2024-07-11,33,46085120.0,0,0,0.0,0.01667,0.01667,0.01667,,,3067187.0,,3067187.0
2024-07-12,33,46848505.0,0,0,0.0,0.00365,0.00365,0.00365,,,2937067.0,,2937067.0
2024-07-15,33,46677347.0,0,0,0.0,0.00027,0.00027,0.00027,,,40380.0,,40380.0
2024-07-16,33,46664649.0,1,0,0.0303,0.00692,0.00092,0.00692,,,4711055.0,,4711055.0
2024-07-17,34,46901931.0,0,0,0.0,0.01229,0.01229,0.01229,,,10011840.0,,10011840.0
2024-07-18,34,46750466.0,0,0,0.0,0.0,0.0,0.0,,,0.0,,0.0
2024-07-19,34,46750466.0,0,0,0.0,0.0,0.0,0.0,,,0.0,,0.0
2024-07-22,34,46750466.0,0,0,0.0,0.00388,0.00388,0.00388,,,4609676.0,,4609676.0
2024-07-23,34,46596547.0,0,0,0.0,0.00018,0.00018,0.00018,,,75684.0,,75684.0
2024-07-24,34,46604947.0,0,0,0.0,0.00017,0.00017,0.00017,,,73920.0,,73920.0
2024-07-25,34,46612947.0,0,0,0.0,0.00321,0.00321,0.00321,,,1288097.0,,1288097.0
2024-07-26,34,46759340.0,0,0,0.0,0.00326,0.00326,0.00326,,,3948749.0,,3948749.0
2024-07-29,34,46638743.0,0,0,0.0,0.00015,0.00015,0.00015,,,20584.0,,20584.0
2024-07-30,34,46631927.0,0,0,0.0,0.0,0.0,0.0,,,0.0,,0.0
2024-07-31,34,46631927.0,0,0,0.0,0.00687,0.00687,0.00687,,,4715847.0,,4715847.0
2024-08-01,34,46844370.0,0,0,0.0,0.00356,0.00356,0.00356,,,2822694.0,,2822694.0
2024-08-02,34,46677650.0,1,0,0.02941,0.03217,0.00828,0.03217,,,12718356.0,,12718356.0
2024-08-05,35,47406271.0,0,0,0.0,0.0,0.0,0.0,,,0.0,,0.0
2024-08-06,35,47406271.0,1,0,0.02857,0.00555,0.0052,0.00555,,,8408493.0,,8408493.0
2024-08-07,36,47335454.0,0,0,0.0,0.01013,0.01013,0.01013,,,9409649.0,,9409649.0
2024-08-08,36,46888972.0,0,0,0.0,0.00845,0.00845,0.00845,,,5781230.0,,5781230.0
2024-08-09,36,46493033.0,0,0,0.0,0.00466,0.00466,0.00466,,,2819128.0,,2819128.0
2024-08-12,36,46276196.0,0,0,0.0,0.00109,0.00109,0.00109,,,194774.0,,194774.0
2024-08-13,36,46227015.0,0,0,0.0,0.0267,0.0267,0.0267,,,12834204.0,,12834204.0
2024-08-14,36,46237277.0,0,0,0.0,0.02797,0.02797,0.02797,,,13073270.0,,13073270.0
2024-08-15,36,46023744.0,0,0,0.0,0.00726,0.00726,0.00726,,,3183641.0,,3183641.0
2024-08-16,36,45798639.0,0,0,0.0,0.00381,0.00381,0.00381,,,270164.0,,270164.0
2024-08-19,36,45624139.0,0,0,0.0,0.00172,0.00172,0.00172,,,99405.0,,99405.0
2024-08-20,36,45545817.0,0,0,0.0,0.00888,0.00888,0.00888,,,3179619.0,,3179619.0
2024-08-21,36,45141585.0,0,0,0.0,0.00456,0.00456,0.00456,,,191533.0,,191533.0
2024-08-22,36,44935857.0,0,0,0.0,0.00032,0.00032,0.00032,,,32868.0,,32868.0
2024-08-23,36,44921459.0,0,0,0.0,0.00889,0.00889,0.00889,,,5574160.0,,5574160.0
2024-08-26,36,44522200.0,0,0,0.0,0.00067,0.00067,0.00067,,,39996.0,,39996.0
2024-08-27,36,44492390.0,0,0,0.0,0.00128,0.00128,0.00128,,,311571.0,,311571.0
2024-08-28,36,44435314.0,0,0,0.0,0.00412,0.00412,0.00412,,,2799291.0,,2799291.0
2024-08-29,36,44252377.0,0,1,0.02778,8e-05,8e-05,8e-05,,,4652.0,,4652.0
2024-08-30,35,44248704.0,0,1,0.02857,0.00075,0.00075,0.00075,,,32904.0,,32904.0
2024-09-03,34,44215478.0,0,0,0.0,0.00387,0.00387,0.00387,,,2808519.0,,2808519.0
2024-09-04,34,44044523.0,0,0,0.0,0.00185,0.00185,0.00185,,,73991.0,,73991.0
2024-09-05,34,43962963.0,0,0,0.0,0.00274,0.00274,0.00274,,,419838.0,,419838.0
2024-09-06,34,43968050.0,0,0,0.0,0.00482,0.00482,0.00482,,,213500.0,,213500.0
2024-09-09,34,43756153.0,0,0,0.0,0.00336,0.00336,0.00336,,,143370.0,,143370.0
2024-09-10,34,43609167.0,0,0,0.0,0.00131,0.00131,0.00131,,,7084173.0,,7084173.0
2024-09-11,34,43592225.0,0,0,0.0,0.00548,0.00548,0.00548,,,2781741.0,,2781741.0
2024-09-12,34,43353552.0,0,0,0.0,7e-05,7e-05,7e-05,,,2812.0,,2812.0
2024-09-13,34,43350614.0,0,0,0.0,0.00061,0.00061,0.00061,,,27419.0,,27419.0
2024-09-16,34,43324250.0,0,0,0.0,0.00795,0.00795,0.00795,,,5680411.0,,5680411.0
2024-09-17,34,42979925.0,0,0,0.0,0.00148,0.00148,0.00148,,,169745.0,,169745.0
2024-09-18,34,42916507.0,0,0,0.0,0.00968,0.00968,0.00968,,,1408305.0,,1408305.0
2024-09-19,34,43260808.0,0,0,0.0,0.00124,0.00124,0.00124,,,340236.0,,340236.0
2024-09-20,34,43281313.0,0,0,0.0,0.18405,0.18405,0.18405,,,36495643.0,,36495643.0
2024-09-23,34,35427741.0,0,0,0.0,0.00094,0.00094,0.00094,,,382092.0,,382092.0
2024-09-24,34,35460049.0,0,0,0.0,0.0109,0.0109,0.0109,,,4590684.0,,4590684.0
2024-09-25,34,35581707.0,0,0,0.0,0.00113,0.00113,0.00113,,,574193.0,,574193.0
2024-09-26,34,35545607.0,0,0,0.0,0.00801,0.00801,0.00801,,,5992946.0,,5992946.0
2024-09-27,34,35261014.0,0,0,0.0,0.00028,0.00028,0.00028,,,425289.0,,425289.0
2024-09-30,34,35255344.0,0,0,0.0,0.00052,0.00052,0.00052,,,97660.0,,97660.0
2024-10-01,34,35236899.0,0,0,0.0,0.00327,0.00327,0.00327,,,494650.0,,494650.0
2024-10-02,34,35236386.0,0,0,0.0,0.00387,0.00387,0.00387,,,570400.0,,570400.0
2024-10-03,34,35365097.0,0,0,0.0,0.00044,0.00044,0.00044,,,133211.0,,133211.0
2024-10-04,34,35372095.0,0,0,0.0,0.0042,0.0042,0.0042,,,3194734.0,,3194734.0
2024-10-07,34,35294887.0,0,0,0.0,0.00176,0.00176,0.00176,,,341289.0,,341289.0
2024-10-08,34,35302282.0,0,0,0.0,0.00381,0.00381,0.00381,,,648659.0,,648659.0
2024-10-09,34,35276313.0,0,1,0.02941,0.01043,0.01043,0.01043,,,1910253.0,,1910253.0
2024-10-10,33,35316422.0,0,0,0.0,0.00445,0.00445,0.00445,,,980841.0,,980841.0
2024-10-11,33,35257064.0,0,0,0.0,0.0035,0.0035,0.0035,,,3446590.0,,3446590.0
2024-10-14,33,35148069.0,0,0,0.0,0.00101,0.00101,0.00101,,,194654.0,,194654.0
2024-10-15,33,35113127.0,0,0,0.0,0.0042,0.0042,0.0042,,,3136347.0,,3136347.0
2024-10-16,33,34965724.0,0,0,0.0,0.00053,0.00053,0.00053,,,80059.0,,80059.0
2024-10-17,33,34967676.0,0,0,0.0,0.0042,0.0042,0.0042,,,3152168.0,,3152168.0
2024-10-18,33,34820837.0,0,0,0.0,0.00069,0.00069,0.00069,,,92868.0,,92868.0
2024-10-21,33,34828263.0,0,0,0.0,2e-05,2e-05,2e-05,,,3544.0,,3544.0
2024-10-22,33,34827700.0,1,0,0.0303,0.01554,0.01464,0.01554,,,16706023.0,,16706023.0
2024-10-23,34,34597171.0,0,0,0.0,7e-05,7e-05,7e-05,,,15037.0,,15037.0
2024-10-24,34,34594775.0,0,0,0.0,0.0,0.0,0.0,,,0.0,,0.0
2024-10-25,34,34594775.0,0,0,0.0,0.01217,0.01217,0.01217,,,7546773.0,,7546773.0
2024-10-28,34,34228809.0,0,0,0.0,0.00735,0.00735,0.00735,,,1412705.0,,1412705.0
2024-10-29,34,34286188.0,0,0,0.0,0.01214,0.01214,0.01214,,,11340216.0,,11340216.0
2024-10-30,34,33934043.0,0,0,0.0,0.0,0.0,0.0,,,0.0,,0.0
2024-10-31,34,33934043.0,0,0,0.0,0.00547,0.00547,0.00547,,,6162925.0,,6162925.0
2024-11-01,34,33768650.0,0,0,0.0,0.0,0.0,0.0,,,6.0,,6.0
2024-11-04,34,33768651.0,0,0,0.0,7e-05,7e-05,7e-05,,,13659.0,,13659.0
2024-11-05,34,33766448.0,0,0,0.0,0.00573,0.00573,0.00573,,,4146953.0,,4146953.0
2024-11-06,34,33616287.0,0,0,0.0,5e-05,5e-05,5e-05,,,9809.0,,9809.0
2024-11-07,34,33614663.0,0,0,0.0,0.0002,0.0002,0.0002,,,43133.0,,43133.0
2024-11-08,34,33607986.0,0,0,0.0,0.00402,0.00402,0.00402,,,3347697.0,,3347697.0
2024-11-11,34,33472737.0,0,0,0.0,0.00408,0.00408,0.00408,,,3427351.0,,3427351.0
2024-11-12,34,33336024.0,0,0,0.0,0.00406,0.00406,0.00406,,,3538540.0,,3538540.0
2024-11-13,34,33200714.0,0,0,0.0,0.00726,0.00726,0.00726,,,1767625.0,,1767625.0
2024-11-14,34,33088321.0,0,0,0.0,0.01951,0.01951,0.01951,,,7261354.0,,7261354.0
2024-11-15,34,33095608.0,0,0,0.0,0.02046,0.02046,0.02046,,,12254838.0,,12254838.0
2024-11-18,34,33515837.0,0,0,0.0,0.00064,0.00064,0.00064,,,122192.0,,122192.0
2024-11-19,34,33537162.0,0,0,0.0,0.00256,0.00256,0.00256,,,868480.0,,868480.0
2024-11-20,34,33533302.0,0,0,0.0,0.00356,0.00356,0.00356,,,1424467.0,,1424467.0
2024-11-21,34,33444468.0,0,1,0.02941,0.0009,0.0009,0.0009,,,128024.0,,128024.0
2024-11-22,33,33464972.0,0,0,0.0,6e-05,6e-05,6e-05,,,21139.0,,21139.0
2024-11-25,33,33463072.0,0,0,0.0,0.0,0.0,0.0,,,0.0,,0.0
2024-11-26,33,33463072.0,0,0,0.0,0.00528,0.00528,0.00528,,,11458310.0,,11458310.0
2024-11-27,33,33391229.0,0,0,0.0,0.00179,0.00179,0.00179,,,11091584.0,,11091584.0
2024-11-29,33,33412058.0,0,0,0.0,0.0,0.0,0.0,,,1086.0,,1086.0
2024-12-02,33,33411978.0,0,0,0.0,0.0,0.0,0.0,,,0.0,,0.0
2024-12-03,33,33411978.0,0,0,0.0,1e-05,1e-05,1e-05,,,4019.0,,4019.0
2024-12-04,33,33411658.0,0,0,0.0,1e-05,1e-05,1e-05,,,5416.0,,5416.0
2024-12-05,33,33411200.0,0,0,0.0,0.0,0.0,0.0,,,0.0,,0.0
2024-12-06,33,33411200.0,0,0,0.0,0.0,0.0,0.0,,,0.0,,0.0
2024-12-09,33,33411200.0,0,0,0.0,0.0,0.0,0.0,,,0.0,,0.0
2024-12-10,33,33411200.0,0,0,0.0,1e-05,1e-05,1e-05,,,4599.0,,4599.0
2024-12-11,33,33410836.0,0,0,0.0,0.0,0.0,0.0,,,622.0,,622.0
2024-12-12,33,33410786.0,1,0,0.0303,0.0108,0.00616,0.0108,,,6623107.0,,6623107.0
2024-12-13,34,33359762.0,0,0,0.0,0.00956,0.00956,0.00956,,,4853483.0,,4853483.0
2024-12-16,34,33674962.0,0,0,0.0,5e-05,5e-05,5e-05,,,694914.0,,694914.0
2024-12-17,34,33673369.0,0,0,0.0,0.0,0.0,0.0,,,686.0,,686.0
2024-12-18,34,33673319.0,0,0,0.0,0.0,0.0,0.0,,,0.0,,0.0
2024-12-19,34,33673319.0,0,0,0.0,0.0,0.0,0.0,,,0.0,,0.0
2024-12-20,34,33673319.0,0,0,0.0,0.0,0.0,0.0,,,0.0,,0.0
2024-12-23,34,33673319.0,0,0,0.0,0.0,0.0,0.0,,,0.0,,0.0
2024-12-24,34,33673319.0,0,0,0.0,0.0,0.0,0.0,,,0.0,,0.0
2024-12-26,34,33673319.0,0,0,0.0,0.0,0.0,0.0,,,0.0,,0.0
2024-12-27,34,33673319.0,0,0,0.0,0.0,0.0,0.0,,,0.0,,0.0
2024-12-30,34,33673319.0,0,0,0.0,0.00176,0.00176,0.00176,,,1816772.0,,1816772.0
2024-12-31,34,33630287.0,0,0,0.0,0.00013,0.00013,0.00013,,,62267.0,,62267.0
2025-01-02,34,33626049.0,0,0,0.0,0.0107,0.0107,0.0107,,,23183102.0,,23183102.0
2025-01-03,34,33932147.0,0,0,0.0,0.0,0.0,0.0,,,0.0,,0.0
2025-01-06,34,33932147.0,0,0,0.0,0.0,0.0,0.0,,,0.0,,0.0
2025-01-07,34,33932147.0,0,0,0.0,0.0,0.0,0.0,,,0.0,,0.0
2025-01-08,34,33932147.0,0,0,0.0,0.0,0.0,0.0,,,0.0,,0.0
2025-01-10,34,33932147.0,0,0,0.0,0.0,0.0,0.0,,,0.0,,0.0
2025-01-13,34,33932147.0,0,0,0.0,0.0,0.0,0.0,,,0.0,,0.0
2025-01-14,34,33932147.0,0,0,0.0,0.0,0.0,0.0,,,0.0,,0.0
2025-01-15,34,33932147.0,0,0,0.0,0.0,0.0,0.0,,,0.0,,0.0
2025-01-16,34,33932147.0,0,0,0.0,0.00219,0.00219,0.00219,,,989852.0,,989852.0
2025-01-17,34,34006609.0,0,0,0.0,0.0,0.0,0.0,,,0.0,,0.0
2025-01-21,34,34006609.0,0,0,0.0,0.0,0.0,0.0,,,0.0,,0.0
2025-01-22,34,34006609.0,0,0,0.0,0.00213,0.00213,0.00213,,,4383811.0,,4383811.0
2025-01-23,34,33974373.0,0,0,0.0,2e-05,2e-05,2e-05,,,234487.0,,234487.0
2025-01-24,34,33974373.0,0,0,0.0,1e-05,1e-05,1e-05,,,149860.0,,149860.0
2025-01-27,34,33973874.0,0,0,0.0,7e-05,7e-05,7e-05,,,393801.0,,393801.0
2025-01-28,34,33974345.0,0,0,0.0,0.00259,0.00259,0.00259,,,3550785.0,,3550785.0
2025-01-29,34,33953149.0,0,0,0.0,0.00487,0.00487,0.00487,,,5706909.0,,5706909.0
2025-01-30,34,33791928.0,0,0,0.0,0.00396,0.00396,0.00396,,,3997304.0,,3997304.0
2025-01-31,34,33925894.0,0,0,0.0,0.00935,0.00935,0.00935,,,11020593.0,,11020593.0
2025-02-03,34,33740661.0,0,0,0.0,0.0,0.0,0.0,,,0.0,,0.0
2025-02-04,34,33740661.0,1,0,0.02941,0.00549,0.00452,0.00549,,,18196192.0,,18196192.0
2025-02-05,35,33893953.0,0,0,0.0,7e-05,7e-05,7e-05,,,526989.0,,526989.0
2025-02-06,35,33895877.0,0,1,0.02857,0.0,0.0,0.0,,,45368.0,,45368.0
2025-02-07,34,33895777.0,0,0,0.0,0.01467,0.01467,0.01467,,,16034043.0,,16034043.0
2025-02-10,34,34228362.0,0,0,0.0,0.00176,0.00176,0.00176,,,2226680.0,,2226680.0
2025-02-11,34,34181329.0,0,0,0.0,0.0,0.0,0.0,,,0.0,,0.0
2025-02-12,34,34181329.0,0,0,0.0,0.00976,0.00976,0.00976,,,12278220.0,,12278220.0
2025-02-13,34,33949747.0,0,0,0.0,0.00311,0.00311,0.00311,,,6035728.0,,6035728.0
2025-02-14,34,33946880.0,0,0,0.0,0.0,0.0,0.0,,,0.0,,0.0
2025-02-18,34,33946880.0,0,0,0.0,0.0,0.0,0.0,,,0.0,,0.0
2025-02-19,34,33946880.0,0,0,0.0,0.0,0.0,0.0,,,0.0,,0.0
2025-02-20,34,33946880.0,0,0,0.0,0.00482,0.00482,0.00482,,,3354565.0,,3354565.0
2025-02-21,34,33955351.0,0,0,0.0,0.00773,0.00773,0.00773,,,7992020.0,,7992020.0
2025-02-24,34,34217815.0,0,0,0.0,0.0,0.0,0.0,,,0.0,,0.0
2025-02-25,34,34217815.0,0,0,0.0,0.0,0.0,0.0,,,0.0,,0.0
2025-02-26,34,34217815.0,0,0,0.0,0.00791,0.00791,0.00791,,,7279812.0,,7279812.0
2025-02-27,34,33947307.0,0,0,0.0,0.0,0.0,0.0,,,0.0,,0.0
2025-02-28,34,33947307.0,0,0,0.0,0.0,0.0,0.0,,,0.0,,0.0
2025-03-03,34,33947307.0,0,0,0.0,0.00161,0.00161,0.00161,,,621342.0,,621342.0
2025-03-04,34,34002006.0,0,0,0.0,0.00837,0.00837,0.00837,,,10566916.0,,10566916.0
2025-03-05,34,33734427.0,0,0,0.0,0.00124,0.00124,0.00124,,,491395.0,,491395.0
2025-03-06,34,33692748.0,0,0,0.0,0.0016,0.0016,0.0016,,,1343542.0,,1343542.0
2025-03-07,34,33650904.0,0,0,0.0,0.0,0.0,0.0,,,0.0,,0.0
2025-03-10,34,33650904.0,0,0,0.0,0.00033,0.00033,0.00033,,,135447.0,,135447.0
2025-03-11,34,33639901.0,0,0,0.0,0.00859,0.00859,0.00859,,,8267366.0,,8267366.0
2025-03-12,34,33407894.0,0,0,0.0,0.00794,0.00794,0.00794,,,8113615.0,,8113615.0
2025-03-13,34,33198442.0,0,0,0.0,0.00092,0.00092,0.00092,,,833481.0,,833481.0
2025-03-14,34,33177649.0,0,0,0.0,0.0,0.0,0.0,,,0.0,,0.0
2025-03-17,34,33177649.0,0,0,0.0,0.00403,0.00403,0.00403,,,3421262.0,,3421262.0
2025-03-18,34,33043852.0,0,0,0.0,0.00039,0.00039,0.00039,,,930916.0,,930916.0
2025-03-19,34,33053061.0,0,0,0.0,0.00041,0.00041,0.00041,,,1381990.0,,1381990.0
2025-03-20,34,33059662.0,0,0,0.0,0.00045,0.00045,0.00045,,,410550.0,,410550.0
2025-03-21,34,33074537.0,0,0,0.0,0.00028,0.00028,0.00028,,,254094.0,,254094.0
2025-03-24,34,33083760.0,0,0,0.0,0.00012,0.00012,0.00012,,,114056.0,,114056.0
2025-03-25,34,33087885.0,1,0,0.02941,0.01078,0.00943,0.01078,,,11968704.0,,11968704.0
2025-03-26,35,33096687.0,0,0,0.0,0.00474,0.00474,0.00474,,,1727052.0,,1727052.0
2025-03-27,35,33173430.0,0,0,0.0,2e-05,2e-05,2e-05,,,84168.0,,84168.0
2025-03-28,35,33174098.0,0,0,0.0,0.0,0.0,0.0,,,0.0,,0.0
2025-03-31,35,33174098.0,0,0,0.0,0.0,0.0,0.0,,,0.0,,0.0
2025-04-01,35,33174098.0,0,0,0.0,0.0,0.0,0.0,,,0.0,,0.0
2025-04-02,35,33174098.0,0,0,0.0,0.0,0.0,0.0,,,0.0,,0.0
2025-04-03,35,33174098.0,0,0,0.0,0.0,0.0,0.0,,,0.0,,0.0
2025-04-04,35,33174098.0,0,0,0.0,0.0,0.0,0.0,,,0.0,,0.0
2025-04-07,35,33174098.0,0,0,0.0,0.0047,0.0047,0.0047,,,2919421.0,,2919421.0
2025-04-08,35,33034931.0,0,0,0.0,0.01527,0.01527,0.01527,,,9129493.0,,9129493.0
2025-04-09,35,32627838.0,0,0,0.0,0.0089,0.0089,0.0089,,,5294505.0,,5294505.0
2025-04-10,35,32372432.0,0,1,0.02857,0.00405,0.00405,0.00405,,,3380864.0,,3380864.0
2025-04-11,34,32241263.0,0,0,0.0,0.0,0.0,0.0,,,0.0,,0.0
2025-04-14,34,32241263.0,0,0,0.0,0.0,0.0,0.0,,,0.0,,0.0
2025-04-15,34,32241263.0,0,0,0.0,0.0,0.0,0.0,,,0.0,,0.0
2025-04-16,34,32241263.0,0,0,0.0,0.0,0.0,0.0,,,0.0,,0.0
2025-04-17,34,32241263.0,0,0,0.0,0.00407,0.00407,0.00407,,,3227473.0,,3227473.0
2025-04-21,34,32110191.0,0,0,0.0,0.0,0.0,0.0,,,0.0,,0.0
2025-04-22,34,32110191.0,0,0,0.0,0.00408,0.00408,0.00408,,,3127486.0,,3127486.0
2025-04-23,34,31979119.0,0,0,0.0,0.00735,0.00735,0.00735,,,11113734.0,,11113734.0
2025-04-24,34,31898717.0,0,0,0.0,0.00407,0.00407,0.00407,,,5731233.0,,5731233.0
2025-04-25,34,31858562.0,0,0,0.0,0.0,0.0,0.0,,,0.0,,0.0
2025-04-28,34,31858562.0,0,0,0.0,0.00028,0.00028,0.00028,,,262445.0,,262445.0
2025-04-29,34,31867627.0,0,0,0.0,0.00085,0.00085,0.00085,,,787147.0,,787147.0
2025-04-30,34,31894711.0,0,0,0.0,0.0,0.0,0.0,,,2198.0,,2198.0
2025-05-01,34,31894811.0,0,0,0.0,0.00264,0.00264,0.00264,,,4730108.0,,4730108.0
2025-05-02,34,31828428.0,0,0,0.0,0.00699,0.00699,0.00699,,,2584079.0,,2584079.0
2025-05-05,34,31975579.0,0,0,0.0,0.0,0.0,0.0,,,0.0,,0.0
2025-05-06,34,31975579.0,0,0,0.0,0.00077,0.00077,0.00077,,,882756.0,,882756.0
2025-05-07,34,31950976.0,0,0,0.0,0.0,0.0,0.0,,,0.0,,0.0
2025-05-08,34,31950976.0,0,0,0.0,0.00152,0.00152,0.00152,,,5308546.0,,5308546.0
2025-05-09,34,31951724.0,0,0,0.0,0.0,0.0,0.0,,,0.0,,0.0
2025-05-12,34,31951724.0,0,0,0.0,0.0,0.0,0.0,,,0.0,,0.0
2025-05-13,34,31951724.0,0,0,0.0,0.00941,0.00941,0.00941,,,9217291.0,,9217291.0
2025-05-14,34,31967806.0,0,0,0.0,0.0,0.0,0.0,,,0.0,,0.0
2025-05-15,34,31967806.0,0,0,0.0,0.0,0.0,0.0,,,0.0,,0.0
2025-05-16,34,31967806.0,0,0,0.0,0.02123,0.02123,0.02123,,,4874007.0,,4874007.0
2025-05-19,34,31529056.0,0,0,0.0,0.0,0.0,0.0,,,0.0,,0.0
2025-05-20,34,31529056.0,0,0,0.0,0.0,0.0,0.0,,,0.0,,0.0
2025-05-21,34,31529056.0,0,0,0.0,0.0,0.0,0.0,,,0.0,,0.0
2025-05-22,34,31529056.0,0,0,0.0,0.0,0.0,0.00036,0.00018,1.0,973446.0,486723.0,0.0
2025-05-23,34,31529056.0,0,0,0.0,0.00018,0.00018,0.01877,0.00929,1.0,20974817.0,10248061.0,478695.0
2025-05-27,34,31534750.0,0,0,0.0,0.00929,0.00929,0.08067,0.03741,1.0,17015892.0,4381457.0,11502492.0
2025-05-28,34,31567078.0,0,0,0.0,0.03885,0.03885,0.04629,0.02489,1.0,10423967.0,3863107.0,7080836.0
2025-05-29,34,30408484.0,0,0,0.0,0.02722,0.02722,0.02738,0.00659,1.0,6542911.0,701977.0,6418414.0
2025-05-30,34,29789626.0,0,0,0.0,0.00672,0.00672,0.00672,0.00124,1.0,706256.0,58989.0,706256.0
2025-06-02,34,29599503.0,0,0,0.0,0.00125,0.00125,0.00125,0.00051,1.0,57145.0,23560.0,57145.0
2025-06-03,34,29562635.0,0,0,0.0,0.00051,0.00051,0.00051,0.00021,1.0,23256.0,9639.0,23256.0
2025-06-04,34,29547435.0,0,0,0.0,0.00021,0.00021,0.00021,8e-05,1.0,11025.0,4375.0,11025.0
2025-06-05,34,29541135.0,0,0,0.0,8e-05,8e-05,8e-05,0.0,,4225.0,0.0,4225.0
2025-06-06,34,29538635.0,0,0,0.0,0.0,0.0,8e-05,4e-05,1.0,4008.0,2004.0,0.0
2025-06-09,34,29538635.0,0,0,0.0,4e-05,4e-05,0.01106,0.00553,1.0,8101165.0,4050582.0,2076.0
2025-06-10,34,29537435.0,0,0,0.0,0.00553,0.00553,0.00553,1e-05,1.0,4044570.0,368.0,4044570.0
2025-06-11,34,29390541.0,0,0,0.0,0.00411,0.00411,0.00899,0.00244,1.0,11222062.0,3528550.0,4165153.0
2025-06-12,34,29510800.0,0,0,0.0,0.00243,0.00243,0.00243,0.0,,3626273.0,0.0,3626273.0
2025-06-13,34,29438956.0,0,0,0.0,0.0,0.0,0.03392,0.01696,1.0,16145481.0,8072740.0,0.0
2025-06-16,34,29438956.0,0,0,0.0,0.01872,0.01872,0.04695,0.01417,1.0,41757141.0,15627484.0,10566592.0
2025-06-17,34,29745805.0,1,0,0.02941,0.01403,0.01282,0.01403,0.00021,1.0,15755983.0,117657.0,15755793.0
2025-06-18,35,29400591.0,0,1,0.02857,0.00022,0.00022,0.00022,9e-05,1.0,116446.0,50934.0,116446.0
2025-06-20,34,29394196.0,0,0,0.0,0.00419,0.00419,0.00419,0.0,,4213400.0,0.0,4213400.0
2025-06-23,34,29511970.0,0,0,0.0,0.0,0.0,8e-05,4e-05,1.0,42497.0,21248.0,0.0
2025-06-24,34,29511970.0,0,0,0.0,4e-05,4e-05,4e-05,2e-05,1.0,21347.0,11112.0,21347.0
2025-06-25,34,29510852.0,0,0,0.0,2e-05,2e-05,2e-05,1e-05,1.0,11271.0,3132.0,11271.0
2025-06-26,34,29510252.0,0,1,0.02941,1e-05,0.0,0.00676,0.00338,1.0,10707009.0,5352564.0,3128.0
2025-06-27,33,29510102.0,0,1,0.0303,0.01137,0.01137,0.01139,5e-05,1.0,13797876.0,627735.0,13503436.0
2025-06-30,32,29807628.0,0,0,0.0,5e-05,5e-05,5e-05,3e-05,1.0,631487.0,436482.0,631487.0
2025-07-01,32,29806174.0,0,0,0.0,3e-05,3e-05,3e-05,0.0,,451748.0,0.0,451748.0
2025-07-02,32,29805169.0,0,0,0.0,0.0,0.0,0.01509,0.00755,1.0,25975208.0,12987604.0,0.0
2025-07-03,32,29805169.0,0,0,0.0,0.00755,0.00755,0.00755,0.0,,12811542.0,0.0,12811542.0
2025-07-07,32,29631690.0,0,0,0.0,0.0,0.0,0.0,0.0,,0.0,0.0,0.0
2025-07-08,32,29631690.0,0,0,0.0,0.0,0.0,0.0,0.0,,0.0,0.0,0.0
2025-07-09,32,29631690.0,0,0,0.0,0.0,0.0,0.0,0.0,,0.0,0.0,0.0
2025-07-10,32,29631690.0,0,0,0.0,0.0,0.0,0.0,0.0,,0.0,0.0,0.0
2025-07-11,32,29631690.0,0,0,0.0,0.00405,0.00405,0.03508,0.01586,1.0,13079425.0,4332258.0,4525425.0
2025-07-14,32,29751668.0,0,0,0.0,0.0158,0.0158,0.0158,0.0,,4508299.0,0.0,4508299.0
2025-07-15,32,30133496.0,0,0,0.0,0.0,0.0,0.0,0.0,,0.0,0.0,0.0
2025-07-16,32,30133496.0,0,0,0.0,0.00403,0.00403,0.00403,0.0,,4677596.0,0.0,4677596.0
2025-07-17,32,30255013.0,0,0,0.0,0.00402,0.00402,0.00402,0.0,,4817583.0,0.0,4817583.0
2025-07-18,32,30376531.0,0,0,0.0,0.008,0.008,0.008,0.0,,9952012.0,0.0,9952012.0
2025-07-21,32,30619563.0,0,0,0.0,0.00397,0.00397,0.00397,0.0,,4987514.0,0.0,4987514.0
2025-07-22,32,30741091.0,0,0,0.0,0.0,0.0,0.0,0.0,,0.0,0.0,0.0
2025-07-23,32,30741091.0,0,0,0.0,0.0,0.0,0.0,0.0,,0.0,0.0,0.0
2025-07-24,32,30741091.0,0,0,0.0,0.0,0.0,0.01272,0.00636,1.0,35828076.0,17914038.0,0.0
2025-07-25,32,30741091.0,0,0,0.0,0.01292,0.01292,0.01292,0.00142,1.0,23279986.0,2234909.0,23279986.0
2025-07-28,32,30965632.0,0,0,0.0,0.00141,0.00141,0.03006,0.01542,1.0,41112327.0,21441971.0,2276727.0
2025-07-29,32,30941595.0,0,0,0.0,0.01819,0.01819,0.01819,0.00267,1.0,24727147.0,1378342.0,24727147.0
2025-07-30,32,30833624.0,0,0,0.0,0.00268,0.00268,0.00465,0.00187,1.0,2315184.0,957475.0,1326751.0
2025-07-31,32,30861498.0,0,0,0.0,0.00777,0.00777,0.00777,0.0,,9745946.0,0.0,9745946.0
2025-08-01,32,31044872.0,0,0,0.0,0.0,0.0,0.0,0.0,,0.0,0.0,0.0
2025-08-04,32,31044872.0,0,0,0.0,0.0,0.0,0.15821,0.07911,1.0,51544620.0,25772310.0,0.0
2025-08-05,32,31044872.0,0,0,0.0,0.07911,0.07911,0.08482,0.01744,1.0,30495325.0,4331907.0,28209102.0
2025-08-06,32,29315649.0,0,0,0.0,0.01847,0.01847,0.02625,0.01024,1.0,23416767.0,10680249.0,4347949.0
2025-08-07,32,29540769.0,0,0,0.0,0.01016,0.01016,0.01266,0.00234,1.0,14986379.0,4223006.0,10347126.0
2025-08-08,32,29660659.0,0,0,0.0,0.00896,0.00896,0.00896,0.0,,11745486.0,0.0,11745486.0
2025-08-11,32,29895170.0,0,0,0.0,0.00769,0.00769,0.00769,0.0,,9917064.0,0.0,9917064.0
2025-08-12,32,29665180.0,0,0,0.0,0.00388,0.00388,0.08113,0.03988,1.0,58494024.0,27327425.0,4952527.0
2025-08-13,32,29780166.0,1,0,0.03125,0.04634,0.01615,0.04634,0.0,,35978071.0,0.0,35978071.0
2025-08-14,33,30790160.0,0,0,0.0,0.00766,0.00766,0.00766,0.0,,10193653.0,0.0,10193653.0
2025-08-15,33,31026122.0,0,0,0.0,0.01141,0.01141,0.01141,0.0,,15105395.0,0.0,15105395.0
2025-08-18,33,31380059.0,0,0,0.0,0.0,0.0,0.02649,0.01325,1.0,31398027.0,15699013.0,0.0
2025-08-19,33,31380059.0,0,0,0.0,0.01653,0.01653,0.01653,0.00013,1.0,19702621.0,2003810.0,19702621.0
2025-08-20,33,31680995.0,0,0,0.0,0.00013,0.00013,0.00013,0.0,,1996915.0,0.0,1996915.0
2025-08-21,33,31685075.0,0,0,0.0,0.0,0.0,0.0,0.0,,0.0,0.0,0.0
2025-08-22,33,31685075.0,0,0,0.0,0.0,0.0,0.0,0.0,,0.0,0.0,0.0
2025-08-25,33,31685075.0,0,0,0.0,0.0,0.0,0.0,0.0,,0.0,0.0,0.0
2025-08-26,33,31685075.0,0,0,0.0,0.0,0.0,0.0,0.0,,0.0,0.0,0.0
2025-08-27,33,31685075.0,0,0,0.0,0.0,0.0,0.0,0.0,,0.0,0.0,0.0
2025-08-28,33,31685075.0,0,0,0.0,0.0,0.0,0.0,0.0,,0.0,0.0,0.0
2025-08-29,33,31685075.0,0,0,0.0,0.0,0.0,0.0,0.0,,0.0,0.0,0.0
2025-09-02,33,31685075.0,0,0,0.0,0.0,0.0,0.0,0.0,,0.0,0.0,0.0
2025-09-03,33,31685075.0,0,0,0.0,0.0,0.0,0.0,0.0,,0.0,0.0,0.0
2025-09-04,33,31685075.0,0,0,0.0,0.0,0.0,0.0,0.0,,0.0,0.0,0.0
2025-09-05,33,31685075.0,0,0,0.0,0.0,0.0,0.0,0.0,,0.0,0.0,0.0
2025-09-08,33,31685075.0,0,0,0.0,0.0,0.0,0.0,0.0,,0.0,0.0,0.0
2025-09-09,33,31685075.0,0,0,0.0,0.0,0.0,0.0,0.0,,0.0,0.0,0.0
2025-09-10,33,31685075.0,0,0,0.0,0.0,0.0,0.00587,0.00294,1.0,20400704.0,10200352.0,0.0
2025-09-11,33,31685075.0,0,0,0.0,0.00294,0.00294,0.00294,0.00037,1.0,7695837.0,412685.0,7695837.0
2025-09-12,33,31615451.0,0,0,0.0,0.00037,0.00037,0.00037,0.0,,425900.0,0.0,425900.0
2025-09-15,33,31603744.0,0,0,0.0,0.0,0.0,0.0,0.0,,0.0,0.0,0.0
2025-09-16,33,31603744.0,0,0,0.0,0.0,0.0,0.0,0.0,,0.0,0.0,0.0
2025-09-17,33,31603744.0,0,0,0.0,0.0,0.0,0.01245,0.00622,1.0,24290758.0,12145379.0,0.0
2025-09-18,33,31603744.0,0,0,0.0,0.00622,0.00622,0.00622,0.00123,1.0,12216057.0,1803638.0,12216057.0
2025-09-19,33,31615485.0,0,0,0.0,0.00497,0.00497,0.00497,0.0,,7116898.0,0.0,7116898.0
2025-09-22,33,31772715.0,0,0,0.0,0.0,0.0,0.01413,0.00706,1.0,25906416.0,12953208.0,0.0
2025-09-23,33,31772715.0,1,0,0.0303,0.01811,0.01669,0.02062,0.00279,1.0,30021310.0,1045190.0,29111134.0
2025-09-24,34,32242859.0,0,0,0.0,0.01013,0.01013,0.01013,0.0,,11892563.0,0.0,11892563.0
2025-09-25,34,32569546.0,0,0,0.0,0.00732,0.00732,0.00732,0.0,,10920045.0,0.0,10920045.0
2025-09-26,34,32808114.0,0,0,0.0,0.0,0.0,0.05215,0.02608,1.0,24410481.0,12205240.0,0.0
2025-09-29,34,32808114.0,0,0,0.0,0.02608,0.02608,0.02608,0.0,,11936815.0,0.0,11936815.0
2025-09-30,34,33521850.0,0,0,0.0,0.0,0.0,0.0,0.0,,0.0,0.0,0.0
2025-10-01,34,33521850.0,0,0,0.0,0.00364,0.00364,0.01023,0.00339,1.0,11394015.0,2936759.0,5566066.0
2025-10-02,34,33643729.0,0,0,0.0,0.00338,0.00338,0.00944,0.00565,1.0,4114707.0,1133383.0,2899713.0
2025-10-03,34,33706429.0,0,0,0.0,0.00926,0.00926,0.00926,0.0,,7059928.0,0.0,7059928.0
2025-10-06,34,34018701.0,0,0,0.0,0.0,0.0,0.00775,0.00387,1.0,34923036.0,17461518.0,0.0
2025-10-07,34,34018701.0,0,0,0.0,0.00676,0.00676,0.00676,0.0,,23921626.0,0.0,23921626.0
2025-10-08,34,34193442.0,0,0,0.0,0.00717,0.00717,0.00717,0.0,,12025372.0,0.0,12025372.0
2025-10-09,34,34438522.0,0,0,0.0,0.0,0.0,0.0,0.0,,0.0,0.0,0.0
2025-10-10,34,34438522.0,0,0,0.0,0.0,0.0,0.00061,0.00031,1.0,469620.0,234810.0,0.0
2025-10-13,34,34438522.0,0,0,0.0,0.00031,0.00031,0.00031,0.0,,214222.0,0.0,214222.0
2025-10-14,34,34449080.0,0,0,0.0,0.0,0.0,0.0,0.0,,0.0,0.0,0.0
2025-10-15,34,34449080.0,0,0,0.0,0.0,0.0,0.00284,0.00142,1.0,10357779.0,5178890.0,0.0
2025-10-16,34,34449080.0,0,0,0.0,0.00463,0.00463,0.0054,0.00051,1.0,10584315.0,373444.0,10020850.0
2025-10-17,34,34564329.0,0,0,0.0,0.00405,0.00405,0.00737,0.00214,1.0,14473606.0,4599158.0,6255501.0
2025-10-20,34,34704487.0,0,0,0.0,0.00213,0.00213,0.01761,0.00774,1.0,69772601.0,32608449.0,4555703.0
2025-10-21,34,34677524.0,0,0,0.0,0.00774,0.00774,0.00774,0.0016,1.0,33047480.0,757889.0,33047480.0
2025-10-22,34,34645899.0,0,0,0.0,0.00514,0.00514,0.00514,0.0,,6660362.0,0.0,6660362.0
2025-10-23,34,34823830.0,0,0,0.0,0.0,0.0,0.0015,0.00075,1.0,4884265.0,2442132.0,0.0
2025-10-24,34,34823830.0,0,0,0.0,0.00075,0.00075,0.00075,0.0002,1.0,2561533.0,835649.0,2561533.0
2025-10-27,34,34812524.0,0,0,0.0,0.0002,0.0002,0.0002,0.0,,851463.0,0.0,851463.0
2025-10-28,34,34819460.0,0,0,0.0,0.0,0.0,0.0,0.0,,0.0,0.0,0.0
2025-10-29,34,34819460.0,0,0,0.0,0.00352,0.00352,0.00352,0.0,,6049822.0,0.0,6049822.0
2025-10-30,34,34942048.0,0,0,0.0,0.01754,0.01754,0.01865,0.00061,1.0,43745406.0,7171381.0,31135618.0
2025-10-31,34,35554988.0,0,0,0.0,0.00398,0.00398,0.00398,0.0,,12459079.0,0.0,12459079.0
2025-11-03,34,35671450.0,0,0,0.0,0.00687,0.00687,0.00687,0.0,,12403552.0,0.0,12403552.0
2025-11-04,34,35916584.0,0,0,0.0,0.00341,0.00341,0.00341,0.0,,6198191.0,0.0,6198191.0
2025-11-05,34,36039151.0,0,0,0.0,0.0034,0.0034,0.00407,0.00121,1.0,11294972.0,4003415.0,5937708.0
2025-11-06,34,35916584.0,0,0,0.0,0.00804,0.00804,0.03811,0.01595,1.0,40600162.0,15973736.0,15951031.0
2025-11-07,34,35627772.0,0,0,0.0,0.01739,0.01739,0.01739,0.00014,1.0,18780735.0,86849.0,18780735.0
2025-11-10,34,35997173.0,0,0,0.0,0.01049,0.01049,0.02204,0.00611,1.0,32579576.0,9493025.0,17064279.0
2025-11-11,34,35619695.0,0,0,0.0,0.0,0.0,0.00229,0.00114,1.0,1919466.0,959733.0,0.0
2025-11-12,34,35619695.0,0,0,0.0,0.00732,0.00732,0.00806,0.00151,1.0,10907224.0,903190.0,10466761.0
2025-11-13,34,35744367.0,0,0,0.0,0.00151,0.00151,0.00151,2e-05,1.0,909125.0,11677.0,909125.0
2025-11-14,34,35690413.0,0,0,0.0,0.0035,0.0035,0.00359,0.00026,1.0,5473683.0,156051.0,5419274.0
2025-11-17,34,35565377.0,0,0,0.0,0.00026,0.00026,0.00026,3e-05,1.0,154649.0,18310.0,154649.0
2025-11-18,34,35556027.0,0,0,0.0,3e-05,3e-05,5e-05,4e-05,1.0,30799.0,24405.0,18011.0
2025-11-19,34,35554920.0,0,0,0.0,0.00354,0.00354,0.00354,0.00024,1.0,5277865.0,136338.0,5277865.0
2025-11-20,34,35429116.0,0,0,0.0,0.00024,0.00024,0.00024,2e-05,1.0,136760.0,12587.0,136760.0
2025-11-21,34,35420674.0,0,0,0.0,0.00353,0.00353,0.00483,0.00087,1.0,5791375.0,486922.0,5062418.0
2025-11-24,34,35295628.0,0,0,0.0,0.00087,0.00087,0.00294,0.0019,1.0,978329.0,735853.0,493377.0
2025-11-25,34,35264888.0,0,0,0.0,0.0019,0.0019,0.01426,0.00748,1.0,32493247.0,16267130.0,735266.0
2025-11-26,34,35268369.0,0,0,0.0,0.00748,0.00748,0.00864,0.00088,1.0,24548299.0,4232940.0,16430436.0
2025-11-28,34,35416630.0,0,0,0.0,0.00088,0.00088,0.0013,0.00065,1.0,4222844.0,311061.0,4104477.0
2025-12-01,34,35395455.0,0,0,0.0,0.00065,0.00065,0.02835,0.01424,1.0,19656455.0,9853742.0,309762.0
2025-12-02,34,35385258.0,1,0,0.02941,0.01424,0.00246,0.0162,0.00849,1.0,11102823.0,3391606.0,9965734.0
2025-12-03,35,35724265.0,0,0,0.0,0.00841,0.00841,0.00861,0.00659,1.0,3369286.0,2355128.0,3328658.0
2025-12-04,35,35924037.0,0,0,0.0,0.00655,0.00655,0.00669,0.00238,1.0,2542021.0,1122571.0,2459831.0
2025-12-05,35,36078261.0,0,0,0.0,0.00871,0.00871,0.0127,0.00406,1.0,21530561.0,5771968.0,12156290.0
2025-12-08,35,36331709.0,0,0,0.0,0.01002,0.01002,0.01002,0.00048,1.0,14322600.0,164770.0,14322600.0
2025-12-09,35,36636520.0,0,0,0.0,0.00742,0.00742,0.00785,0.00022,1.0,12723044.0,558458.0,11606127.0
2025-12-10,35,36908238.0,0,0,0.0,0.00021,0.00021,0.00179,0.001,1.0,2281310.0,1416340.0,551370.0
2025-12-11,35,36900304.0,0,0,0.0,0.001,0.001,0.001,0.0,,1469645.0,0.0,1469645.0
2025-12-12,35,36863278.0,0,0,0.0,0.0,0.0,0.00397,0.00199,1.0,40827948.0,20413974.0,0.0
2025-12-15,35,36863278.0,0,0,0.0,0.00199,0.00199,0.00199,0.0,,19929367.0,0.0,19929367.0
2025-12-16,35,36843006.0,0,0,0.0,0.00345,0.00345,0.00345,0.0,,5644724.0,0.0,5644724.0
2025-12-17,35,36970036.0,0,0,0.0,0.00344,0.00344,0.00344,0.0,,5669841.0,0.0,5669841.0
2025-12-18,35,37097066.0,0,0,0.0,0.0,0.0,0.0,0.0,,0.0,0.0,0.0
2025-12-19,35,37097066.0,0,0,0.0,0.00342,0.00342,0.00342,0.0,,5625336.0,0.0,5625336.0
2025-12-22,35,37224096.0,0,0,0.0,0.00341,0.00341,0.04524,0.02101,1.0,64056332.0,29173989.0,5831129.0
2025-12-23,35,37351126.0,0,0,0.0,0.03368,0.03368,0.03368,0.00954,1.0,42716323.0,3195679.0,42716323.0
2025-12-24,35,38587193.0,0,0,0.0,0.0159,0.0159,0.0159,0.00263,1.0,15048525.0,901520.0,15048525.0
2025-12-26,35,39200672.0,0,0,0.0,0.00259,0.00259,0.00259,0.0,,897455.0,0.0,897455.0
2025-12-29,35,39302309.0,0,0,0.0,0.0,0.0,0.0,0.0,,0.0,0.0,0.0
2025-12-30,35,39302309.0,0,0,0.0,0.0,0.0,0.00064,0.00032,1.0,273273.0,136636.0,0.0
2025-12-31,35,39302309.0,0,0,0.0,0.00032,0.00032,0.0012,0.00076,1.0,518084.0,329796.0,143582.0
2026-01-02,35,39311721.0,0,0,0.0,0.00399,0.00399,0.00511,0.00113,1.0,6706742.0,600906.0,5999694.0
2026-01-05,35,39468658.0,0,0,0.0,0.00332,0.00332,0.0046,0.00135,1.0,6313488.0,577261.0,5764537.0
2026-01-06,35,39599639.0,0,0,0.0,0.00464,0.00464,0.00464,0.00099,1.0,6707629.0,408678.0,6707629.0
2026-01-07,35,39783187.0,0,0,0.0,0.01082,0.01082,0.01082,0.0005,1.0,19247420.0,194058.0,19247420.0
2026-01-08,35,40213746.0,0,0,0.0,0.00699,0.00699,0.00699,0.0,,12646583.0,0.0,12646583.0
2026-01-09,35,40494848.0,0,0,0.0,0.01613,0.01613,0.01613,0.0,,31654679.0,0.0,31654679.0
2026-01-12,35,41147913.0,0,0,0.0,0.00317,0.00317,0.00317,0.0,,6446719.0,0.0,6446719.0
2026-01-13,35,41278526.0,0,0,0.0,0.00316,0.00316,0.00316,0.0,,6562798.0,0.0,6562798.0
2026-01-14,35,41409139.0,0,0,0.0,0.00631,0.00631,0.00992,0.00209,1.0,17540545.0,2359475.0,13037415.0
2026-01-15,35,41670365.0,0,0,0.0,0.00494,0.00494,0.00494,0.0,,7632543.0,0.0,7632543.0
2026-01-16,35,41859262.0,0,0,0.0,0.01562,0.01562,0.03237,0.01042,1.0,62369460.0,16914128.0,32970708.0
2026-01-20,35,42513237.0,0,0,0.0,0.01026,0.01026,0.0381,0.02022,1.0,30862443.0,18755868.0,17541142.0
2026-01-21,35,42807100.0,0,0,0.0,0.02009,0.02009,0.02113,0.00322,1.0,18743365.0,1656897.0,18295742.0
2026-01-22,35,43518061.0,0,0,0.0,0.00316,0.00316,0.00567,0.00401,1.0,2614213.0,1680054.0,1649062.0
2026-01-23,35,43648133.0,0,0,0.0,0.00702,0.00702,0.00734,0.00418,1.0,8418909.0,1816832.0,7956763.0
2026-01-26,35,43954412.0,0,0,0.0,0.00714,0.00714,0.00922,0.00227,1.0,9555854.0,1304309.0,7912285.0
2026-01-27,35,44268376.0,0,0,0.0,0.00226,0.00226,0.0027,0.00042,1.0,3455506.0,1565394.0,1279200.0
2026-01-28,35,44360486.0,0,0,0.0,0.00325,0.00325,0.00325,1e-05,1.0,6979740.0,52183.0,6979740.0
2026-01-29,35,44487243.0,0,0,0.0,1e-05,1e-05,0.02657,0.01329,1.0,27743014.0,13876014.0,49800.0
2026-01-30,35,44486801.0,0,0,0.0,0.01912,0.01912,0.02025,0.00084,1.0,23033679.0,350579.0,22565829.0
2026-02-02,35,45298383.0,0,0,0.0,0.00386,0.00386,0.0184,0.00744,1.0,133947588.0,64412970.0,6519832.0
2026-02-03,35,45473090.0,0,0,0.0,0.00742,0.00742,0.00957,0.00155,1.0,66856135.0,5558587.0,65953247.0
2026-02-04,35,45317258.0,0,0,0.0,0.00156,0.00156,0.00376,0.00193,1.0,31858184.0,13480624.0,5568262.0
2026-02-05,35,45387742.0,0,0,0.0,0.00461,0.00461,0.01384,0.0055,1.0,113374789.0,55638005.0,17497559.0
2026-02-06,35,45286582.0,1,0,0.02857,0.00821,0.00708,0.00821,6e-05,1.0,59311622.0,123371.0,59311622.0
2026-02-09,36,45079670.0,0,0,0.0,6e-05,6e-05,7e-05,5e-05,1.0,128774.0,60682.0,124986.0
2026-02-10,36,45080794.0,0,1,0.02778,5e-05,5e-05,0.00133,0.00069,1.0,581768.0,279791.0,60492.0
2026-02-11,35,45082607.0,0,0,0.0,0.00069,0.00069,0.00189,0.00129,1.0,744922.0,507570.0,270218.0
2026-02-12,35,45113489.0,0,0,0.0,0.00402,0.00402,0.00402,0.00046,1.0,6536983.0,177451.0,6536983.0
2026-02-13,35,45034391.0,0,0,0.0,0.00351,0.00351,0.00351,0.0,,6197818.0,0.0,6197818.0
2026-02-17,35,45192260.0,0,0,0.0,0.0,0.0,0.00114,0.00057,1.0,14387863.0,7193931.0,0.0
2026-02-18,35,45192260.0,0,0,0.0,0.00057,0.00057,0.00057,6e-05,1.0,7147841.0,803238.0,7147841.0
2026-02-19,35,45197742.0,0,0,0.0,6e-05,6e-05,0.00022,8e-05,1.0,892612.0,32475.0,827662.0
2026-02-20,35,45195113.0,0,0,0.0,8e-05,8e-05,0.00034,0.00021,1.0,134355.0,83233.0,32110.0
2026-02-23,35,45198766.0,0,0,0.0,0.00021,0.00021,0.04921,0.02471,1.0,131494454.0,65787991.0,81528.0
2026-02-24,35,45208235.0,0,0,0.0,0.02471,0.02471,0.02481,0.00062,1.0,64727402.0,944704.0,64689974.0
2026-02-25,35,45771608.0,0,0,0.0,0.00061,0.00061,0.00988,0.00497,1.0,7431229.0,4102918.0,972833.0
2026-02-26,35,45799673.0,0,0,0.0,0.00497,0.00497,0.0133,0.00417,1.0,20222644.0,8061989.0,4098665.0
2026-02-27,35,46027164.0,0,0,0.0,0.00415,0.00415,0.01224,0.00444,1.0,51659591.0,22421962.0,7635698.0
2026-03-02,35,45901474.0,0,0,0.0,0.00445,0.00445,0.00445,0.0,,21416617.0,0.0,21416617.0
2026-03-03,35,45962169.0,0,0,0.0,0.00608,0.00608,0.07503,0.03491,1.0,79907273.0,34964774.0,12380789.0
2026-03-04,35,45682805.0,0,0,0.0,0.03513,0.03513,0.03516,0.0134,1.0,34069670.0,12933648.0,33774108.0
2026-03-05,35,46244612.0,0,0,0.0,0.01324,0.01324,0.01353,0.00245,1.0,17174143.0,3753902.0,13118035.0
2026-03-06,35,46563342.0,0,0,0.0,0.00243,0.00243,0.00776,0.00468,1.0,6098564.0,2566770.0,3713708.0
2026-03-09,35,46571657.0,0,0,0.0,0.00468,0.00468,0.00468,0.00044,1.0,2557654.0,193951.0,2557654.0
2026-03-10,35,46723592.0,0,0,0.0,0.00305,0.00305,0.00305,0.0,,6075761.0,0.0,6075761.0
2026-03-11,35,46601035.0,0,0,0.0,0.0,0.0,0.0,0.0,,0.0,0.0,0.0
2026-03-12,35,46601035.0,0,0,0.0,0.0,0.0,0.0,0.0,,0.0,0.0,0.0
2026-03-13,35,46601035.0,0,0,0.0,0.0,0.0,0.0,0.0,,0.0,0.0,0.0
2026-03-16,35,46601035.0,0,0,0.0,0.0,0.0,0.0,0.0,,0.0,0.0,0.0
2026-03-17,35,46601035.0,0,0,0.0,0.0,0.0,0.0,0.0,,0.0,0.0,0.0
2026-03-18,35,46601035.0,0,0,0.0,0.04601,0.04601,0.04601,0.0,,91265157.0,0.0,91265157.0
2026-03-19,35,48744955.0,0,0,0.0,0.04398,0.04398,0.04398,0.0,,89166393.0,0.0,89166393.0
2026-03-20,35,46601035.0,0,0,0.0,0.0,0.0,0.0,0.0,,0.0,0.0,0.0
2026-03-23,35,46601035.0,0,0,0.0,0.0,0.0,0.0,0.0,,0.0,0.0,0.0
2026-03-24,35,46601035.0,0,0,0.0,0.0,0.0,0.0,0.0,,0.0,0.0,0.0
2026-03-25,35,46601035.0,0,0,0.0,0.0,0.0,0.0,0.0,,0.0,0.0,0.0
2026-03-26,35,46601035.0,0,0,0.0,0.0,0.0,0.0,0.0,,0.0,0.0,0.0
2026-03-27,35,46601035.0,0,0,0.0,0.0,0.0,0.0,0.0,,0.0,0.0,0.0
2026-03-30,35,46601035.0,0,0,0.0,0.0,0.0,0.00477,0.00239,1.0,11320487.0,5660243.0,0.0
2026-03-31,35,46601035.0,0,0,0.0,0.00239,0.00239,0.02705,0.01389,1.0,12701814.0,5185845.0,5264682.0
2026-04-01,35,46640178.0,0,0,0.0,0.01657,0.01657,0.0171,0.00358,1.0,11253144.0,1450696.0,10691627.0
2026-04-02,35,46067174.0,0,0,0.0,0.00362,0.00362,0.00362,0.00085,1.0,1457549.0,202140.0,1457549.0
2026-04-06,35,46104573.0,0,0,0.0,0.00085,0.00085,0.00438,0.00244,1.0,15930901.0,8005948.0,204137.0
2026-04-07,35,46090768.0,0,0,0.0,0.00244,0.00244,0.00256,0.00142,1.0,8006008.0,1017496.0,7963030.0
2026-04-08,35,46005598.0,0,0,0.0,0.00142,0.00142,0.0048,0.00305,1.0,44779177.0,22718588.0,1000178.0
2026-04-09,35,45958051.0,0,0,0.0,0.00305,0.00305,0.00309,0.00107,1.0,24278756.0,393335.0,23889829.0
2026-04-10,35,45923417.0,0,0,0.0,0.0036,0.0036,0.00578,0.00191,1.0,13396453.0,4097838.0,5941640.0
2026-04-13,35,46015710.0,0,0,0.0,0.00191,0.00191,0.00536,0.00313,1.0,4766949.0,582560.0,4126488.0
2026-04-14,35,45958040.0,0,0,0.0,0.00314,0.00314,0.00314,0.0,,594096.0,0.0,594096.0
2026-04-15,35,45813842.0,0,0,0.0,0.0,0.0,0.0,0.0,,0.0,0.0,0.0
2026-04-16,35,45813842.0,0,0,0.0,0.0,0.0,0.0,0.0,,0.0,0.0,0.0
2026-04-17,35,45813842.0,0,0,0.0,0.0,0.0,0.0,0.0,,0.0,0.0,0.0
2026-04-20,35,45813842.0,0,0,0.0,0.01534,0.01534,0.01534,0.0,,32391659.0,0.0,32391659.0
2026-04-21,35,46516417.0,0,0,0.0,0.00604,0.00604,0.00604,0.0,,12942138.0,0.0,12942138.0
2026-04-22,35,46797447.0,0,0,0.0,0.0,0.0,0.0,0.0,,0.0,0.0,0.0
2026-04-23,35,46797447.0,0,0,0.0,0.02702,0.02702,0.02702,0.0,,58827483.0,0.0,58827483.0
2026-04-24,35,48062082.0,0,0,0.0,0.0,0.0,0.03717,0.01859,1.0,89950198.0,44975099.0,0.0
2026-04-28,35,48062082.0,0,0,0.0,0.02787,0.02787,0.02996,0.00105,1.0,82878687.0,844931.0,81188824.0
2026-04-29,35,47544806.0,0,0,0.0,0.0,0.0,0.0,0.0,,0.0,0.0,0.0
2026-04-30,35,47544806.0,0,0,0.0,0.01802,0.01802,0.02015,0.00122,1.0,71741328.0,19910946.0,36947769.0
2026-05-01,35,46688246.0,0,0,0.0,0.00125,0.00125,0.00125,0.0,,21408758.0,0.0,21408758.0
2026-05-04,35,46686395.0,0,0,0.0,0.0,0.0,0.00672,0.00336,1.0,25051944.0,12525972.0,0.0
2026-05-05,35,46686395.0,0,0,0.0,0.00336,0.00336,0.00336,0.0,,12319675.0,0.0,12319675.0
2026-05-06,35,46569811.0,0,0,0.0,0.0,0.0,0.0,0.0,,0.0,0.0,0.0
2026-05-07,35,46569811.0,0,0,0.0,0.0,0.0,0.0,0.0,,0.0,0.0,0.0
2026-05-08,35,46569811.0,0,0,0.0,0.04587,0.04587,0.08146,0.02202,1.0,123103451.0,18178063.0,97790809.0
2026-05-11,35,48705766.0,0,0,0.0,0.05206,0.05206,0.0552,0.00438,1.0,104560284.0,8337193.0,95700220.0
2026-05-12,35,46857151.0,0,0,0.0,0.0066,0.0066,0.0066,0.0,,14169474.0,0.0,14169474.0
2026-05-13,35,47166497.0,0,0,0.0,0.00303,0.00303,0.00303,0.0,,6758926.0,0.0,6758926.0
2026-05-14,35,47309407.0,0,0,0.0,0.26583,0.26583,0.26583,0.0,,599467599.0,0.0,599467599.0
2026-05-15,35,59885487.0,0,0,0.0,0.12648,0.12648,0.12648,0.0,,363381716.0,0.0,363381716.0
2026-05-18,35,67459717.0,0,0,0.0,0.2754,0.2754,0.2754,0.0,,855983743.0,0.0,855983743.0
2026-05-19,35,48881417.0,0,0,0.0,0.02339,0.02339,0.02339,0.0,,52478887.0,0.0,52478887.0
2026-05-20,35,47738137.0,0,0,0.0,0.0,0.0,0.0,0.0,,0.0,0.0,0.0
2026-05-21,35,47738137.0,0,0,0.0,0.00599,0.00599,0.00599,0.0,,13330033.0,0.0,13330033.0
2026-05-22,35,48023957.0,0,0,0.0,0.0,0.0,0.0,0.0,,0.0,0.0,0.0
2026-05-26,35,48023957.0,0,0,0.0,0.0,0.0,0.0,0.0,,0.0,0.0,0.0
2026-05-27,35,48023957.0,0,0,0.0,0.0,0.0,0.0,0.0,,0.0,0.0,0.0
2026-05-28,35,48023957.0,0,0,0.0,0.00298,0.00298,0.00298,0.0,,6980620.0,0.0,6980620.0
2026-05-29,35,48166867.0,0,0,0.0,0.0,0.0,0.00459,0.00229,1.0,24716345.0,12358172.0,0.0
2026-06-01,35,48166867.0,0,0,0.0,0.00229,0.00229,0.00498,0.00168,1.0,46504306.0,23240714.0,12122823.0
2026-06-02,35,48244853.0,0,0,0.0,0.00168,0.00168,0.00168,0.0,,23797996.0,0.0,23797996.0
2026-06-03,35,48270447.0,0,0,0.0,0.00297,0.00297,0.00565,0.00139,1.0,46109978.0,20171468.0,7074355.0
2026-06-04,35,48127229.0,1,0,0.02857,0.00139,0.00105,0.0091,0.00438,1.0,32993831.0,11315643.0,20292669.0
2026-06-05,36,48125929.0,0,0,0.0,0.00547,0.00547,0.02855,0.01461,1.0,34719343.0,12612074.0,15081730.0
2026-06-08,36,48180901.0,0,0,0.0,0.01459,0.01459,0.03058,0.01969,1.0,25556567.0,16679730.0,11645913.0
2026-06-09,36,47923701.0,0,0,0.0,0.0198,0.0198,0.0261,0.00439,1.0,20622496.0,1812287.0,17888741.0
2026-06-10,36,47141778.0,0,0,0.0,0.00447,0.00447,0.01379,0.0085,1.0,13504690.0,7313294.0,1727454.0
2026-06-11,36,47114576.0,0,0,0.0,0.01105,0.01105,0.02144,0.01057,1.0,98403513.0,49506526.0,13384256.0
2026-06-12,36,46857166.0,0,0,0.0,0.31796,0.31796,0.33104,0.02151,1.0,709413179.0,37986244.0,660463586.0
2026-06-16,36,61697429.0,0,0,0.0,0.2464,0.2464,0.2464,0.01113,1.0,789501088.0,41945376.0,789501088.0
2026-06-17,36,46495416.0,0,0,0.0,0.00698,0.00698,0.00798,0.0047,1.0,7947483.0,1275339.0,7676472.0
2026-06-18,36,46170750.0,0,0,0.0,0.00735,0.00735,0.01184,0.00679,1.0,8905789.0,1815588.0,7707143.0
2026-06-22,36,46090176.0,0,0,0.0,0.0068,0.0068,0.00869,0.00321,1.0,4084144.0,1734574.0,1843809.0
2026-06-23,36,45776603.0,0,0,0.0,0.00323,0.00323,0.00323,0.00162,1.0,1633340.0,427208.0,1633340.0
2026-06-24,36,45715598.0,0,0,0.0,0.0046,0.0046,0.0046,0.00071,1.0,6706705.0,179761.0,6706705.0
2026-06-25,36,45505259.0,0,0,0.0,0.00071,0.00071,0.00071,0.00028,1.0,177824.0,69790.0,177824.0
2026-06-26,36,45472986.0,0,0,0.0,0.00028,0.00028,0.00338,0.00183,1.0,1101441.0,584666.0,67890.0
2026-06-29,36,45460320.0,0,0,0.0,0.00183,0.00183,0.00183,0.00077,1.0,585334.0,185542.0,585334.0
2026-06-30,36,45394566.0,0,0,0.0,0.00077,0.00077,0.02014,0.01046,1.0,4736799.0,2459070.0,181341.0
2026-07-01,36,45359558.0,0,0,0.0,0.01345,0.01345,0.01345,0.00313,1.0,9086446.0,748693.0,9086446.0
2026-07-02,36,44749449.0,0,0,0.0,0.00916,0.00916,0.00952,0.00355,1.0,13806853.0,838232.0,13721834.0
2026-07-06,36,44339454.0,0,0,0.0,0.00358,0.00358,0.00863,0.00611,1.0,5544513.0,3201692.0,858870.0
2026-07-07,36,44180698.0,0,0,0.0,0.00613,0.00613,0.00858,0.00242,1.0,5656528.0,2915204.0,3154856.0
2026-07-08,36,44023205.0,0,0,0.0,0.00243,0.00243,0.0029,0.00109,1.0,2806129.0,810908.0,2695953.0
2026-07-09,36,44125457.0,0,0,0.0,0.00109,0.00109,0.00379,0.00164,1.0,1429314.0,373517.0,814149.0
2026-07-10,36,44147803.0,0,0,0.0,0.02763,0.02763,0.02804,0.00177,1.0,66257228.0,6252789.0,56127757.0
2026-07-14,36,45272038.0,0,0,0.0,0.02402,0.02402,0.04895,0.01661,1.0,103529200.0,38546783.0,83561953.0
2026-07-15,36,44396932.0,0,0,0.0,0.00455,0.00455,0.0124,0.00678,1.0,16646921.0,6724311.0,6300243.0
2026-07-16,36,44415278.0,0,0,0.0,0.00678,0.00678,0.01549,0.00911,1.0,11504980.0,4555937.0,6726619.0
2026-07-17,36,44674007.0,0,0,0.0,0.00906,0.00906,0.02091,0.01096,1.0,49826854.0,25143264.0,4373166.0
2026-07-20,36,45067924.0,0,0,0.0,0.01086,0.01086,0.02106,0.01112,1.0,36189673.0,12154976.0,24314140.0
2026-07-21,36,45267186.0,0,0,0.0,0.0109,0.0109,0.01522,0.00816,1.0,18084074.0,5953579.0,16174576.0
2026-07-22,36,45097561.0,0,0,0.0,0.00819,0.00819,0.02527,0.01131,1.0,20571852.0,9155495.0,6070763.0
2026-07-23,36,45131189.0,0,0,0.0,0.01131,0.01131,0.02061,0.00669,1.0,54100301.0,24255982.0,8831992.0
2026-07-24,36,45557163.0,0,0,0.0,0.00663,0.00663,0.01134,0.00564,1.0,24783257.0,1798496.0,22675681.0
2026-07-27,36,45596038.0,0,0,0.0,0.00564,0.00564,0.00767,0.00356,1.0,16262679.0,8205630.0,1734725.0
2026-07-28,36,45642329.0,0,0,0.0,0.0045,0.0045,0.0487,0.02449,1.0,98585811.0,50638306.0,11652054.0
2026-07-29,36,45476030.0,0,0,0.0,0.02458,0.02458,0.02801,0.00587,1.0,60319582.0,11488544.0,50432046.0
2026-07-30,36,46121520.0,0,0,0.0,0.00861,0.00861,0.01991,0.00647,1.0,42146979.0,12115123.0,23519253.0
2026-07-31,36,45772076.0,0,0,0.0,0.00884,0.00884,0.00928,0.00032,1.0,17047090.0,105573.0,16905202.0
2026-08-03,36,45407574.0,0,0,0.0,0.00032,0.00032,0.00605,0.00302,1.0,19918080.0,9943251.0,105028.0
2026-08-04,36,45413445.0,0,1,0.02778,0.00634,0.00634,0.00658,0.00019,1.0,19139238.0,62584.0,19050688.0
2026-08-05,35,45165549.0,0,0,0.0,0.00019,0.00019,0.0034,0.00168,1.0,20888153.0,10431182.0,62540.0
2026-08-06,35,45167750.0,0,0,0.0,0.00323,0.00323,0.00351,0.0002,1.0,18702747.0,2258403.0,14772870.0
2026-08-07,35,45048228.0,0,0,0.0,0.00627,0.00627,0.00627,0.0,,14380028.0,0.0,14380028.0
2026-08-10,35,44765979.0,0,0,0.0,0.0,0.0,0.00201,0.001,1.0,27510289.0,13755145.0,0.0
2026-08-11,35,44765979.0,0,0,0.0,0.001,0.001,0.00419,0.00165,1.0,26660370.0,8113750.0,13559695.0
2026-08-12,35,44777283.0,0,0,0.0,0.00269,0.00269,0.00269,0.0,1.0,12398036.0,295.0,12398036.0
2026-08-13,35,44692254.0,0,1,0.02857,0.00631,0.00631,0.00631,0.0,,12872350.0,0.0,12872350.0
2026-08-14,34,44410277.0,0,0,0.0,0.00317,0.00317,0.00317,0.0,,6491639.0,0.0,6491639.0
2026-08-17,34,44269313.0,0,0,0.0,0.0,0.0,0.00118,0.00059,1.0,16434474.0,8217237.0,0.0
2026-08-18,34,44269313.0,0,0,0.0,0.00059,0.00059,0.00059,0.0,,8147110.0,0.0,8147110.0
2026-08-19,34,44279420.0,0,0,0.0,0.0,0.0,0.00087,0.00044,1.0,16485215.0,8242608.0,0.0
2026-08-20,34,44279420.0,0,0,0.0,0.00361,0.00361,0.00413,0.00026,1.0,18947182.0,2651611.0,13981886.0
2026-08-21,34,44140846.0,0,0,0.0,0.00027,0.00027,0.0034,0.00183,1.0,16602251.0,9634063.0,2665875.0
2026-08-24,34,44148997.0,0,0,0.0,0.00183,0.00183,0.00183,0.0,,9901483.0,0.0,9901483.0
2026-08-25,34,44169623.0,0,0,0.0,0.0,0.0,0.0,0.0,,0.0,0.0,0.0
2026-08-26,34,44169623.0,0,0,0.0,0.0,0.0,0.00085,0.00043,1.0,15396118.0,7698059.0,0.0
2026-08-27,34,44169623.0,0,0,0.0,0.00043,0.00043,0.00043,0.0,,7699429.0,0.0,7699429.0
2026-08-28,34,44172578.0,0,0,0.0,0.0,0.0,0.00663,0.00331,1.0,93947004.0,46973502.0,0.0
2026-08-31,34,44172578.0,0,0,0.0,0.00648,0.00648,0.00648,0.0,,50981608.0,0.0,50981608.0
2026-09-01,34,44362725.0,0,0,0.0,0.0,0.0,0.00303,0.00151,1.0,10267482.0,5133741.0,0.0
2026-09-02,34,44362725.0,0,0,0.0,0.00256,0.00256,0.00256,3e-05,1.0,9040564.0,924201.0,9040564.0
2026-09-03,34,44274682.0,0,0,0.0,3e-05,3e-05,3e-05,0.0,,954672.0,0.0,954672.0
2026-09-04,34,44273315.0,0,0,0.0,0.0,0.0,0.0,0.0,,0.0,0.0,0.0
