date,fund,company,ticker,cusip,weight,shares_held,market_value
2021-03-30,ARKX,TRMB US Equity,TRMB,896239100,8.5953,4624,351608.96
2021-03-30,ARKX,PRNT US Equity,PRNT,00214Q500,6.0821,6544,248802.88
2021-03-30,ARKX,KTOS US Equity,KTOS,50077B207,6.0144,8812,246031.04
2021-03-30,ARKX,LHX US Equity,LHX,502431109,5.0637,1020,207141.6
2021-03-30,ARKX,JD US Equity,JD,47215P106,4.9507,2440,202520
2021-03-30,ARKX,6301 JP Equity,6301,,4.7697,6188,195115.35
2021-03-30,ARKX,LMT US Equity,LMT,539830109,4.529,500,185270
2021-03-30,ARKX,IRDM US Equity,IRDM,46269C102,4.4054,4528,180214.4
2021-03-30,ARKX,HO FP Equity,HO,,3.974,1628,162563.41
2021-03-30,ARKX,BA US Equity,BA,097023105,3.5731,580,146165.8
2021-03-30,ARKX,SPR US Equity,SPR,848574109,3.3252,2748,136026
2021-03-30,ARKX,NVDA US Equity,NVDA,67066G104,3.3228,10560,135925.68
2021-03-30,ARKX,DE US Equity,DE,244199105,3.181,348,130124.16
2021-03-30,ARKX,AMZN US Equity,AMZN,023135106,2.9875,800,122211.6
2021-03-30,ARKX,TER US Equity,TER,880770102,2.6646,940,109002.4
2021-03-30,ARKX,GOOG US Equity,GOOG,02079K107,2.6129,1040,106888.08
2021-03-30,ARKX,TDY US Equity,TDY,879360105,2.5704,260,105146.6
2021-03-30,ARKX,DSY FP Equity,DSY,,2.5078,2420,102587.08
2021-03-30,ARKX,GRMN US Equity,GRMN,,2.0453,640,83667.2
2021-03-30,ARKX,SPCE US Equity,SPCE,92766K403,1.9805,134.4,81016.32
2021-03-30,ARKX,RAVN US Equity,RAVN,754212108,1.8714,2048,76554.24
2021-03-30,ARKX,BABA US Equity,BABA,01609W102,1.614,288,66024
2021-03-30,ARKX,AIR FP Equity,AIR,,1.6123,576,65954.71
2021-03-30,ARKX,AVAV US Equity,AVAV,008073108,1.5872,552,64926.24
2021-03-30,ARKX,ESLT IT Equity,ESLT,,1.4933,432,61084.8
2021-03-30,ARKX,NFLX US Equity,NFLX,64110L106,1.255,100,51339
2021-03-30,ARKX,HEI US Equity,HEI,422806109,1.1379,376,46548.8
2021-03-30,ARKX,HON US Equity,HON,438516106,1.1302,212,46235.08
2021-03-30,ARKX,WKHS US Equity,WKHS,98138J404,1.0522,12.848,43040.8
2021-03-30,ARKX,TSM US Equity,TSM,874039100,1.0014,356,40964.92
2021-03-30,ARKX,TCEHY US Equity,TCEHY,88032Q109,0.9866,512,40360.96
2021-03-30,ARKX,SNPS US Equity,SNPS,871607107,0.984,168,40252.8
2021-03-30,ARKX,XLNX US Equity,XLNX,983919101,0.9763,332,39939.6
2021-03-30,ARKX,ANSS US Equity,ANSS,03662Q105,0.9736,120,39826.8
2021-03-30,ARKX,3690 HK Equity,3690,,0.9011,976,36860.51
2021-03-30,ARKX,ADSK US Equity,ADSK,052769106,0.8137,124,33285.32
2021-03-30,ARKX,JOBY US Equity,JOBY,,0.7314,2936,29917.84
2021-03-30,ARKX,ACHR US Equity,ACHR,03945R102,0.7224,2920,29550.4
2021-03-30,ARKX,MVRXX US Equity,MVRXX,61747C707,0.0005,20,20
2021-03-30,ARKX,USD Curncy,USD,,0,0,0
2021-03-31,ARKX,TRMB US Equity,TRMB,896239100,8.6928,70782,5506131.78
2021-03-31,ARKX,PRNT US Equity,PRNT,00214Q500,6.1423,100170,3890602.8
2021-03-31,ARKX,KTOS US Equity,KTOS,50077B207,5.8097,134895,3679935.6
2021-03-31,ARKX,LHX US Equity,LHX,502431109,4.9959,15613,3164442.84
2021-03-31,ARKX,JD US Equity,JD,47215P106,4.9726,37350,3149725.5
2021-03-31,ARKX,6301 JP Equity,6301,,4.5428,93188,2877487.22
2021-03-31,ARKX,IRDM US Equity,IRDM,46269C102,4.5138,69311,2859078.75
2021-03-31,ARKX,LMT US Equity,LMT,539830109,4.4649,7654,2828153
2021-03-31,ARKX,HO FP Equity,HO,,3.958,25234,2507035.62
2021-03-31,ARKX,BA US Equity,BA,097023105,3.6152,8990,2289932.8
2021-03-31,ARKX,NVDA US Equity,NVDA,67066G104,3.4063,161640,2157611.13
2021-03-31,ARKX,SPR US Equity,SPR,848574109,3.2307,42063,2046364.95
2021-03-31,ARKX,DE US Equity,DE,244199105,3.1465,5327,1993043.78
2021-03-31,ARKX,AMZN US Equity,AMZN,023135106,2.9895,12240,1893576.96
2021-03-31,ARKX,GOOG US Equity,GOOG,02079K107,2.789,17080,1766610.02
2021-03-31,ARKX,TER US Equity,TER,880770102,2.7642,14389,1750853.52
2021-03-31,ARKX,TDY US Equity,TDY,879360105,2.5991,3980,1646327
2021-03-31,ARKX,DSY FP Equity,DSY,,2.5334,37510,1604687.06
2021-03-31,ARKX,GRMN US Equity,GRMN,,2.0393,9797,1291734.45
2021-03-31,ARKX,SPCE US Equity,SPCE,92766K403,1.9897,2057.3,1260301.98
2021-03-31,ARKX,RAVN US Equity,RAVN,754212108,1.9004,31405,1203753.65
2021-03-31,ARKX,AIR FP Equity,AIR,,1.5957,8928,1010764.39
2021-03-31,ARKX,BABA US Equity,BABA,01609W102,1.5778,4408,999425.84
2021-03-31,ARKX,AVAV US Equity,AVAV,008073108,1.5483,8450,980707
2021-03-31,ARKX,ESLT IT Equity,ESLT,,1.493,6613,945659
2021-03-31,ARKX,NFLX US Equity,NFLX,64110L106,1.3087,1589,828917.74
2021-03-31,ARKX,HEI US Equity,HEI,422806109,1.1432,5756,724104.8
2021-03-31,ARKX,HON US Equity,HON,438516106,1.1121,3245,704392.15
2021-03-31,ARKX,WKHS US Equity,WKHS,98138J404,1.0689,196.668,677029.59
2021-03-31,ARKX,TSM US Equity,TSM,874039100,1.0177,5450,644626
2021-03-31,ARKX,SNPS US Equity,SNPS,871607107,1.0061,2572,637290.16
2021-03-31,ARKX,XLNX US Equity,XLNX,983919101,0.9941,5082,629659.8
2021-03-31,ARKX,TCEHY US Equity,TCEHY,88032Q109,0.9873,7837,625392.6
2021-03-31,ARKX,ANSS US Equity,ANSS,03662Q105,0.9848,1837,623771.72
2021-03-31,ARKX,ADSK US Equity,ADSK,052769106,0.8305,1898,526030.7
2021-03-31,ARKX,3690 HK Equity,3690,,0.7616,12576,482391.94
2021-03-31,ARKX,JOBY US Equity,JOBY,,0.7211,45000,456750
2021-03-31,ARKX,ACHR US Equity,ACHR,03945R102,0.7101,44755,449787.75
2021-03-31,ARKX,MVRXX US Equity,MVRXX,61747C707,0.0428,27134.93,27134.93
2021-03-31,ARKX,USD Curncy,USD,,0,0.01,0
2021-04-01,ARKX,TRMB US Equity,TRMB,896239100,8.8557,384832,31069411.52
2021-04-01,ARKX,PRNT US Equity,PRNT,00214Q500,6.1886,544570,21712005.9
2021-04-01,ARKX,KTOS US Equity,KTOS,50077B207,5.9129,733295,20744915.55
2021-04-01,ARKX,LHX US Equity,LHX,502431109,4.9282,84913,17289985.06
2021-04-01,ARKX,JD US Equity,JD,47215P106,4.8825,203175,17129684.25
2021-04-01,ARKX,6301 JP Equity,6301,,4.4698,505688,15682020.16
2021-04-01,ARKX,LMT US Equity,LMT,539830109,4.3865,41479,15389538.58
2021-04-01,ARKX,IRDM US Equity,IRDM,46269C102,4.317,376761,15145792.2
2021-04-01,ARKX,HO FP Equity,HO,,4.0183,137159,14097906.75
2021-04-01,ARKX,BA US Equity,BA,097023105,3.5232,48865,12360890.4
2021-04-01,ARKX,NVDA US Equity,NVDA,67066G104,3.4511,876640,12107932.52
2021-04-01,ARKX,SPR US Equity,SPR,848574109,3.2338,228788,11345596.92
2021-04-01,ARKX,DE US Equity,DE,244199105,3.0735,28977,10782921.24
2021-04-01,ARKX,AMZN US Equity,AMZN,023135106,3.0291,67240,10627282
2021-04-01,ARKX,TER US Equity,TER,880770102,2.8707,78189,10071525.09
2021-04-01,ARKX,GOOG US Equity,GOOG,02079K107,2.8663,94080,10055976
2021-04-01,ARKX,TDY US Equity,TDY,879360105,2.5676,21580,9008139.4
2021-04-01,ARKX,DSY FP Equity,DSY,,2.563,203885,8991925.16
2021-04-01,ARKX,GRMN US Equity,GRMN,,2.0111,53247,7055759.97
2021-04-01,ARKX,SPCE US Equity,SPCE,92766K403,1.9611,11187.3,6880189.5
2021-04-01,ARKX,RAVN US Equity,RAVN,754212108,1.8737,170830,6573538.4
2021-04-01,ARKX,AIR FP Equity,AIR,,1.6358,48528,5738893.91
2021-04-01,ARKX,AVAV US Equity,AVAV,008073108,1.5597,45850,5472197.5
2021-04-01,ARKX,BABA US Equity,BABA,01609W102,1.5305,23933,5369607.88
2021-04-01,ARKX,ESLT IT Equity,ESLT,,1.4792,36038,5189472
2021-04-01,ARKX,NFLX US Equity,NFLX,64110L106,1.3013,8464,4565650.88
2021-04-01,ARKX,HEI US Equity,HEI,422806109,1.1429,31331,4009741.38
2021-04-01,ARKX,HON US Equity,HON,438516106,1.0842,17545,3803756
2021-04-01,ARKX,WKHS US Equity,WKHS,98138J404,1.0793,1071.168,3786578.88
2021-04-01,ARKX,TSM US Equity,TSM,874039100,1.0547,29650,3700320
2021-04-01,ARKX,XLNX US Equity,XLNX,983919101,1.0227,27632,3588015.2
2021-04-01,ARKX,TCEHY US Equity,TCEHY,88032Q109,1.0153,42487,3562110.08
2021-04-01,ARKX,ANSS US Equity,ANSS,03662Q105,1.0116,10087,3549110.95
2021-04-01,ARKX,SNPS US Equity,SNPS,871607107,1.0034,13847,3520322.81
2021-04-01,ARKX,ADSK US Equity,ADSK,052769106,0.8212,10148,2881017.2
2021-04-01,ARKX,3690 HK Equity,3690,,0.8071,67576,2831673.41
2021-04-01,ARKX,JOBY US Equity,JOBY,,0.71,244925,2490887.25
2021-04-01,ARKX,ACHR US Equity,ACHR,03945R102,0.7026,243580,2465029.6
2021-04-01,ARKX,MVRXX US Equity,MVRXX,61747C707,0.0551,193195.08,193195.08
2021-04-01,ARKX,USD Curncy,USD,,0,1672336.49,0
2021-04-05,ARKX,TRMB US Equity,TRMB,896239100,9.0445,496748,41597677.52
2021-04-05,ARKX,PRNT US Equity,PRNT,00214Q500,6.1502,702938,28286225.12
2021-04-05,ARKX,KTOS US Equity,KTOS,50077B207,5.8593,946543,26948079.21
2021-04-05,ARKX,LHX US Equity,LHX,502431109,4.9535,109609,22782230.65
2021-04-05,ARKX,JD US Equity,JD,47215P106,4.704,262269,21634569.81
2021-04-05,ARKX,6301 JP Equity,6301,,4.4778,652688,20594366.13
2021-04-05,ARKX,LMT US Equity,LMT,539830109,4.4085,53533,20275623.75
2021-04-05,ARKX,IRDM US Equity,IRDM,46269C102,4.3269,486325,19900419
2021-04-05,ARKX,HO FP Equity,HO,,3.9688,177045,18253269.23
2021-04-05,ARKX,BA US Equity,BA,097023105,3.5569,63075,16359132
2021-04-05,ARKX,NVDA US Equity,NVDA,67066G104,3.441,1131440,15826017
2021-04-05,ARKX,SPR US Equity,SPR,848574109,3.1689,295330,14574535.5
2021-04-05,ARKX,DE US Equity,DE,244199105,3.0483,37405,14019768.05
2021-04-05,ARKX,AMZN US Equity,AMZN,023135106,3.0463,86840,14010461.66
2021-04-05,ARKX,GOOG US Equity,GOOG,02079K107,2.9402,121520,13522441.8
2021-04-05,ARKX,TER US Equity,TER,880770102,2.9115,100925,13390729
2021-04-05,ARKX,TDY US Equity,TDY,879360105,2.5491,27852,11724020.88
2021-04-05,ARKX,DSY FP Equity,DSY,,2.5314,263175,11642297.95
2021-04-05,ARKX,GRMN US Equity,GRMN,,2.0313,68731,9342604.83
2021-04-05,ARKX,SPCE US Equity,SPCE,92766K403,1.8588,14440.9,8549012.8
2021-04-05,ARKX,RAVN US Equity,RAVN,754212108,1.8416,220516,8470019.56
2021-04-05,ARKX,AIR FP Equity,AIR,,1.6156,62640,7430434.7
2021-04-05,ARKX,AVAV US Equity,AVAV,008073108,1.5651,59178,7198411.92
2021-04-05,ARKX,BABA US Equity,BABA,01609W102,1.5132,30891,6959742.3
2021-04-05,ARKX,ESLT IT Equity,ESLT,,1.4512,46524,6674333.04
2021-04-05,ARKX,NFLX US Equity,NFLX,64110L106,1.283,10914,5900872.38
2021-04-05,ARKX,HEI US Equity,HEI,422806109,1.1359,40445,5224280.65
2021-04-05,ARKX,HON US Equity,HON,438516106,1.0794,22641,4964492.07
2021-04-05,ARKX,TSM US Equity,TSM,874039100,1.0361,38274,4765113
2021-04-05,ARKX,ANSS US Equity,ANSS,03662Q105,1.0275,13027,4725674.52
2021-04-05,ARKX,XLNX US Equity,XLNX,983919101,1.0138,35668,4662877.64
2021-04-05,ARKX,SNPS US Equity,SNPS,871607107,1.0104,17865,4646865.15
2021-04-05,ARKX,WKHS US Equity,WKHS,98138J404,0.9944,1382.808,4573637.46
2021-04-05,ARKX,TCEHY US Equity,TCEHY,88032Q109,0.9939,54835,4571045.6
2021-04-05,ARKX,ADSK US Equity,ADSK,052769106,0.8205,13088,3773532.16
2021-04-05,ARKX,3690 HK Equity,3690,,0.7942,87176,3652536.45
2021-04-05,ARKX,JOBY US Equity,JOBY,,0.6957,316171,3199650.52
2021-04-05,ARKX,ACHR US Equity,ACHR,03945R102,0.6894,314532,3170482.56
2021-04-05,ARKX,MVRXX US Equity,MVRXX,61747C707,0.4622,2125950.75,2125950.75
2021-04-05,ARKX,USD Curncy,USD,,0,886.05,0
2021-04-06,ARKX,TRMB US Equity,TRMB,896239100,9.0036,594960,49334083.2
2021-04-06,ARKX,PRNT US Equity,PRNT,00214Q500,6.1338,841914,33609206.88
2021-04-06,ARKX,KTOS US Equity,KTOS,50077B207,5.9256,1133679,32468566.56
2021-04-06,ARKX,LHX US Equity,LHX,502431109,5.0151,131281,27479738.92
2021-04-06,ARKX,JD US Equity,JD,47215P106,4.7876,314127,26232745.77
2021-04-06,ARKX,6301 JP Equity,6301,,4.4481,781688,24372806.19
2021-04-06,ARKX,LMT US Equity,LMT,539830109,4.4341,64111,24296145.67
2021-04-06,ARKX,IRDM US Equity,IRDM,46269C102,4.3489,582473,23828970.43
2021-04-06,ARKX,HO FP Equity,HO,,3.6853,194953,20193172.72
2021-04-06,ARKX,BA US Equity,BA,097023105,3.5181,75545,19276817.65
2021-04-06,ARKX,NVDA US Equity,NVDA,67066G104,3.4279,1355040,18782886.96
2021-04-06,ARKX,SPR US Equity,SPR,848574109,3.1581,353724,17304178.08
2021-04-06,ARKX,DE US Equity,DE,244199105,3.0711,44801,16827703.61
2021-04-06,ARKX,AMZN US Equity,AMZN,023135106,3.0606,104040,16770311.64
2021-04-06,ARKX,GOOG US Equity,GOOG,02079K107,2.9559,145600,16196180
2021-04-06,ARKX,TER US Equity,TER,880770102,2.9204,120877,16001697.26
2021-04-06,ARKX,TDY US Equity,TDY,879360105,2.5537,33356,13992842
2021-04-06,ARKX,DSY FP Equity,DSY,,2.3573,289795,12916478.84
2021-04-06,ARKX,GRMN US Equity,GRMN,,2.051,82319,11238189.88
2021-04-06,ARKX,SPCE US Equity,SPCE,92766K403,1.9388,17296.1,10623264.62
2021-04-06,ARKX,RAVN US Equity,RAVN,754212108,1.9074,264118,10451149.26
2021-04-06,ARKX,BABA US Equity,BABA,01609W102,1.5568,36997,8530398.29
2021-04-06,ARKX,AVAV US Equity,AVAV,008073108,1.5187,70874,8321316.34
2021-04-06,ARKX,AIR FP Equity,AIR,,1.5051,68976,8246818.88
2021-04-06,ARKX,ESLT IT Equity,ESLT,,1.4583,55726,7990551.14
2021-04-06,ARKX,NFLX US Equity,NFLX,64110L106,1.2983,13064,7113739.92
2021-04-06,ARKX,HEI US Equity,HEI,422806109,1.1494,48443,6298074.43
2021-04-06,ARKX,HON US Equity,HON,438516106,1.0846,27113,5942898.47
2021-04-06,ARKX,WKHS US Equity,WKHS,98138J404,1.0436,1656.288,5718334.32
2021-04-06,ARKX,TSM US Equity,TSM,874039100,1.0244,45842,5612894.48
2021-04-06,ARKX,ANSS US Equity,ANSS,03662Q105,1.0209,15607,5593860.94
2021-04-06,ARKX,XLNX US Equity,XLNX,983919101,1.0167,42720,5570688
2021-04-06,ARKX,TCEHY US Equity,TCEHY,88032Q109,1.0145,65671,5559050.15
2021-04-06,ARKX,SNPS US Equity,SNPS,871607107,1.0047,21391,5505187.76
2021-04-06,ARKX,ADSK US Equity,ADSK,052769106,0.8164,15668,4473214
2021-04-06,ARKX,3690 HK Equity,3690,,0.7293,95376,3996052.08
2021-04-06,ARKX,ACHR US Equity,ACHR,03945R102,0.7028,376796,3850855.12
2021-04-06,ARKX,JOBY US Equity,JOBY,,0.7015,378693,3843733.95
2021-04-06,ARKX,MVRXX US Equity,MVRXX,61747C707,0.6516,3570571.83,3570571.83
2021-04-06,ARKX,USD Curncy,USD,,0,0,0
2021-04-07,ARKX,TRMB US Equity,TRMB,896239100,8.5411,632646,50447192.04
2021-04-07,ARKX,PRNT US Equity,PRNT,00214Q500,5.8918,895275,34799339.25
2021-04-07,ARKX,KTOS US Equity,KTOS,50077B207,5.7088,1205520,33718394.4
2021-04-07,ARKX,LHX US Equity,LHX,502431109,4.9314,139597,29126914.05
2021-04-07,ARKX,JD US Equity,JD,47215P106,4.595,334026,27139612.5
2021-04-07,ARKX,LMT US Equity,LMT,539830109,4.3902,68203,25930098.57
2021-04-07,ARKX,6301 JP Equity,6301,,4.3873,831188,25913352.37
2021-04-07,ARKX,IRDM US Equity,IRDM,46269C102,4.2021,619400,24819358
2021-04-07,ARKX,HO FP Equity,HO,,3.9265,224422,23191445.7
2021-04-07,ARKX,NVDA US Equity,NVDA,67066G104,3.4534,1442160,20397189.96
2021-04-07,ARKX,BA US Equity,BA,097023105,3.4352,80330,20289751.4
2021-04-07,ARKX,SPR US Equity,SPR,848574109,3.0905,376131,18253637.43
2021-04-07,ARKX,AMZN US Equity,AMZN,023135106,3.0715,110640,18141585.48
2021-04-07,ARKX,DE US Equity,DE,244199105,3.0229,47639,17854620.81
2021-04-07,ARKX,GOOG US Equity,GOOG,02079K107,2.9488,154840,17417022.56
2021-04-07,ARKX,TER US Equity,TER,880770102,2.8685,128566,16942427.48
2021-04-07,ARKX,MVRXX US Equity,MVRXX,61747C707,2.666,15746360.58,15746360.58
2021-04-07,ARKX,DSY FP Equity,DSY,,2.5032,333685,14785017.1
2021-04-07,ARKX,TDY US Equity,TDY,879360105,2.4948,35501,14735045.06
2021-04-07,ARKX,GRMN US Equity,GRMN,,2.0055,87533,11844965.56
2021-04-07,ARKX,SPCE US Equity,SPCE,92766K403,1.8212,18393.35,10756431.08
2021-04-07,ARKX,RAVN US Equity,RAVN,754212108,1.8083,280849,10680687.47
2021-04-07,ARKX,AIR FP Equity,AIR,,1.6049,79413,9479250.39
2021-04-07,ARKX,BABA US Equity,BABA,01609W102,1.5014,39340,8868022.8
2021-04-07,ARKX,ESLT IT Equity,ESLT,,1.4499,59257,8563821.64
2021-04-07,ARKX,AVAV US Equity,AVAV,008073108,1.4472,75395,8547531.15
2021-04-07,ARKX,NFLX US Equity,NFLX,64110L106,1.2893,13922,7615194.78
2021-04-07,ARKX,HEI US Equity,HEI,422806109,1.1175,51512,6600232.56
2021-04-07,ARKX,HON US Equity,HON,438516106,1.0677,28862,6306347
2021-04-07,ARKX,XLNX US Equity,XLNX,983919101,1.0128,45426,5981695.68
2021-04-07,ARKX,ANSS US Equity,ANSS,03662Q105,0.9985,16597,5897577.98
2021-04-07,ARKX,SNPS US Equity,SNPS,871607107,0.9911,22777,5853689
2021-04-07,ARKX,TSM US Equity,TSM,874039100,0.9895,48746,5844157.94
2021-04-07,ARKX,WKHS US Equity,WKHS,98138J404,0.9844,1761.228,5814253.94
2021-04-07,ARKX,TCEHY US Equity,TCEHY,88032Q109,0.9258,69862,5468098.74
2021-04-07,ARKX,ADSK US Equity,ADSK,052769106,0.8086,16691,4775628.92
2021-04-07,ARKX,JOBY US Equity,JOBY,,0.6893,402717,4071468.87
2021-04-07,ARKX,ACHR US Equity,ACHR,03945R102,0.6825,400688,4030921.28
2021-04-07,ARKX,3690 HK Equity,3690,,0.6756,97676,3990181.33
2021-04-07,ARKX,USD Curncy,USD,,0,-10805630.79,0
2021-04-08,ARKX,TRMB US Equity,TRMB,896239100,8.7532,637214,51232005.6
2021-04-08,ARKX,PRNT US Equity,PRNT,00214Q500,6.0425,901743,35366360.46
2021-04-08,ARKX,KTOS US Equity,KTOS,50077B207,5.8772,1214228,34399079.24
2021-04-08,ARKX,LHX US Equity,LHX,502431109,4.9845,140605,29174131.45
2021-04-08,ARKX,IRDM US Equity,IRDM,46269C102,4.7394,659839,27739631.56
2021-04-08,ARKX,JD US Equity,JD,47215P106,4.7215,336438,27635017.32
2021-04-08,ARKX,LMT US Equity,LMT,539830109,4.5309,68699,26519187.98
2021-04-08,ARKX,6301 JP Equity,6301,,4.478,837188,26209755.6
2021-04-08,ARKX,HO FP Equity,HO,,4.0039,226046,23434586.15
2021-04-08,ARKX,NVDA US Equity,NVDA,67066G104,3.5535,1452720,20798592.24
2021-04-08,ARKX,BA US Equity,BA,097023105,3.5244,80910,20628004.5
2021-04-08,ARKX,SPR US Equity,SPR,848574109,3.1729,378847,18571079.94
2021-04-08,ARKX,AMZN US Equity,AMZN,023135106,3.1409,111440,18383699.6
2021-04-08,ARKX,GOOG US Equity,GOOG,02079K107,3.0183,155960,17665901.12
2021-04-08,ARKX,TER US Equity,TER,880770102,2.7044,118196,15828808.32
2021-04-08,ARKX,DSY FP Equity,DSY,,2.5949,336105,15187951.4
2021-04-08,ARKX,DE US Equity,DE,244199105,2.5694,40202,15038362.14
2021-04-08,ARKX,TDY US Equity,TDY,879360105,2.5607,35761,14987435.1
2021-04-08,ARKX,GRMN US Equity,GRMN,,2.043,88165,11957818.95
2021-04-08,ARKX,RAVN US Equity,RAVN,754212108,1.8646,282877,10913394.66
2021-04-08,ARKX,SPCE US Equity,SPCE,92766K403,1.8485,18526.15,10819271.6
2021-04-08,ARKX,AIR FP Equity,AIR,,1.6412,79989,9605769.97
2021-04-08,ARKX,BABA US Equity,BABA,01609W102,1.5452,39624,9043781.76
2021-04-08,ARKX,ESLT IT Equity,ESLT,,1.4827,59685,8678199
2021-04-08,ARKX,AVAV US Equity,AVAV,008073108,1.3921,70843,8147653.43
2021-04-08,ARKX,NFLX US Equity,NFLX,64110L106,1.329,14026,7778539.08
2021-04-08,ARKX,HEI US Equity,HEI,422806109,1.1675,51884,6833122.8
2021-04-08,ARKX,HON US Equity,HON,438516106,1.0921,29074,6392209.64
2021-04-08,ARKX,XLNX US Equity,XLNX,983919101,1.0379,45754,6074758.58
2021-04-08,ARKX,ANSS US Equity,ANSS,03662Q105,1.0346,16717,6055566.08
2021-04-08,ARKX,SNPS US Equity,SNPS,871607107,1.0232,22945,5988874.45
2021-04-08,ARKX,WKHS US Equity,WKHS,98138J404,1.0161,1773.948,5947160.67
2021-04-08,ARKX,ACHR US Equity,ACHR,03945R102,0.9678,544684,5664713.6
2021-04-08,ARKX,TCEHY US Equity,TCEHY,88032Q109,0.967,70370,5659859.1
2021-04-08,ARKX,JOBY US Equity,JOBY,,0.9608,546525,5623742.25
2021-04-08,ARKX,ADSK US Equity,ADSK,052769106,0.843,16815,4934025.45
2021-04-08,ARKX,3690 HK Equity,3690,,0.7618,108076,4458633.61
2021-04-08,ARKX,VELO US Equity,VELO,92259N302,0.4413,460.2248,2582896.42
2021-04-08,ARKX,TSM US Equity,TSM,874039100,0.4291,20349,2511677.07
2021-04-08,ARKX,MVRXX US Equity,MVRXX,61747C707,0.141,825450.39,825450.39
2021-04-08,ARKX,USD Curncy,USD,,0,35731.67,0
2021-04-09,ARKX,TRMB US Equity,TRMB,896239100,8.7434,696598,56006479.2
2021-04-09,ARKX,PRNT US Equity,PRNT,00214Q500,6.0665,985775,38859250.5
2021-04-09,ARKX,KTOS US Equity,KTOS,50077B207,5.8271,1327380,37325925.6
2021-04-09,ARKX,LHX US Equity,LHX,502431109,4.9941,153709,31989917.08
2021-04-09,ARKX,IRDM US Equity,IRDM,46269C102,4.8367,721355,30982197.25
2021-04-09,ARKX,JD US Equity,JD,47215P106,4.617,367794,29574315.54
2021-04-09,ARKX,LMT US Equity,LMT,539830109,4.5279,75095,29003941.85
2021-04-09,ARKX,6301 JP Equity,6301,,4.4052,915188,28218053.24
2021-04-09,ARKX,HO FP Equity,HO,,3.9474,247106,25285675.57
2021-04-09,ARKX,NVDA US Equity,NVDA,67066G104,3.5697,1587920,22866048
2021-04-09,ARKX,BA US Equity,BA,097023105,3.4847,88450,22321242
2021-04-09,ARKX,AMZN US Equity,AMZN,023135106,3.2071,121840,20543442.4
2021-04-09,ARKX,SPR US Equity,SPR,848574109,3.0976,414155,19842166.05
2021-04-09,ARKX,GOOG US Equity,GOOG,02079K107,3.0426,170520,19489412.88
2021-04-09,ARKX,TER US Equity,TER,880770102,2.6842,129220,17194013.2
2021-04-09,ARKX,DSY FP Equity,DSY,,2.6109,367305,16724500.03
2021-04-09,ARKX,DE US Equity,DE,244199105,2.5864,43946,16567642
2021-04-09,ARKX,TDY US Equity,TDY,879360105,2.5613,39089,16406435.08
2021-04-09,ARKX,GRMN US Equity,GRMN,,2.0711,96381,13266844.65
2021-04-09,ARKX,RAVN US Equity,RAVN,754212108,1.8538,309241,11874854.4
2021-04-09,ARKX,SPCE US Equity,SPCE,92766K403,1.8515,20252.55,11859893.28
2021-04-09,ARKX,AIR FP Equity,AIR,,1.6426,87425,10521596.93
2021-04-09,ARKX,BABA US Equity,BABA,01609W102,1.5101,43316,9672895.96
2021-04-09,ARKX,ESLT IT Equity,ESLT,,1.4731,65249,9436310.38
2021-04-09,ARKX,NFLX US Equity,NFLX,64110L106,1.3286,15326,8510681.06
2021-04-09,ARKX,HEI US Equity,HEI,422806109,1.163,56720,7449604.8
2021-04-09,ARKX,HON US Equity,HON,438516106,1.126,31778,7212970.44
2021-04-09,ARKX,AVAV US Equity,AVAV,008073108,1.0928,61847,6999843.46
2021-04-09,ARKX,ANSS US Equity,ANSS,03662Q105,1.0463,18277,6702175.9
2021-04-09,ARKX,SNPS US Equity,SNPS,871607107,1.0251,25077,6566412.45
2021-04-09,ARKX,XLNX US Equity,XLNX,983919101,1.0129,50018,6488334.96
2021-04-09,ARKX,WKHS US Equity,WKHS,98138J404,0.9896,1939.308,6339113.03
2021-04-09,ARKX,TCEHY US Equity,TCEHY,88032Q109,0.9537,76922,6109145.24
2021-04-09,ARKX,ACHR US Equity,ACHR,03945R102,0.9492,595488,6079932.48
2021-04-09,ARKX,JOBY US Equity,JOBY,,0.9486,597485,6076422.45
2021-04-09,ARKX,ADSK US Equity,ADSK,052769106,0.8536,18375,5467848.75
2021-04-09,ARKX,VELO US Equity,VELO,92259N302,0.8091,922.5619,5182491.5
2021-04-09,ARKX,3690 HK Equity,3690,,0.7468,118476,4783523.72
2021-04-09,ARKX,TSM US Equity,TSM,874039100,0.427,22273,2735124.4
2021-04-09,ARKX,JPY Curncy,JPY,,0.2486,174609261,1592351.11
2021-04-09,ARKX,HKD Curncy,HKD,,0.0671,3341766.81,429698.71
2021-04-09,ARKX,USD Curncy,USD,,0,222693.19,0
2021-04-09,ARKX,MVRXX US Equity,MVRXX,61747C707,0,0,0
2021-04-12,ARKX,TRMB US Equity,TRMB,896239100,8.8949,705734,57376174.2
2021-04-12,ARKX,PRNT US Equity,PRNT,00214Q500,5.9995,998703,38699741.25
2021-04-12,ARKX,KTOS US Equity,KTOS,50077B207,5.877,1344788,37909573.72
2021-04-12,ARKX,LHX US Equity,LHX,502431109,5.0598,155725,32638402.75
2021-04-12,ARKX,IRDM US Equity,IRDM,46269C102,4.584,730819,29568936.74
2021-04-12,ARKX,LMT US Equity,LMT,539830109,4.5744,76079,29507240.15
2021-04-12,ARKX,JD US Equity,JD,47215P106,4.5433,372618,29306405.7
2021-04-12,ARKX,6301 JP Equity,6301,,4.4193,927188,28506698.64
2021-04-12,ARKX,HO FP Equity,HO,,3.9547,250346,25509549.89
2021-04-12,ARKX,NVDA US Equity,NVDA,67066G104,3.7931,1608720,24467022.48
2021-04-12,ARKX,BA US Equity,BA,097023105,3.4663,89610,22359487.2
2021-04-12,ARKX,AMZN US Equity,AMZN,023135106,3.2335,123440,20857595.08
2021-04-12,ARKX,SPR US Equity,SPR,848574109,3.0969,419587,19976537.07
2021-04-12,ARKX,GOOG US Equity,GOOG,02079K107,3.0194,172760,19476876.02
2021-04-12,ARKX,TER US Equity,TER,880770102,2.6472,130916,17075373.88
2021-04-12,ARKX,TDY US Equity,TDY,879360105,2.6243,39601,16927843.46
2021-04-12,ARKX,DE US Equity,DE,244199105,2.6108,44522,16840891.72
2021-04-12,ARKX,DSY FP Equity,DSY,,2.5894,372105,16702558.68
2021-04-12,ARKX,GRMN US Equity,GRMN,,2.0867,97645,13460363.25
2021-04-12,ARKX,RAVN US Equity,RAVN,754212108,1.8806,313297,12130859.84
2021-04-12,ARKX,SPCE US Equity,SPCE,92766K403,1.703,20518.15,10985417.51
2021-04-12,ARKX,BABA US Equity,BABA,01609W102,1.6601,43884,10708134.84
2021-04-12,ARKX,AIR FP Equity,AIR,,1.6336,88569,10537524.38
2021-04-12,ARKX,ESLT IT Equity,ESLT,,1.4719,66105,9494661.15
2021-04-12,ARKX,NFLX US Equity,NFLX,64110L106,1.3305,15526,8582462.28
2021-04-12,ARKX,HEI US Equity,HEI,422806109,1.1762,57464,7586971.92
2021-04-12,ARKX,HON US Equity,HON,438516106,1.1409,32194,7359548.4
2021-04-12,ARKX,AVAV US Equity,AVAV,008073108,1.1019,62655,7107583.2
2021-04-12,ARKX,ANSS US Equity,ANSS,03662Q105,1.0534,18517,6794627.98
2021-04-12,ARKX,SNPS US Equity,SNPS,871607107,1.0163,25405,6555760.25
2021-04-12,ARKX,VELO US Equity,VELO,92259N302,1.0029,1130.4857,6469204.5
2021-04-12,ARKX,XLNX US Equity,XLNX,983919101,0.9759,50674,6295231.02
2021-04-12,ARKX,TCEHY US Equity,TCEHY,88032Q109,0.9574,77930,6175952.5
2021-04-12,ARKX,JOBY US Equity,JOBY,,0.9497,605325,6125889
2021-04-12,ARKX,ACHR US Equity,ACHR,03945R102,0.9428,603304,6081304.32
2021-04-12,ARKX,WKHS US Equity,WKHS,98138J404,0.9412,1964.748,6071071.32
2021-04-12,ARKX,ADSK US Equity,ADSK,052769106,0.8499,18615,5482117.5
2021-04-12,ARKX,3690 HK Equity,3690,,0.7142,120076,4607017.73
2021-04-12,ARKX,TSM US Equity,TSM,874039100,0.423,22569,2728592.1
2021-04-12,ARKX,USD Curncy,USD,,0,1697141.34,0
2021-04-12,ARKX,HKD Curncy,HKD,,0,0,0
2021-04-12,ARKX,JPY Curncy,JPY,,0,0,0
2021-04-13,ARKX,TRMB US Equity,TRMB,896239100,8.953,711444,58082288.16
2021-04-13,ARKX,PRNT US Equity,PRNT,00214Q500,6.0508,1006783,39254469.17
2021-04-13,ARKX,KTOS US Equity,KTOS,50077B207,5.8427,1355673,37904617.08
2021-04-13,ARKX,LHX US Equity,LHX,502431109,5.0567,156985,32805155.45
2021-04-13,ARKX,IRDM US Equity,IRDM,46269C102,4.6981,736734,30478685.58
2021-04-13,ARKX,LMT US Equity,LMT,539830109,4.5763,76694,29689014.34
2021-04-13,ARKX,JD US Equity,JD,47215P106,4.5626,375633,29599880.4
2021-04-13,ARKX,6301 JP Equity,6301,,4.4532,934688,28890200.5
2021-04-13,ARKX,HO FP Equity,HO,,3.9891,252371,25879408.95
2021-04-13,ARKX,NVDA US Equity,NVDA,67066G104,3.9195,1621720,25427758.74
2021-04-13,ARKX,BA US Equity,BA,097023105,3.5267,90335,22879145.45
2021-04-13,ARKX,AMZN US Equity,AMZN,023135106,3.2609,124440,21154800
2021-04-13,ARKX,SPR US Equity,SPR,848574109,3.0944,422982,20074725.72
2021-04-13,ARKX,GOOG US Equity,GOOG,02079K107,3.0433,174160,19743387.16
2021-04-13,ARKX,DSY FP Equity,DSY,,2.639,375105,17120547.15
2021-04-13,ARKX,TER US Equity,TER,880770102,2.6243,131976,17024904
2021-04-13,ARKX,TDY US Equity,TDY,879360105,2.6085,39921,16922911.11
2021-04-13,ARKX,SPCE US Equity,SPCE,92766K403,2.1164,25539.15,13729847.04
2021-04-13,ARKX,DE US Equity,DE,244199105,2.022,34642,13117886.14
2021-04-13,ARKX,RAVN US Equity,RAVN,754212108,1.8446,315832,11966874.48
2021-04-13,ARKX,GRMN US Equity,GRMN,,1.8369,85935,11916606.45
2021-04-13,ARKX,BABA US Equity,BABA,01609W102,1.6495,44239,10700971.71
2021-04-13,ARKX,AIR FP Equity,AIR,,1.6189,89284,10502618.74
2021-04-13,ARKX,ESLT IT Equity,ESLT,,1.458,66640,9458881.6
2021-04-13,ARKX,NFLX US Equity,NFLX,64110L106,1.3359,15651,8666428.23
2021-04-13,ARKX,WKHS US Equity,WKHS,98138J404,1.2558,2494.248,8146837.53
2021-04-13,ARKX,HEI US Equity,HEI,422806109,1.1796,57929,7652420.9
2021-04-13,ARKX,HON US Equity,HON,438516106,1.1456,32454,7431966
2021-04-13,ARKX,AVAV US Equity,AVAV,008073108,1.0863,63160,7047392.8
2021-04-13,ARKX,ANSS US Equity,ANSS,03662Q105,1.0676,18667,6925830.34
2021-04-13,ARKX,JOBY US Equity,JOBY,,1.038,665393,6733777.16
2021-04-13,ARKX,SNPS US Equity,SNPS,871607107,1.034,25610,6708027.3
2021-04-13,ARKX,XLNX US Equity,XLNX,983919101,0.9938,51084,6447311.64
2021-04-13,ARKX,VELO US Equity,VELO,92259N302,0.9868,1139.6381,6401917
2021-04-13,ARKX,TCEHY US Equity,TCEHY,88032Q109,0.968,78560,6280086.4
2021-04-13,ARKX,ACHR US Equity,ACHR,03945R102,0.9431,608189,6118381.34
2021-04-13,ARKX,ADSK US Equity,ADSK,052769106,0.8543,18765,5542242.75
2021-04-13,ARKX,3690 HK Equity,3690,,0.6627,121076,4299081.57
2021-04-13,ARKX,TSM US Equity,TSM,874039100,0.0035,185,22434.95
2021-04-13,ARKX,USD Curncy,USD,,0,613036.35,0
2021-04-14,ARKX,TRMB US Equity,TRMB,896239100,8.8599,720580,58467861.2
2021-04-14,ARKX,PRNT US Equity,PRNT,00214Q500,5.98,1019711,39462815.7
2021-04-14,ARKX,KTOS US Equity,KTOS,50077B207,5.8676,1373089,38721109.8
2021-04-14,ARKX,LHX US Equity,LHX,502431109,5.0354,159001,33229618.99
2021-04-14,ARKX,IRDM US Equity,IRDM,46269C102,4.6508,746198,30691123.74
2021-04-14,ARKX,LMT US Equity,LMT,539830109,4.575,77678,30191108.26
2021-04-14,ARKX,JD US Equity,JD,47215P106,4.5038,380457,29721300.84
2021-04-14,ARKX,6301 JP Equity,6301,,4.4194,946688,29164301.36
2021-04-14,ARKX,HO FP Equity,HO,,4.0267,255611,26572814.44
2021-04-14,ARKX,NVDA US Equity,NVDA,67066G104,3.8024,1642520,25092778.04
2021-04-14,ARKX,BA US Equity,BA,097023105,3.4998,91495,23096082.85
2021-04-14,ARKX,AMZN US Equity,AMZN,023135106,3.1829,126040,21004566
2021-04-14,ARKX,SPR US Equity,SPR,848574109,3.0778,428414,20311107.74
2021-04-14,ARKX,GOOG US Equity,GOOG,02079K107,3.0137,176400,19887688.8
2021-04-14,ARKX,DSY FP Equity,DSY,,2.631,379905,17362326.6
2021-04-14,ARKX,TDY US Equity,TDY,879360105,2.5948,40433,17123779.83
2021-04-14,ARKX,TER US Equity,TER,880770102,2.5946,133672,17122046.48
2021-04-14,ARKX,SPCE US Equity,SPCE,92766K403,2.0916,25867.15,13802711.24
2021-04-14,ARKX,DE US Equity,DE,244199105,2.0286,35090,13386835
2021-04-14,ARKX,RAVN US Equity,RAVN,754212108,1.9118,319888,12616382.72
2021-04-14,ARKX,GRMN US Equity,GRMN,,1.815,87039,11977436.79
2021-04-14,ARKX,AIR FP Equity,AIR,,1.6452,90428,10856646.41
2021-04-14,ARKX,BABA US Equity,BABA,01609W102,1.6243,44807,10719178.61
2021-04-14,ARKX,ESLT IT Equity,ESLT,,1.4544,67496,9597931.2
2021-04-14,ARKX,NFLX US Equity,NFLX,64110L106,1.2971,15851,8559857.02
2021-04-14,ARKX,JOBY US Equity,JOBY,,1.2307,803296,8121322.56
2021-04-14,ARKX,WKHS US Equity,WKHS,98138J404,1.2049,2526.312,7951567.02
2021-04-14,ARKX,HEI US Equity,HEI,422806109,1.1893,58673,7848687.21
2021-04-14,ARKX,HON US Equity,HON,438516106,1.1425,32870,7539720.6
2021-04-14,ARKX,AVAV US Equity,AVAV,008073108,1.0694,63968,7057269.6
2021-04-14,ARKX,ANSS US Equity,ANSS,03662Q105,1.0504,18907,6931684.34
2021-04-14,ARKX,3690 HK Equity,3690,,1.0166,182154,6708566.5
2021-04-14,ARKX,SNPS US Equity,SNPS,871607107,1.0164,25938,6707307.42
2021-04-14,ARKX,VELO US Equity,VELO,92259N302,0.9817,1154.2819,6478118.62
2021-04-14,ARKX,XLNX US Equity,XLNX,983919101,0.9691,51740,6395581.4
2021-04-14,ARKX,TCEHY US Equity,TCEHY,88032Q109,0.9567,79568,6313720.8
2021-04-14,ARKX,ACHR US Equity,ACHR,03945R102,0.9344,616005,6166210.05
2021-04-14,ARKX,ADSK US Equity,ADSK,052769106,0.8477,19005,5594121.75
2021-04-14,ARKX,DGCXX US Equity,DGCXX,262006208,0.2067,1364190.87,1364190.87
2021-04-14,ARKX,USD Curncy,USD,,0,2870741.23,0
2021-04-14,ARKX,TSM US Equity,TSM,874039100,0,0,0
2021-04-15,ARKX,TRMB US Equity,TRMB,896239100,8.9433,724006,59404692.3
2021-04-15,ARKX,PRNT US Equity,PRNT,00214Q500,5.9539,1024562,39548093.2
2021-04-15,ARKX,KTOS US Equity,KTOS,50077B207,5.8467,1379620,38836303
2021-04-15,ARKX,LHX US Equity,LHX,502431109,5.069,159757,33670385.32
2021-04-15,ARKX,IRDM US Equity,IRDM,46269C102,4.6876,749747,31136992.91
2021-04-15,ARKX,LMT US Equity,LMT,539830109,4.5898,78047,30487499.61
2021-04-15,ARKX,JD US Equity,JD,47215P106,4.4595,382266,29621792.34
2021-04-15,ARKX,6301 JP Equity,6301,,4.4556,951188,29595821.48
2021-04-15,ARKX,NVDA US Equity,NVDA,67066G104,4.0093,1650320,26631626.42
2021-04-15,ARKX,HO FP Equity,HO,,3.9953,256826,26538092.15
2021-04-15,ARKX,BA US Equity,BA,097023105,3.4753,91930,23084542.3
2021-04-15,ARKX,AMZN US Equity,AMZN,023135106,3.2212,126640,21396397.88
2021-04-15,ARKX,GOOG US Equity,GOOG,02079K107,3.0641,177240,20353000.92
2021-04-15,ARKX,SPR US Equity,SPR,848574109,3.027,430454,20106506.34
2021-04-15,ARKX,TER US Equity,TER,880770102,2.6526,134308,17619866.52
2021-04-15,ARKX,DSY FP Equity,DSY,,2.6319,381720,17482207.43
2021-04-15,ARKX,TDY US Equity,TDY,879360105,2.6104,40625,17339156.25
2021-04-15,ARKX,DE US Equity,DE,244199105,2.0282,35255,13472345.7
2021-04-15,ARKX,RAVN US Equity,RAVN,754212108,1.92,321409,12753509.12
2021-04-15,ARKX,GRMN US Equity,GRMN,,1.8241,87453,12116613.15
2021-04-15,ARKX,SPCE US Equity,SPCE,92766K403,1.8046,25990.15,11986657.18
2021-04-15,ARKX,AIR FP Equity,AIR,,1.6843,90857,11187688.74
2021-04-15,ARKX,BABA US Equity,BABA,01609W102,1.6205,45020,10763831.8
2021-04-15,ARKX,ESLT IT Equity,ESLT,,1.4593,67817,9693083.81
2021-04-15,ARKX,NFLX US Equity,NFLX,64110L106,1.3168,15926,8746877.72
2021-04-15,ARKX,JOBY US Equity,JOBY,,1.238,814218,8223601.8
2021-04-15,ARKX,HEI US Equity,HEI,422806109,1.2009,58952,7976795.12
2021-04-15,ARKX,HON US Equity,HON,438516106,1.1428,33026,7590695.84
2021-04-15,ARKX,WKHS US Equity,WKHS,98138J404,1.113,2538.336,7392903.6
2021-04-15,ARKX,ANSS US Equity,ANSS,03662Q105,1.0714,18997,7116656.14
2021-04-15,ARKX,AVAV US Equity,AVAV,008073108,1.0557,64271,7012608.81
2021-04-15,ARKX,SNPS US Equity,SNPS,871607107,1.0285,26061,6831369.93
2021-04-15,ARKX,XLNX US Equity,XLNX,983919101,1.0182,51986,6763378.6
2021-04-15,ARKX,3690 HK Equity,3690,,1.0104,183054,6711567.6
2021-04-15,ARKX,TCEHY US Equity,TCEHY,88032Q109,0.9626,79946,6394081.08
2021-04-15,ARKX,VELO US Equity,VELO,92259N302,0.9341,1159.779,6204527.96
2021-04-15,ARKX,ACHR US Equity,ACHR,03945R102,0.9271,618936,6158413.2
2021-04-15,ARKX,ADSK US Equity,ADSK,052769106,0.8591,19095,5706731.7
2021-04-15,ARKX,DGCXX US Equity,DGCXX,262006208,0.0876,581836.4,581836.4
2021-04-15,ARKX,USD Curncy,USD,,0,35731.67,0
2021-04-16,ARKX,TRMB US Equity,TRMB,896239100,8.9533,756094,61977025.18
2021-04-16,ARKX,PRNT US Equity,PRNT,00214Q500,6.0159,1069978,41643543.76
2021-04-16,ARKX,KTOS US Equity,KTOS,50077B207,5.6925,1440772,39405114.2
2021-04-16,ARKX,LHX US Equity,LHX,502431109,5.0788,166841,35156735.52
2021-04-16,ARKX,IRDM US Equity,IRDM,46269C102,4.6161,782983,31953536.23
2021-04-16,ARKX,6301 JP Equity,6301,,4.4458,993188,30775225.19
2021-04-16,ARKX,JD US Equity,JD,47215P106,4.4429,399206,30754830.24
2021-04-16,ARKX,LMT US Equity,LMT,539830109,4.3744,77285,30281035.85
2021-04-16,ARKX,HO FP Equity,HO,,3.9954,268222,27657119.79
2021-04-16,ARKX,NVDA US Equity,NVDA,67066G104,3.961,1723120,27419147
2021-04-16,ARKX,BA US Equity,BA,097023105,3.4425,96018,23829747.24
2021-04-16,ARKX,AMZN US Equity,AMZN,023135106,3.2471,132240,22477097.28
2021-04-16,ARKX,GOOG US Equity,GOOG,02079K107,3.0718,185080,21263471.04
2021-04-16,ARKX,SPR US Equity,SPR,848574109,3.0205,449550,20908570.5
2021-04-16,ARKX,DSY FP Equity,DSY,,2.6421,398660,18289390.86
2021-04-16,ARKX,TDY US Equity,TDY,879360105,2.6303,42417,18207497.25
2021-04-16,ARKX,TER US Equity,TER,880770102,2.6238,140272,18162418.56
2021-04-16,ARKX,DE US Equity,DE,244199105,2.0377,36823,14105786.61
2021-04-16,ARKX,SPCE US Equity,SPCE,92766K403,1.9764,29283.75,13681368
2021-04-16,ARKX,RAVN US Equity,RAVN,754212108,1.9309,335661,13366021.02
2021-04-16,ARKX,GRMN US Equity,GRMN,,1.8548,91317,12839170.2
2021-04-16,ARKX,AIR FP Equity,AIR,,1.7028,94889,11787509.91
2021-04-16,ARKX,BABA US Equity,BABA,01609W102,1.6209,47008,11220339.52
2021-04-16,ARKX,ESLT IT Equity,ESLT,,1.4628,70813,10125550.87
2021-04-16,ARKX,NFLX US Equity,NFLX,64110L106,1.3127,16626,9086774.04
2021-04-16,ARKX,WKHS US Equity,WKHS,98138J404,1.2666,2650.896,8767838.52
2021-04-16,ARKX,JOBY US Equity,JOBY,,1.237,850310,8562621.7
2021-04-16,ARKX,HEI US Equity,HEI,422806109,1.2046,61556,8338375.76
2021-04-16,ARKX,HON US Equity,HON,438516106,1.1562,34482,8003617.02
2021-04-16,ARKX,ANSS US Equity,ANSS,03662Q105,1.0716,19837,7417649.41
2021-04-16,ARKX,AVAV US Equity,AVAV,008073108,1.0512,67127,7276566.8
2021-04-16,ARKX,3690 HK Equity,3690,,1.0329,191454,7150204.73
2021-04-16,ARKX,SNPS US Equity,SNPS,871607107,1.025,27209,7095290.93
2021-04-16,ARKX,XLNX US Equity,XLNX,983919101,1.0088,54282,6982836.48
2021-04-16,ARKX,TCEHY US Equity,TCEHY,88032Q109,0.9771,83502,6763662
2021-04-16,ARKX,VELO US Equity,VELO,92259N302,0.9517,1211.1924,6587675.36
2021-04-16,ARKX,ACHR US Equity,ACHR,03945R102,0.9263,646376,6412049.92
2021-04-16,ARKX,ADSK US Equity,ADSK,052769106,0.8644,19935,5983689.6
2021-04-16,ARKX,DGCXX US Equity,DGCXX,262006208,0.0736,509786.31,509786.31
2021-04-16,ARKX,USD Curncy,USD,,0,35731.68,0
2021-04-19,ARKX,TRMB US Equity,TRMB,896239100,8.9533,756094,61220931.18
2021-04-19,ARKX,PRNT US Equity,PRNT,00214Q500,5.9118,1069978,40423768.84
2021-04-19,ARKX,KTOS US Equity,KTOS,50077B207,5.6933,1440772,38929659.44
2021-04-19,ARKX,LHX US Equity,LHX,502431109,5.1173,166841,34991562.93
2021-04-19,ARKX,6301 JP Equity,6301,,4.525,993188,30941008.18
2021-04-19,ARKX,JD US Equity,JD,47215P106,4.4925,399206,30718901.7
2021-04-19,ARKX,LMT US Equity,LMT,539830109,4.4275,77285,30274853.05
2021-04-19,ARKX,IRDM US Equity,IRDM,46269C102,4.4051,782983,30121356.01
2021-04-19,ARKX,HO FP Equity,HO,,4.0797,268222,27896069.53
2021-04-19,ARKX,NVDA US Equity,NVDA,67066G104,3.8711,1723120,26470138.66
2021-04-19,ARKX,BA US Equity,BA,097023105,3.4284,96018,23442794.7
2021-04-19,ARKX,AMZN US Equity,AMZN,023135106,3.2606,132240,22295730.12
2021-04-19,ARKX,GOOG US Equity,GOOG,02079K107,3.116,185080,21306409.6
2021-04-19,ARKX,SPR US Equity,SPR,848574109,3.0354,449550,20755723.5
2021-04-19,ARKX,DSY FP Equity,DSY,,2.6949,398660,18427599.49
2021-04-19,ARKX,TDY US Equity,TDY,879360105,2.6624,42417,18205376.4
2021-04-19,ARKX,TER US Equity,TER,880770102,2.5913,140272,17719159.04
2021-04-19,ARKX,DE US Equity,DE,244199105,2.0502,36823,14019252.56
2021-04-19,ARKX,SPCE US Equity,SPCE,92766K403,1.9237,29283.75,13154260.5
2021-04-19,ARKX,RAVN US Equity,RAVN,754212108,1.8958,335661,12963227.82
2021-04-19,ARKX,GRMN US Equity,GRMN,,1.877,91317,12834604.35
2021-04-19,ARKX,AIR FP Equity,AIR,,1.7155,94889,11730626.07
2021-04-19,ARKX,BABA US Equity,BABA,01609W102,1.614,47008,11036538.24
2021-04-19,ARKX,ESLT IT Equity,ESLT,,1.4786,70813,10110680.14
2021-04-19,ARKX,NFLX US Equity,NFLX,64110L106,1.3481,16626,9218119.44
2021-04-19,ARKX,JOBY US Equity,JOBY,,1.2423,850310,8494596.9
2021-04-19,ARKX,WKHS US Equity,WKHS,98138J404,1.2212,2650.896,8350322.4
2021-04-19,ARKX,HEI US Equity,HEI,422806109,1.2041,61556,8233730.56
2021-04-19,ARKX,HON US Equity,HON,438516106,1.1647,34482,7964307.54
2021-04-19,ARKX,ANSS US Equity,ANSS,03662Q105,1.0574,19837,7229991.39
2021-04-19,ARKX,3690 HK Equity,3690,,1.0427,191454,7129694.79
2021-04-19,ARKX,AVAV US Equity,AVAV,008073108,1.0375,67127,7093981.36
2021-04-19,ARKX,XLNX US Equity,XLNX,983919101,1.0074,54282,6888385.8
2021-04-19,ARKX,SNPS US Equity,SNPS,871607107,0.9973,27209,6819663.76
2021-04-19,ARKX,TCEHY US Equity,TCEHY,88032Q109,0.9722,83502,6647594.22
2021-04-19,ARKX,VELO US Equity,VELO,92259N302,0.9485,1211.1924,6485935.2
2021-04-19,ARKX,ACHR US Equity,ACHR,03945R102,0.933,646376,6379731.12
2021-04-19,ARKX,ADSK US Equity,ADSK,052769106,0.846,19935,5785137
2021-04-19,ARKX,DGCXX US Equity,DGCXX,262006208,0.1568,1072010.17,1072010.17
2021-04-19,ARKX,USD Curncy,USD,,0,35731.68,0
2021-04-20,ARKX,TRMB US Equity,TRMB,896239100,9.0317,762946,60593171.32
2021-04-20,ARKX,PRNT US Equity,PRNT,00214Q500,6.0317,1079680,40466406.4
2021-04-20,ARKX,KTOS US Equity,KTOS,50077B207,5.6082,1453834,37625223.92
2021-04-20,ARKX,LHX US Equity,LHX,502431109,5.2747,168353,35387800.6
2021-04-20,ARKX,JD US Equity,JD,47215P106,4.9686,447137,33334063.35
2021-04-20,ARKX,LMT US Equity,LMT,539830109,4.5024,77987,30206704.71
2021-04-20,ARKX,6301 JP Equity,6301,,4.4848,1002188,30088356.94
2021-04-20,ARKX,IRDM US Equity,IRDM,46269C102,4.2313,790081,28387610.33
2021-04-20,ARKX,HO FP Equity,HO,,4.1003,270652,27508806.37
2021-04-20,ARKX,BA US Equity,BA,097023105,3.3802,96888,22677605.28
2021-04-20,ARKX,AMZN US Equity,AMZN,023135106,3.3163,133440,22249051.68
2021-04-20,ARKX,GOOG US Equity,GOOG,02079K107,3.1924,186760,21417916.94
2021-04-20,ARKX,NVDA US Equity,NVDA,67066G104,3.0363,1342680,20370133.95
2021-04-20,ARKX,SPR US Equity,SPR,848574109,3.0197,453624,20258847.84
2021-04-20,ARKX,DSY FP Equity,DSY,,2.7505,402260,18453092.97
2021-04-20,ARKX,TDY US Equity,TDY,879360105,2.7154,42801,18217817.64
2021-04-20,ARKX,TER US Equity,TER,880770102,2.6218,141544,17589672.88
2021-04-20,ARKX,DE US Equity,DE,244199105,2.0505,37153,13756641.31
2021-04-20,ARKX,GRMN US Equity,GRMN,,1.8981,92145,12734439
2021-04-20,ARKX,RAVN US Equity,RAVN,754212108,1.8927,338703,12697975.47
2021-04-20,ARKX,AIR FP Equity,AIR,,1.6821,95747,11284821.75
2021-04-20,ARKX,WKHS US Equity,WKHS,98138J404,1.6463,3600.748,11045294.49
2021-04-20,ARKX,BABA US Equity,BABA,01609W102,1.6253,47434,10904127.92
2021-04-20,ARKX,NFLX US Equity,NFLX,64110L106,1.5782,19266,10588015.62
2021-04-20,ARKX,ESLT IT Equity,ESLT,,1.5076,71455,10114455.25
2021-04-20,ARKX,JOBY US Equity,JOBY,,1.3849,933820,9291509
2021-04-20,ARKX,HEI US Equity,HEI,422806109,1.2284,62114,8241285.52
2021-04-20,ARKX,HON US Equity,HON,438516106,1.179,34794,7909720.02
2021-04-20,ARKX,VELO US Equity,VELO,92259N302,1.1692,1479.299,7843983.2
2021-04-20,ARKX,3690 HK Equity,3690,,1.0897,193254,7310597.44
2021-04-20,ARKX,ANSS US Equity,ANSS,03662Q105,1.0888,20017,7305003.98
2021-04-20,ARKX,AVAV US Equity,AVAV,008073108,1.0346,67733,6941277.84
2021-04-20,ARKX,SNPS US Equity,SNPS,871607107,1.0238,27455,6868417.35
2021-04-20,ARKX,XLNX US Equity,XLNX,983919101,1.0093,54774,6771161.88
2021-04-20,ARKX,SPCE US Equity,SPCE,92766K403,0.9875,15789.05,6625085.38
2021-04-20,ARKX,TCEHY US Equity,TCEHY,88032Q109,0.9871,84258,6622678.8
2021-04-20,ARKX,ADSK US Equity,ADSK,052769106,0.8586,20115,5760131.4
2021-04-20,ARKX,ACHR US Equity,ACHR,03945R102,0.6522,443776,4375631.36
2021-04-20,ARKX,DGCXX US Equity,DGCXX,262006208,0.1598,1072010.17,1072010.17
2021-04-20,ARKX,USD Curncy,USD,,0,35731.68,0
2021-04-21,ARKX,TRMB US Equity,TRMB,896239100,9.021,762946,61798626
2021-04-21,ARKX,PRNT US Equity,PRNT,00214Q500,6.0521,1079680,41459712
2021-04-21,ARKX,KTOS US Equity,KTOS,50077B207,5.6197,1453834,38497524.32
2021-04-21,ARKX,LHX US Equity,LHX,502431109,5.2112,168353,35699253.65
2021-04-21,ARKX,JD US Equity,JD,47215P106,4.9423,447137,33857213.64
2021-04-21,ARKX,LMT US Equity,LMT,539830109,4.4084,77987,30199685.88
2021-04-21,ARKX,IRDM US Equity,IRDM,46269C102,4.348,790081,29786053.7
2021-04-21,ARKX,6301 JP Equity,6301,,4.2626,1002188,29200925.39
2021-04-21,ARKX,HO FP Equity,HO,,4.012,270652,27484073.17
2021-04-21,ARKX,BA US Equity,BA,097023105,3.3367,96888,22857816.96
2021-04-21,ARKX,AMZN US Equity,AMZN,023135106,3.2744,133440,22431397.44
2021-04-21,ARKX,GOOG US Equity,GOOG,02079K107,3.126,186760,21414742.02
2021-04-21,ARKX,SPR US Equity,SPR,848574109,3.0288,453624,20748761.76
2021-04-21,ARKX,NVDA US Equity,NVDA,67066G104,3.0106,1342680,20624236.14
2021-04-21,ARKX,TDY US Equity,TDY,879360105,2.7241,42801,18661664.01
2021-04-21,ARKX,DSY FP Equity,DSY,,2.7235,402260,18657304.26
2021-04-21,ARKX,TER US Equity,TER,880770102,2.6848,141544,18392227.36
2021-04-21,ARKX,DE US Equity,DE,244199105,2.037,37153,13954666.8
2021-04-21,ARKX,RAVN US Equity,RAVN,754212108,1.9307,338703,13226352.15
2021-04-21,ARKX,GRMN US Equity,GRMN,,1.8697,92145,12808155
2021-04-21,ARKX,AIR FP Equity,AIR,,1.6438,95747,11261167.24
2021-04-21,ARKX,WKHS US Equity,WKHS,98138J404,1.6373,3600.748,11216330.02
2021-04-21,ARKX,BABA US Equity,BABA,01609W102,1.5887,47434,10883256.96
2021-04-21,ARKX,JOBY US Equity,JOBY,,1.5403,1054120,10551741.2
2021-04-21,ARKX,ESLT IT Equity,ESLT,,1.4806,71455,10143037.25
2021-04-21,ARKX,NFLX US Equity,NFLX,64110L106,1.4312,19266,9804467.4
2021-04-21,ARKX,HEI US Equity,HEI,422806109,1.224,62114,8384768.86
2021-04-21,ARKX,HON US Equity,HON,438516106,1.1707,34794,8020017
2021-04-21,ARKX,VELO US Equity,VELO,92259N302,1.1518,1479.299,7890581.12
2021-04-21,ARKX,ANSS US Equity,ANSS,03662Q105,1.0691,20017,7323819.96
2021-04-21,ARKX,AVAV US Equity,AVAV,008073108,1.0538,67733,7218983.14
2021-04-21,ARKX,3690 HK Equity,3690,,1.045,196971,7159076.31
2021-04-21,ARKX,SPCE US Equity,SPCE,92766K403,1.0261,15789.05,7029285.06
2021-04-21,ARKX,XLNX US Equity,XLNX,983919101,1.015,54774,6953559.3
2021-04-21,ARKX,SNPS US Equity,SNPS,871607107,1.0122,27455,6934034.8
2021-04-21,ARKX,TCEHY US Equity,TCEHY,88032Q109,0.9814,84258,6722945.82
2021-04-21,ARKX,ADSK US Equity,ADSK,052769106,0.8482,20115,5810620.05
2021-04-21,ARKX,DGCXX US Equity,DGCXX,262006208,0.8164,5592926.58,5592926.58
2021-04-21,ARKX,ACHR US Equity,ACHR,03945R102,0.6407,443776,4388944.64
2021-04-21,ARKX,USD Curncy,USD,,0,35803.78,0
2021-04-22,ARKX,TRMB US Equity,TRMB,896239100,9.0202,762946,62058027.64
2021-04-22,ARKX,PRNT US Equity,PRNT,00214Q500,6.0309,1079680,41492102.4
2021-04-22,ARKX,KTOS US Equity,KTOS,50077B207,5.5882,1453834,38446640.13
2021-04-22,ARKX,LHX US Equity,LHX,502431109,5.1561,168353,35473660.63
2021-04-22,ARKX,JD US Equity,JD,47215P106,4.9465,447137,34031597.07
2021-04-22,ARKX,6301 JP Equity,6301,,4.3843,1002188,30163525.33
2021-04-22,ARKX,IRDM US Equity,IRDM,46269C102,4.3122,790081,29667541.55
2021-04-22,ARKX,LMT US Equity,LMT,539830109,4.3085,77987,29642078.83
2021-04-22,ARKX,HO FP Equity,HO,,4.0672,270652,27982113.31
2021-04-22,ARKX,BA US Equity,BA,097023105,3.3,96888,22703765.04
2021-04-22,ARKX,AMZN US Equity,AMZN,023135106,3.209,133440,22077914.88
2021-04-22,ARKX,GOOG US Equity,GOOG,02079K107,3.0782,186760,21177836.96
2021-04-22,ARKX,SPR US Equity,SPR,848574109,2.9954,453624,20608138.32
2021-04-22,ARKX,DSY FP Equity,DSY,,2.7408,402260,18856541.57
2021-04-22,ARKX,TDY US Equity,TDY,879360105,2.7227,42801,18731857.65
2021-04-22,ARKX,TER US Equity,TER,880770102,2.5988,141544,17879838.08
2021-04-22,ARKX,NVDA US Equity,NVDA,67066G104,2.4149,1118800,16614459.7
2021-04-22,ARKX,DE US Equity,DE,244199105,1.9892,37153,13685679.08
2021-04-22,ARKX,RAVN US Equity,RAVN,754212108,1.9229,338703,13229739.18
2021-04-22,ARKX,GRMN US Equity,GRMN,,1.8638,92145,12822898.2
2021-04-22,ARKX,NFLX US Equity,NFLX,64110L106,1.8103,24480,12454934.4
2021-04-22,ARKX,JOBY US Equity,JOBY,,1.687,1157172,11606435.16
2021-04-22,ARKX,AIR FP Equity,AIR,,1.667,95747,11469165.51
2021-04-22,ARKX,WKHS US Equity,WKHS,98138J404,1.6584,3600.748,11409870.23
2021-04-22,ARKX,BABA US Equity,BABA,01609W102,1.5813,47434,10878987.9
2021-04-22,ARKX,3690 HK Equity,3690,,1.5414,281831,10604844.27
2021-04-22,ARKX,ESLT IT Equity,ESLT,,1.4541,71455,10004414.55
2021-04-22,ARKX,HEI US Equity,HEI,422806109,1.2421,62114,8545644.12
2021-04-22,ARKX,HON US Equity,HON,438516106,1.1594,34794,7976872.44
2021-04-22,ARKX,VELO US Equity,VELO,92259N302,1.1514,1479.299,7921646.4
2021-04-22,ARKX,AVAV US Equity,AVAV,008073108,1.0682,67733,7349030.5
2021-04-22,ARKX,ANSS US Equity,ANSS,03662Q105,1.0614,20017,7302401.77
2021-04-22,ARKX,SPCE US Equity,SPCE,92766K403,0.9969,15789.05,6858763.32
2021-04-22,ARKX,TCEHY US Equity,TCEHY,88032Q109,0.9907,84258,6815629.62
2021-04-22,ARKX,SNPS US Equity,SNPS,871607107,0.9905,27455,6814605.55
2021-04-22,ARKX,ADSK US Equity,ADSK,052769106,0.842,20115,5793120
2021-04-22,ARKX,ACHR US Equity,ACHR,03945R102,0.6399,443776,4402257.92
2021-04-22,ARKX,DGCXX US Equity,DGCXX,262006208,0.6195,4262262.24,4262262.24
2021-04-22,ARKX,HKD Curncy,HKD,,0.4594,24526900.32,3160642.3
2021-04-22,ARKX,PATH US Equity,PATH,90364P105,0.4222,38475,2904862.5
2021-04-22,ARKX,XLNX US Equity,XLNX,983919101,0.3066,17140,2109591.2
2021-04-22,ARKX,USD Curncy,USD,,0,-3127462.99,0
2021-04-23,ARKX,TRMB US Equity,TRMB,896239100,9.1165,762946,62973562.84
2021-04-23,ARKX,PRNT US Equity,PRNT,00214Q500,6.1005,1079680,42139910.4
2021-04-23,ARKX,KTOS US Equity,KTOS,50077B207,5.6889,1453834,39297133.02
2021-04-23,ARKX,LHX US Equity,LHX,502431109,5.143,168353,35525850.06
2021-04-23,ARKX,JD US Equity,JD,47215P106,4.9681,447137,34317764.75
2021-04-23,ARKX,IRDM US Equity,IRDM,46269C102,4.308,790081,29758400.87
2021-04-23,ARKX,LMT US Equity,LMT,539830109,4.2596,77987,29423715.23
2021-04-23,ARKX,6301 JP Equity,6301,,4.233,1002188,29240352.42
2021-04-23,ARKX,HO FP Equity,HO,,4.0837,270652,28208744.65
2021-04-23,ARKX,BA US Equity,BA,097023105,3.3436,96888,23096161.44
2021-04-23,ARKX,AMZN US Equity,AMZN,023135106,3.2269,133440,22290351.36
2021-04-23,ARKX,GOOG US Equity,GOOG,02079K107,3.1299,186760,21620271.4
2021-04-23,ARKX,SPR US Equity,SPR,848574109,3.032,453624,20943820.08
2021-04-23,ARKX,DSY FP Equity,DSY,,2.7599,402260,19064616.45
2021-04-23,ARKX,TDY US Equity,TDY,879360105,2.7477,42801,18980531.46
2021-04-23,ARKX,TER US Equity,TER,880770102,2.6952,141544,18617282.32
2021-04-23,ARKX,NVDA US Equity,NVDA,67066G104,2.4724,1118800,17078761.7
2021-04-23,ARKX,DE US Equity,DE,244199105,2.0238,37153,13979559.31
2021-04-23,ARKX,RAVN US Equity,RAVN,754212108,1.9868,338703,13724245.56
2021-04-23,ARKX,GRMN US Equity,GRMN,,1.8856,92145,13025156.48
2021-04-23,ARKX,NFLX US Equity,NFLX,64110L106,1.7916,24480,12375864
2021-04-23,ARKX,JOBY US Equity,JOBY,,1.6718,1157172,11548576.56
2021-04-23,ARKX,WKHS US Equity,WKHS,98138J404,1.6524,3600.748,11414371.16
2021-04-23,ARKX,AIR FP Equity,AIR,,1.6513,95747,11406506.65
2021-04-23,ARKX,3690 HK Equity,3690,,1.6111,281831,11128683.34
2021-04-23,ARKX,BABA US Equity,BABA,01609W102,1.5937,47434,11008482.72
2021-04-23,ARKX,ESLT IT Equity,ESLT,,1.4544,71455,10046573
2021-04-23,ARKX,HEI US Equity,HEI,422806109,1.2517,62114,8646268.8
2021-04-23,ARKX,VELO US Equity,VELO,92259N302,1.1445,1479.299,7906113.76
2021-04-23,ARKX,HON US Equity,HON,438516106,1.1308,34794,7811253
2021-04-23,ARKX,AVAV US Equity,AVAV,008073108,1.0929,67733,7549520.18
2021-04-23,ARKX,ANSS US Equity,ANSS,03662Q105,1.0772,20017,7440919.41
2021-04-23,ARKX,SPCE US Equity,SPCE,92766K403,1.013,15789.05,6997706.96
2021-04-23,ARKX,SNPS US Equity,SNPS,871607107,0.9994,27455,6903559.75
2021-04-23,ARKX,TCEHY US Equity,TCEHY,88032Q109,0.9978,84258,6892304.4
2021-04-23,ARKX,ADSK US Equity,ADSK,052769106,0.8598,20115,5939356.05
2021-04-23,ARKX,ACHR US Equity,ACHR,03945R102,0.6354,443776,4388944.64
2021-04-23,ARKX,DGCXX US Equity,DGCXX,262006208,0.4275,2953305.51,2953305.51
2021-04-23,ARKX,PATH US Equity,PATH,90364P105,0.4169,38475,2879469
2021-04-23,ARKX,XLNX US Equity,XLNX,983919101,0.3217,17140,2222372.4
2021-04-23,ARKX,USD Curncy,USD,,0,35731.67,0
2021-04-23,ARKX,HKD Curncy,HKD,,0,0,0
2021-04-26,ARKX,TRMB US Equity,TRMB,896239100,9.2186,760660,63986719.2
2021-04-26,ARKX,PRNT US Equity,PRNT,00214Q500,6.1739,1076446,42853315.26
2021-04-26,ARKX,KTOS US Equity,KTOS,50077B207,5.6717,1449480,39367876.8
2021-04-26,ARKX,LHX US Equity,LHX,502431109,5.0214,167849,34853844.85
2021-04-26,ARKX,JD US Equity,JD,47215P106,4.8902,445797,33942983.58
2021-04-26,ARKX,IRDM US Equity,IRDM,46269C102,4.376,787715,30374290.4
2021-04-26,ARKX,6301 JP Equity,6301,,4.2482,999188,29486811.32
2021-04-26,ARKX,LMT US Equity,LMT,539830109,4.1669,77753,28922560.94
2021-04-26,ARKX,HO FP Equity,HO,,4.0305,269842,27975882.4
2021-04-26,ARKX,BA US Equity,BA,097023105,3.3601,96598,23322621.12
2021-04-26,ARKX,AMZN US Equity,AMZN,023135106,3.267,133040,22676668
2021-04-26,ARKX,GOOG US Equity,GOOG,02079K107,3.1208,186200,21661949.4
2021-04-26,ARKX,SPR US Equity,SPR,848574109,3.0657,452266,21279115.3
2021-04-26,ARKX,DSY FP Equity,DSY,,2.7185,401050,18869518.86
2021-04-26,ARKX,TER US Equity,TER,880770102,2.7128,141120,18829641.6
2021-04-26,ARKX,TDY US Equity,TDY,879360105,2.7077,42673,18794042.66
2021-04-26,ARKX,NVDA US Equity,NVDA,67066G104,2.4873,1115440,17264780.32
2021-04-26,ARKX,DE US Equity,DE,244199105,2.0303,37041,14092248.45
2021-04-26,ARKX,RAVN US Equity,RAVN,754212108,1.9601,337689,13605489.81
2021-04-26,ARKX,GRMN US Equity,GRMN,,1.8748,91869,13013243.85
2021-04-26,ARKX,NFLX US Equity,NFLX,64110L106,1.7943,24406,12454381.8
2021-04-26,ARKX,WKHS US Equity,WKHS,98138J404,1.7107,3589.964,11873805.93
2021-04-26,ARKX,AIR FP Equity,AIR,,1.6832,95461,11683355.46
2021-04-26,ARKX,JOBY US Equity,JOBY,,1.6688,1153706,11583208.24
2021-04-26,ARKX,3690 HK Equity,3690,,1.5912,281031,11044538.58
2021-04-26,ARKX,BABA US Equity,BABA,01609W102,1.5855,47292,11004848.4
2021-04-26,ARKX,ESLT IT Equity,ESLT,,1.4392,71241,9989413.02
2021-04-26,ARKX,HEI US Equity,HEI,422806109,1.2455,61928,8645148.8
2021-04-26,ARKX,VELO US Equity,VELO,92259N302,1.1479,1474.8686,7967608.74
2021-04-26,ARKX,HON US Equity,HON,438516106,1.1071,34690,7684528.8
2021-04-26,ARKX,AVAV US Equity,AVAV,008073108,1.1039,67529,7662515.63
2021-04-26,ARKX,ANSS US Equity,ANSS,03662Q105,1.0836,19957,7521394.16
2021-04-26,ARKX,SPCE US Equity,SPCE,92766K403,1.0514,15741.75,7297875.3
2021-04-26,ARKX,SNPS US Equity,SNPS,871607107,1.013,27373,7031576.24
2021-04-26,ARKX,TCEHY US Equity,TCEHY,88032Q109,0.9719,84006,6745681.8
2021-04-26,ARKX,ADSK US Equity,ADSK,052769106,0.8649,20055,6003263.7
2021-04-26,ARKX,ACHR US Equity,ACHR,03945R102,0.6304,442446,4375790.94
2021-04-26,ARKX,PATH US Equity,PATH,90364P105,0.4466,38359,3099790.79
2021-04-26,ARKX,DGCXX US Equity,DGCXX,262006208,0.4286,2974992.58,2974992.58
2021-04-26,ARKX,XLNX US Equity,XLNX,983919101,0.3298,17088,2289108.48
2021-04-26,ARKX,USD Curncy,USD,,0,35576.77,0
2021-04-27,ARKX,TRMB US Equity,TRMB,896239100,9.2099,760660,63941079.6
2021-04-27,ARKX,PRNT US Equity,PRNT,00214Q500,6.1585,1076446,42756435.12
2021-04-27,ARKX,KTOS US Equity,KTOS,50077B207,5.6579,1449480,39280908
2021-04-27,ARKX,JD US Equity,JD,47215P106,5.038,445797,34977232.62
2021-04-27,ARKX,LHX US Equity,LHX,502431109,5.0222,167849,34867272.77
2021-04-27,ARKX,IRDM US Equity,IRDM,46269C102,4.3353,787715,30098590.15
2021-04-27,ARKX,6301 JP Equity,6301,,4.2298,999188,29365992.44
2021-04-27,ARKX,LMT US Equity,LMT,539830109,4.1798,77753,29018974.66
2021-04-27,ARKX,HO FP Equity,HO,,4.0119,269842,27853268.97
2021-04-27,ARKX,BA US Equity,BA,097023105,3.3737,96598,23422117.06
2021-04-27,ARKX,AMZN US Equity,AMZN,023135106,3.2744,133040,22732744.36
2021-04-27,ARKX,GOOG US Equity,GOOG,02079K107,3.0938,186200,21479287.2
2021-04-27,ARKX,SPR US Equity,SPR,848574109,3.0539,452266,21202230.08
2021-04-27,ARKX,TDY US Equity,TDY,879360105,2.7224,42673,18900298.43
2021-04-27,ARKX,DSY FP Equity,DSY,,2.7167,401050,18860734.32
2021-04-27,ARKX,TER US Equity,TER,880770102,2.6648,141120,18500832
2021-04-27,ARKX,NVDA US Equity,NVDA,67066G104,2.4713,1115440,17157419.22
2021-04-27,ARKX,DE US Equity,DE,244199105,2.04,37041,14162996.76
2021-04-27,ARKX,RAVN US Equity,RAVN,754212108,1.9709,337689,13683158.28
2021-04-27,ARKX,GRMN US Equity,GRMN,,1.8674,91869,12964553.28
2021-04-27,ARKX,NFLX US Equity,NFLX,64110L106,1.7772,24406,12338453.3
2021-04-27,ARKX,WKHS US Equity,WKHS,98138J404,1.6805,3589.964,11667383
2021-04-27,ARKX,JOBY US Equity,JOBY,,1.6734,1153706,11617819.42
2021-04-27,ARKX,AIR FP Equity,AIR,,1.6588,95461,11516578.64
2021-04-27,ARKX,3690 HK Equity,3690,,1.6324,281031,11332917.14
2021-04-27,ARKX,BABA US Equity,BABA,01609W102,1.607,47292,11157128.64
2021-04-27,ARKX,ESLT IT Equity,ESLT,,1.4327,71241,9946668.42
2021-04-27,ARKX,HEI US Equity,HEI,422806109,1.2487,61928,8669300.72
2021-04-27,ARKX,VELO US Equity,VELO,92259N302,1.1655,1474.8686,8091497.7
2021-04-27,ARKX,HON US Equity,HON,438516106,1.1139,34690,7733441.7
2021-04-27,ARKX,AVAV US Equity,AVAV,008073108,1.0962,67529,7610518.3
2021-04-27,ARKX,ANSS US Equity,ANSS,03662Q105,1.0737,19957,7454139.07
2021-04-27,ARKX,SPCE US Equity,SPCE,92766K403,1.0661,15741.75,7401770.85
2021-04-27,ARKX,SNPS US Equity,SNPS,871607107,0.9924,27373,6889784.1
2021-04-27,ARKX,TCEHY US Equity,TCEHY,88032Q109,0.9737,84006,6759962.82
2021-04-27,ARKX,ADSK US Equity,ADSK,052769106,0.8605,20055,5973782.85
2021-04-27,ARKX,ACHR US Equity,ACHR,03945R102,0.6309,442446,4380215.4
2021-04-27,ARKX,PATH US Equity,PATH,90364P105,0.4673,43049,3244603.13
2021-04-27,ARKX,DGCXX US Equity,DGCXX,262006208,0.4273,2966809.5,2966809.5
2021-04-27,ARKX,XLNX US Equity,XLNX,983919101,0.3289,17088,2283127.68
2021-04-27,ARKX,USD Curncy,USD,,0,35576.78,0
2021-04-28,ARKX,TRMB US Equity,TRMB,896239100,9.1414,760660,63484683.6
2021-04-28,ARKX,PRNT US Equity,PRNT,00214Q500,6.1505,1076446,42713377.28
2021-04-28,ARKX,KTOS US Equity,KTOS,50077B207,5.6875,1449480,39498330
2021-04-28,ARKX,JD US Equity,JD,47215P106,5.4166,475802,37616906.12
2021-04-28,ARKX,LHX US Equity,LHX,502431109,4.955,167849,34410723.49
2021-04-28,ARKX,IRDM US Equity,IRDM,46269C102,4.6786,848351,32491843.3
2021-04-28,ARKX,6301 JP Equity,6301,,4.265,999188,29619542.98
2021-04-28,ARKX,LMT US Equity,LMT,539830109,4.1754,77753,28997203.82
2021-04-28,ARKX,HO FP Equity,HO,,4.0048,269842,27812217.3
2021-04-28,ARKX,AMZN US Equity,AMZN,023135106,3.3127,133040,23005942
2021-04-28,ARKX,BA US Equity,BA,097023105,3.2751,96598,22744965.08
2021-04-28,ARKX,GOOG US Equity,GOOG,02079K107,3.1905,186200,22156962.1
2021-04-28,ARKX,SPR US Equity,SPR,848574109,2.9885,452266,20754486.74
2021-04-28,ARKX,TDY US Equity,TDY,879360105,2.7668,42673,19214371.71
2021-04-28,ARKX,DSY FP Equity,DSY,,2.733,401050,18979952.7
2021-04-28,ARKX,NVDA US Equity,NVDA,67066G104,2.4537,1115440,17040298.02
2021-04-28,ARKX,TER US Equity,TER,880770102,2.1904,114890,15211436
2021-04-28,ARKX,DE US Equity,DE,244199105,2.0257,37041,14068171.8
2021-04-28,ARKX,RAVN US Equity,RAVN,754212108,1.9829,337689,13770957.42
2021-04-28,ARKX,3690 HK Equity,3690,,1.954,340459,13569764.98
2021-04-28,ARKX,GRMN US Equity,GRMN,,1.8173,91869,12620963.22
2021-04-28,ARKX,NFLX US Equity,NFLX,64110L106,1.7801,24406,12362127.12
2021-04-28,ARKX,WKHS US Equity,WKHS,98138J404,1.6839,3589.964,11694307.73
2021-04-28,ARKX,JOBY US Equity,JOBY,,1.6579,1153706,11513985.88
2021-04-28,ARKX,AIR FP Equity,AIR,,1.6555,95461,11497000.97
2021-04-28,ARKX,BABA US Equity,BABA,01609W102,1.612,47292,11194962.24
2021-04-28,ARKX,ESLT IT Equity,ESLT,,1.411,71241,9799199.55
2021-04-28,ARKX,HEI US Equity,HEI,422806109,1.2523,61928,8697168.32
2021-04-28,ARKX,VELO US Equity,VELO,92259N302,1.164,1474.8686,8083754.64
2021-04-28,ARKX,HON US Equity,HON,438516106,1.1133,34690,7731360.3
2021-04-28,ARKX,AVAV US Equity,AVAV,008073108,1.0888,67529,7561222.13
2021-04-28,ARKX,ANSS US Equity,ANSS,03662Q105,1.0788,19957,7491857.8
2021-04-28,ARKX,SPCE US Equity,SPCE,92766K403,1.0645,15741.75,7392325.8
2021-04-28,ARKX,SNPS US Equity,SNPS,871607107,0.9908,27373,6880751.01
2021-04-28,ARKX,TCEHY US Equity,TCEHY,88032Q109,0.983,84006,6826327.56
2021-04-28,ARKX,ADSK US Equity,ADSK,052769106,0.8641,20055,6001057.65
2021-04-28,ARKX,ACHR US Equity,ACHR,03945R102,0.6314,442446,4384639.86
2021-04-28,ARKX,PATH US Equity,PATH,90364P105,0.4675,43049,3246325.09
2021-04-28,ARKX,DGCXX US Equity,DGCXX,262006208,0.3355,2330025.05,2330025.05
2021-04-28,ARKX,USD Curncy,USD,,0,294747.28,0
2021-04-28,ARKX,XLNX US Equity,XLNX,983919101,0,0,0
2021-04-29,ARKX,TRMB US Equity,TRMB,896239100,9.1875,743530,62203719.8
2021-04-29,ARKX,PRNT US Equity,PRNT,00214Q500,6.0642,1052206,41057078.12
2021-04-29,ARKX,KTOS US Equity,KTOS,50077B207,5.6168,1416840,38027985.6
2021-04-29,ARKX,JD US Equity,JD,47215P106,5.3463,465077,36196942.91
2021-04-29,ARKX,LHX US Equity,LHX,502431109,5.0701,164069,34326516.18
2021-04-29,ARKX,IRDM US Equity,IRDM,46269C102,4.6836,829241,31710175.84
2021-04-29,ARKX,LMT US Equity,LMT,539830109,4.2694,75998,28905839.3
2021-04-29,ARKX,6301 JP Equity,6301,,4.2645,976688,28872795.22
2021-04-29,ARKX,HO FP Equity,HO,,3.994,263767,27040884.53
2021-04-29,ARKX,AMZN US Equity,AMZN,023135106,3.3337,130040,22570457.62
2021-04-29,ARKX,BA US Equity,BA,097023105,3.2905,94423,22278162.62
2021-04-29,ARKX,GOOG US Equity,GOOG,02079K107,3.266,182000,22111999
2021-04-29,ARKX,SPR US Equity,SPR,848574109,2.9932,442081,20264993.04
2021-04-29,ARKX,TDY US Equity,TDY,879360105,2.7861,41713,18863452.86
2021-04-29,ARKX,DSY FP Equity,DSY,,2.7463,392050,18593414.92
2021-04-29,ARKX,NVDA US Equity,NVDA,67066G104,2.4677,1090240,16707655.44
2021-04-29,ARKX,TER US Equity,TER,880770102,2.1699,112310,14691271.1
2021-04-29,ARKX,DE US Equity,DE,244199105,2.0125,36201,13625694.39
2021-04-29,ARKX,RAVN US Equity,RAVN,754212108,1.9901,330084,13474028.88
2021-04-29,ARKX,3690 HK Equity,3690,,1.9587,332959,13260975.83
2021-04-29,ARKX,GRMN US Equity,GRMN,,1.8394,89799,12453325.32
2021-04-29,ARKX,NFLX US Equity,NFLX,64110L106,1.7931,23851,12140159
2021-04-29,ARKX,AIR FP Equity,AIR,,1.6718,93316,11318713.31
2021-04-29,ARKX,JOBY US Equity,JOBY,,1.6557,1127726,11209596.44
2021-04-29,ARKX,WKHS US Equity,WKHS,98138J404,1.6339,3509.084,11062387.31
2021-04-29,ARKX,BABA US Equity,BABA,01609W102,1.5989,46227,10825438.86
2021-04-29,ARKX,ESLT IT Equity,ESLT,,1.4133,69636,9568682.76
2021-04-29,ARKX,HEI US Equity,HEI,422806109,1.2737,60533,8623531.18
2021-04-29,ARKX,VELO US Equity,VELO,92259N302,1.1581,1441.64,7841079.96
2021-04-29,ARKX,HON US Equity,HON,438516106,1.1214,33910,7592449
2021-04-29,ARKX,AVAV US Equity,AVAV,008073108,1.0854,66014,7348678.48
2021-04-29,ARKX,ANSS US Equity,ANSS,03662Q105,1.0712,19507,7252702.6
2021-04-29,ARKX,SPCE US Equity,SPCE,92766K403,1.0245,15387,6936459.6
2021-04-29,ARKX,SNPS US Equity,SNPS,871607107,0.998,26758,6756662.58
2021-04-29,ARKX,TCEHY US Equity,TCEHY,88032Q109,0.9836,82116,6659607.6
2021-04-29,ARKX,ADSK US Equity,ADSK,052769106,0.8579,19605,5808569.4
2021-04-29,ARKX,ACHR US Equity,ACHR,03945R102,0.6324,432456,4281314.4
2021-04-29,ARKX,PATH US Equity,PATH,90364P105,0.4679,42074,3167751.46
2021-04-29,ARKX,DGCXX US Equity,DGCXX,262006208,0.2088,1413760.21,1413760.21
2021-04-29,ARKX,USD Curncy,USD,,0,345.1,0
2021-04-30,ARKX,TRMB US Equity,TRMB,896239100,9.1031,743530,60969460
2021-04-30,ARKX,PRNT US Equity,PRNT,00214Q500,6.0106,1052206,40257401.56
2021-04-30,ARKX,KTOS US Equity,KTOS,50077B207,5.6566,1416840,37886301.6
2021-04-30,ARKX,JD US Equity,JD,47215P106,5.3718,465077,35978356.72
2021-04-30,ARKX,LHX US Equity,LHX,502431109,5.1254,164069,34328156.87
2021-04-30,ARKX,IRDM US Equity,IRDM,46269C102,4.7035,829241,31502865.59
2021-04-30,ARKX,LMT US Equity,LMT,539830109,4.3182,75998,28921798.88
2021-04-30,ARKX,6301 JP Equity,6301,,4.2764,976688,28642007.87
2021-04-30,ARKX,HO FP Equity,HO,,4.0141,263767,26885035.84
2021-04-30,ARKX,AMZN US Equity,AMZN,023135106,3.3661,130040,22545164.84
2021-04-30,ARKX,BA US Equity,BA,097023105,3.3033,94423,22124253.13
2021-04-30,ARKX,GOOG US Equity,GOOG,02079K107,3.2746,182000,21932092
2021-04-30,ARKX,SPR US Equity,SPR,848574109,3.0158,442081,20198680.89
2021-04-30,ARKX,TDY US Equity,TDY,879360105,2.7886,41713,18676995.75
2021-04-30,ARKX,DSY FP Equity,DSY,,2.7157,392050,18189174.29
2021-04-30,ARKX,NVDA US Equity,NVDA,67066G104,2.4432,1090240,16363957.28
2021-04-30,ARKX,TER US Equity,TER,880770102,2.0974,112310,14047734.8
2021-04-30,ARKX,DE US Equity,DE,244199105,2.0044,36201,13425140.85
2021-04-30,ARKX,RAVN US Equity,RAVN,754212108,2.0019,330084,13408012.08
2021-04-30,ARKX,3690 HK Equity,3690,,1.9072,332959,12773555.02
2021-04-30,ARKX,GRMN US Equity,GRMN,,1.84,89799,12324014.76
2021-04-30,ARKX,NFLX US Equity,NFLX,64110L106,1.8285,23851,12246772.97
2021-04-30,ARKX,AIR FP Equity,AIR,,1.674,93316,11212235.4
2021-04-30,ARKX,JOBY US Equity,JOBY,,1.6669,1127726,11164487.4
2021-04-30,ARKX,WKHS US Equity,WKHS,98138J404,1.6229,3509.084,10869387.69
2021-04-30,ARKX,BABA US Equity,BABA,01609W102,1.594,46227,10676125.65
2021-04-30,ARKX,ESLT IT Equity,ESLT,,1.425,69636,9544310.16
2021-04-30,ARKX,HEI US Equity,HEI,422806109,1.2725,60533,8523046.4
2021-04-30,ARKX,VELO US Equity,VELO,92259N302,1.1594,1441.64,7765393.86
2021-04-30,ARKX,HON US Equity,HON,438516106,1.1292,33910,7563286.4
2021-04-30,ARKX,AVAV US Equity,AVAV,008073108,1.0878,66014,7285965.18
2021-04-30,ARKX,ANSS US Equity,ANSS,03662Q105,1.065,19507,7132929.62
2021-04-30,ARKX,SPCE US Equity,SPCE,92766K403,1.0177,15387,6816441
2021-04-30,ARKX,SNPS US Equity,SNPS,871607107,0.987,26758,6610831.48
2021-04-30,ARKX,TCEHY US Equity,TCEHY,88032Q109,0.9767,82116,6541360.56
2021-04-30,ARKX,ADSK US Equity,ADSK,052769106,0.8545,19605,5722895.55
2021-04-30,ARKX,ACHR US Equity,ACHR,03945R102,0.6418,432456,4298612.64
2021-04-30,ARKX,PATH US Equity,PATH,90364P105,0.4523,42074,3029328
2021-04-30,ARKX,DGCXX US Equity,DGCXX,262006208,0.2068,1385050.83,1385050.83
2021-04-30,ARKX,USD Curncy,USD,,0,1267.04,0
2021-05-03,ARKX,TRMB US Equity,TRMB,896239100,9.0592,743530,60374636
2021-05-03,ARKX,PRNT US Equity,PRNT,00214Q500,6.0106,1052206,40057482.42
2021-05-03,ARKX,KTOS US Equity,KTOS,50077B207,5.6338,1416840,37546260
2021-05-03,ARKX,JD US Equity,JD,47215P106,5.3748,465077,35820230.54
2021-05-03,ARKX,LHX US Equity,LHX,502431109,5.2127,164069,34739970.06
2021-05-03,ARKX,IRDM US Equity,IRDM,46269C102,4.6635,829241,31079952.68
2021-05-03,ARKX,LMT US Equity,LMT,539830109,4.3939,75998,29282789.38
2021-05-03,ARKX,6301 JP Equity,6301,,4.3046,976688,28687944.28
2021-05-03,ARKX,HO FP Equity,HO,,4.0472,263767,26972409.66
2021-05-03,ARKX,BA US Equity,BA,097023105,3.3322,94423,22207345.37
2021-05-03,ARKX,AMZN US Equity,AMZN,023135106,3.3039,130040,22018957.98
2021-05-03,ARKX,GOOG US Equity,GOOG,02079K107,3.2705,182000,21796047
2021-05-03,ARKX,SPR US Equity,SPR,848574109,3.0282,442081,20180997.65
2021-05-03,ARKX,TDY US Equity,TDY,879360105,2.7675,41713,18443820.08
2021-05-03,ARKX,DSY FP Equity,DSY,,2.7388,392050,18252593.26
2021-05-03,ARKX,NVDA US Equity,NVDA,67066G104,2.4272,1090240,16175618.32
2021-05-03,ARKX,TER US Equity,TER,880770102,2.1063,112310,14037626.9
2021-05-03,ARKX,RAVN US Equity,RAVN,754212108,2.0441,330084,13622566.68
2021-05-03,ARKX,DE US Equity,DE,244199105,2.0303,36201,13530847.77
2021-05-03,ARKX,3690 HK Equity,3690,,1.8862,332959,12570152.94
2021-05-03,ARKX,GRMN US Equity,GRMN,,1.858,89799,12382384.11
2021-05-03,ARKX,NFLX US Equity,NFLX,64110L106,1.822,23851,12142782.61
2021-05-03,ARKX,AIR FP Equity,AIR,,1.6878,93316,11247950.92
2021-05-03,ARKX,JOBY US Equity,JOBY,,1.6837,1127726,11220873.7
2021-05-03,ARKX,BABA US Equity,BABA,01609W102,1.6003,46227,10665031.17
2021-05-03,ARKX,WKHS US Equity,WKHS,98138J404,1.5414,3509.084,10272843.41
2021-05-03,ARKX,ESLT IT Equity,ESLT,,1.4233,69636,9485815.92
2021-05-03,ARKX,HEI US Equity,HEI,422806109,1.2712,60533,8471593.35
2021-05-03,ARKX,VELO US Equity,VELO,92259N302,1.1516,1441.64,7674570.54
2021-05-03,ARKX,HON US Equity,HON,438516106,1.1357,33910,7568712
2021-05-03,ARKX,AVAV US Equity,AVAV,008073108,1.0871,66014,7245036.5
2021-05-03,ARKX,ANSS US Equity,ANSS,03662Q105,1.0583,19507,7052755.85
2021-05-03,ARKX,TCEHY US Equity,TCEHY,88032Q109,0.9873,82116,6579955.08
2021-05-03,ARKX,SNPS US Equity,SNPS,871607107,0.9829,26758,6550625.98
2021-05-03,ARKX,SPCE US Equity,SPCE,92766K403,0.93,15387,6197883.6
2021-05-03,ARKX,ADSK US Equity,ADSK,052769106,0.8457,19605,5636437.5
2021-05-03,ARKX,ACHR US Equity,ACHR,03945R102,0.6424,432456,4281314.4
2021-05-03,ARKX,PATH US Equity,PATH,90364P105,0.4478,42074,2984308.82
2021-05-03,ARKX,DGCXX US Equity,DGCXX,262006208,0.2079,1385550.83,1385550.83
2021-05-03,ARKX,USD Curncy,USD,,0,-119.46,0
2021-05-04,ARKX,TRMB US Equity,TRMB,896239100,9.021,735536,58791392.48
2021-05-04,ARKX,JD US Equity,JD,47215P106,6.3722,545853,41528496.24
2021-05-04,ARKX,PRNT US Equity,PRNT,00214Q500,5.9302,1040894,38648394.22
2021-05-04,ARKX,KTOS US Equity,KTOS,50077B207,5.5615,1401601,36245401.86
2021-05-04,ARKX,LHX US Equity,LHX,502431109,5.3893,162305,35122802
2021-05-04,ARKX,IRDM US Equity,IRDM,46269C102,4.6748,820323,30466796.22
2021-05-04,ARKX,LMT US Equity,LMT,539830109,4.4698,75179,29130358.92
2021-05-04,ARKX,6301 JP Equity,6301,,4.3474,966188,28332792.35
2021-05-04,ARKX,HO FP Equity,HO,,4.0824,260932,26605495.3
2021-05-04,ARKX,BA US Equity,BA,097023105,3.3485,93408,21822911.04
2021-05-04,ARKX,AMZN US Equity,AMZN,023135106,3.2686,128640,21301947.84
2021-05-04,ARKX,GOOG US Equity,GOOG,02079K107,3.2519,180040,21192958.5
2021-05-04,ARKX,SPR US Equity,SPR,848574109,3.0546,437328,19907170.56
2021-05-04,ARKX,DSY FP Equity,DSY,,2.6743,387850,17429156.75
2021-05-04,ARKX,NVDA US Equity,NVDA,67066G104,2.3749,1078480,15477536.1
2021-05-04,ARKX,TER US Equity,TER,880770102,2.0966,111099,13664066.01
2021-05-04,ARKX,DE US Equity,DE,244199105,2.0856,35809,13592380.22
2021-05-04,ARKX,RAVN US Equity,RAVN,754212108,2.0252,326535,13198544.7
2021-05-04,ARKX,3690 HK Equity,3690,,1.8989,329459,12375201.77
2021-05-04,ARKX,GRMN US Equity,GRMN,,1.8709,88833,12193217.58
2021-05-04,ARKX,NFLX US Equity,NFLX,64110L106,1.8215,23592,11871022.56
2021-05-04,ARKX,TDY US Equity,TDY,879360105,1.7397,26227,11338194.37
2021-05-04,ARKX,JOBY US Equity,JOBY,,1.6964,1115595,11055546.45
2021-05-04,ARKX,AIR FP Equity,AIR,,1.6463,92315,10729375.38
2021-05-04,ARKX,BABA US Equity,BABA,01609W102,1.5991,45730,10421867
2021-05-04,ARKX,WKHS US Equity,WKHS,98138J404,1.4914,3471.34,9719752
2021-05-04,ARKX,ESLT IT Equity,ESLT,,1.4068,68887,9168170.83
2021-05-04,ARKX,HEI US Equity,HEI,422806109,1.2835,59882,8364916.58
2021-05-04,ARKX,HON US Equity,HON,438516106,1.1604,33546,7562274.78
2021-05-04,ARKX,VELO US Equity,VELO,92259N302,1.1546,1426.1333,7524636
2021-05-04,ARKX,AVAV US Equity,AVAV,008073108,1.0826,65307,7055768.28
2021-05-04,ARKX,ANSS US Equity,ANSS,03662Q105,1.0381,19297,6765528.2
2021-05-04,ARKX,TCEHY US Equity,TCEHY,88032Q109,0.981,81234,6393115.8
2021-05-04,ARKX,SPCE US Equity,SPCE,92766K403,0.9716,15221.1,6331977.6
2021-05-04,ARKX,SNPS US Equity,SNPS,871607107,0.9629,26471,6275479.97
2021-05-04,ARKX,ADSK US Equity,ADSK,052769106,0.8325,19395,5425363.35
2021-05-04,ARKX,ACHR US Equity,ACHR,03945R102,0.6479,427801,4222395.87
2021-05-04,ARKX,PATH US Equity,PATH,90364P105,0.4724,41619,3078973.62
2021-05-04,ARKX,DGCXX US Equity,DGCXX,262006208,0.2126,1385577.87,1385577.87
2021-05-04,ARKX,HKD Curncy,HKD,,0.0001,6184.94,796.16
2021-05-04,ARKX,USD Curncy,USD,,0,-146.5,0
2021-05-05,ARKX,TRMB US Equity,TRMB,896239100,9.1872,735536,59659324.96
2021-05-05,ARKX,JD US Equity,JD,47215P106,6.3497,545853,41233735.62
2021-05-05,ARKX,PRNT US Equity,PRNT,00214Q500,5.9965,1040894,38939844.54
2021-05-05,ARKX,LHX US Equity,LHX,502431109,5.4407,162305,35330552.4
2021-05-05,ARKX,KTOS US Equity,KTOS,50077B207,5.4391,1401601,35320345.2
2021-05-05,ARKX,IRDM US Equity,IRDM,46269C102,4.6614,820323,30269918.7
2021-05-05,ARKX,LMT US Equity,LMT,539830109,4.473,75179,29046910.23
2021-05-05,ARKX,6301 JP Equity,6301,,4.3673,966188,28360037.92
2021-05-05,ARKX,HO FP Equity,HO,,4.0962,260932,26600016.13
2021-05-05,ARKX,BA US Equity,BA,097023105,3.2822,93408,21313837.44
2021-05-05,ARKX,GOOG US Equity,GOOG,02079K107,3.267,180040,21215373.48
2021-05-05,ARKX,AMZN US Equity,AMZN,023135106,3.2394,128640,21036113.28
2021-05-05,ARKX,SPR US Equity,SPR,848574109,2.8992,437328,18826970.4
2021-05-05,ARKX,DSY FP Equity,DSY,,2.7145,387850,17627429.11
2021-05-05,ARKX,NVDA US Equity,NVDA,67066G104,2.4013,1078480,15593203.08
2021-05-05,ARKX,TER US Equity,TER,880770102,2.1304,111099,13834047.48
2021-05-05,ARKX,DE US Equity,DE,244199105,2.0892,35809,13566597.74
2021-05-05,ARKX,RAVN US Equity,RAVN,754212108,2.0395,326535,13244259.6
2021-05-05,ARKX,GRMN US Equity,GRMN,,1.9097,88833,12401086.8
2021-05-05,ARKX,3690 HK Equity,3690,,1.874,329459,12169206.31
2021-05-05,ARKX,NFLX US Equity,NFLX,64110L106,1.8023,23592,11703519.36
2021-05-05,ARKX,TDY US Equity,TDY,879360105,1.7338,26227,11258726.56
2021-05-05,ARKX,JOBY US Equity,JOBY,,1.7025,1115595,11055546.45
2021-05-05,ARKX,AIR FP Equity,AIR,,1.648,92315,10701855.36
2021-05-05,ARKX,BABA US Equity,BABA,01609W102,1.597,45730,10370649.4
2021-05-05,ARKX,WKHS US Equity,WKHS,98138J404,1.4674,3471.34,9528828.3
2021-05-05,ARKX,ESLT IT Equity,ESLT,,1.4193,68887,9216391.73
2021-05-05,ARKX,HEI US Equity,HEI,422806109,1.2632,59882,8203235.18
2021-05-05,ARKX,HON US Equity,HON,438516106,1.1685,33546,7587769.74
2021-05-05,ARKX,VELO US Equity,VELO,92259N302,1.1599,1426.1333,7532123.2
2021-05-05,ARKX,AVAV US Equity,AVAV,008073108,1.0726,65307,6964991.55
2021-05-05,ARKX,ANSS US Equity,ANSS,03662Q105,1.0564,19297,6859890.53
2021-05-05,ARKX,TCEHY US Equity,TCEHY,88032Q109,0.9845,81234,6393115.8
2021-05-05,ARKX,SNPS US Equity,SNPS,871607107,0.968,26471,6285803.66
2021-05-05,ARKX,SPCE US Equity,SPCE,92766K403,0.9348,15221.1,6070174.68
2021-05-05,ARKX,ADSK US Equity,ADSK,052769106,0.8395,19395,5451546.6
2021-05-05,ARKX,ACHR US Equity,ACHR,03945R102,0.6515,427801,4230951.89
2021-05-05,ARKX,PATH US Equity,PATH,90364P105,0.4542,41619,2949538.53
2021-05-05,ARKX,DGCXX US Equity,DGCXX,262006208,0.2192,1423723.47,1423723.47
2021-05-05,ARKX,USD Curncy,USD,,0,-163.31,0
2021-05-05,ARKX,HKD Curncy,HKD,,0,0,0
2021-10-29,ARKX,TRMB US Equity,TRMB,896239100,9.5779,597589,52408555.3
2021-10-29,ARKX,PRNT US Equity,PRNT,00214Q500,7.9119,1157558,43292669.2
2021-10-29,ARKX,KTOS US Equity,KTOS,50077B207,5.939,1501029,32497277.85
2021-10-29,ARKX,LHX US Equity,LHX,502431109,5.1392,125523,28120917.69
2021-10-29,ARKX,U US Equity,U,91332U101,5.108,188765,27950433.55
2021-10-29,ARKX,IRDM US Equity,IRDM,46269C102,4.9859,678652,27281810.4
2021-10-29,ARKX,6301 JP Equity,6301,,4.7801,1010988,26155909.83
2021-10-29,ARKX,2618 HK Equity,2618,,3.8695,5329113,21173105.28
2021-10-29,ARKX,AVAV US Equity,AVAV,008073108,3.3522,207075,18342703.5
2021-10-29,ARKX,PATH US Equity,PATH,90364P105,3.3375,356757,18262390.83
2021-10-29,ARKX,SRTA US Equity,SRTA,092667104,3.1756,1821434,17376480.36
2021-10-29,ARKX,DSY FP Equity,DSY,,3.1546,295557,17261222.01
2021-10-29,ARKX,NFLX US Equity,NFLX,64110L106,3.0749,24962,16825636.1
2021-10-29,ARKX,AMZN US Equity,AMZN,023135106,2.905,92240,15895580.84
2021-10-29,ARKX,LMT US Equity,LMT,539830109,2.8739,47454,15725781.06
2021-10-29,ARKX,HO FP Equity,HO,,2.4014,139711,13139978.41
2021-10-29,ARKX,MKFG US Equity,MKFG,57064N201,2.1865,177510.8,11964227.92
2021-10-29,ARKX,ACHR US Equity,ACHR,03945R102,2.1674,2102750,11859510
2021-10-29,ARKX,DE US Equity,DE,244199105,2.0618,32262,11282021.4
2021-10-29,ARKX,TER US Equity,TER,880770102,1.9853,79289,10863385.89
2021-10-29,ARKX,GRMN US Equity,GRMN,,1.8458,69631,10099976.55
2021-10-29,ARKX,GOOG US Equity,GOOG,02079K107,1.7855,66860,9770184.94
2021-10-29,ARKX,VELO US Equity,VELO,92259N302,1.7749,1783.941,9712220.53
2021-10-29,ARKX,JOBY US Equity,JOBY,,1.738,1083145,9510013.1
2021-10-29,ARKX,SPR US Equity,SPR,848574109,1.6817,221413,9201924.28
2021-10-29,ARKX,ESLT IT Equity,ESLT,,1.6458,58060,9005686.6
2021-10-29,ARKX,PLTR US Equity,PLTR,69608A108,1.306,278719,7146355.16
2021-10-29,ARKX,HON US Equity,HON,438516106,1.129,28275,6177522
2021-10-29,ARKX,ANSS US Equity,ANSS,03662Q105,1.1144,16262,6098087.38
2021-10-29,ARKX,HEI US Equity,HEI,422806109,1.0729,41730,5870576.4
2021-10-29,ARKX,AIR FP Equity,AIR,,1.0228,42782,5596794.88
2021-10-29,ARKX,SNPS US Equity,SNPS,871607107,1.0223,17118,5593820.04
2021-10-29,ARKX,DDD US Equity,DDD,88554D205,0.9187,180176,5026910.4
2021-10-29,ARKX,TDY US Equity,TDY,879360105,0.908,11126,4968537.82
2021-10-29,ARKX,DGCXX US Equity,DGCXX,262006208,0.5752,3147423.7,3147423.7
2021-10-29,ARKX,BA US Equity,BA,097023105,0.4497,11839,2460736.15
2021-10-29,ARKX,NVDA US Equity,NVDA,67066G104,0.0216,4740,118220.34
2021-10-29,ARKX,USD Curncy,USD,,0,-719598.18,0
2021-11-01,ARKX,TRMB US Equity,TRMB,896239100,9.5474,595387,52018962.19
2021-11-01,ARKX,PRNT US Equity,PRNT,00214Q500,7.9081,1153292,43086989.12
2021-11-01,ARKX,KTOS US Equity,KTOS,50077B207,5.8711,1495497,31988680.83
2021-11-01,ARKX,LHX US Equity,LHX,502431109,5.2917,125061,28831562.94
2021-11-01,ARKX,U US Equity,U,91332U101,5.2229,188069,28456720.39
2021-11-01,ARKX,IRDM US Equity,IRDM,46269C102,5.0322,676150,27417882.5
2021-11-01,ARKX,6301 JP Equity,6301,,4.8114,1007188,26214724.3
2021-11-01,ARKX,2618 HK Equity,2618,,3.8514,5309513,20984194.43
2021-11-01,ARKX,AVAV US Equity,AVAV,008073108,3.3742,206311,18384373.21
2021-11-01,ARKX,PATH US Equity,PATH,90364P105,3.2782,355441,17860910.25
2021-11-01,ARKX,SRTA US Equity,SRTA,092667104,3.1542,1814720,17185398.4
2021-11-01,ARKX,NFLX US Equity,NFLX,64110L106,3.151,24870,17168009.7
2021-11-01,ARKX,DSY FP Equity,DSY,,3.1476,294467,17149583.79
2021-11-01,ARKX,LMT US Equity,LMT,539830109,2.8836,47278,15711424.96
2021-11-01,ARKX,AMZN US Equity,AMZN,023135106,2.8448,91920,15499688.28
2021-11-01,ARKX,HO FP Equity,HO,,2.3526,139195,12818072.6
2021-11-01,ARKX,ACHR US Equity,ACHR,03945R102,2.1917,2095000,11941500
2021-11-01,ARKX,MKFG US Equity,MKFG,57064N201,2.1391,176856.4,11654836.76
2021-11-01,ARKX,DE US Equity,DE,244199105,2.0194,32142,11002528.02
2021-11-01,ARKX,TER US Equity,TER,880770102,2.0043,78997,10920545.28
2021-11-01,ARKX,GRMN US Equity,GRMN,,1.8284,69373,9961962.8
2021-11-01,ARKX,GOOG US Equity,GOOG,02079K107,1.8129,66620,9877780.71
2021-11-01,ARKX,VELO US Equity,VELO,92259N302,1.7623,1777.3657,9601773.93
2021-11-01,ARKX,JOBY US Equity,JOBY,,1.7192,1079151,9367030.68
2021-11-01,ARKX,ESLT IT Equity,ESLT,,1.6861,57846,9186523.26
2021-11-01,ARKX,SPR US Equity,SPR,848574109,1.6717,220597,9108450.13
2021-11-01,ARKX,PLTR US Equity,PLTR,69608A108,1.319,277691,7186643.08
2021-11-01,ARKX,HON US Equity,HON,438516106,1.1304,28171,6158744.02
2021-11-01,ARKX,ANSS US Equity,ANSS,03662Q105,1.1287,16202,6149955.16
2021-11-01,ARKX,HEI US Equity,HEI,422806109,1.0637,41576,5795278.64
2021-11-01,ARKX,SNPS US Equity,SNPS,871607107,1.0429,17054,5682051.72
2021-11-01,ARKX,AIR FP Equity,AIR,,1.0002,42624,5449643.84
2021-11-01,ARKX,DDD US Equity,DDD,88554D205,0.9278,179510,5055001.6
2021-11-01,ARKX,TDY US Equity,TDY,879360105,0.9139,11084,4979154.48
2021-11-01,ARKX,BA US Equity,BA,097023105,0.4482,11795,2441918.85
2021-11-01,ARKX,DGCXX US Equity,DGCXX,262006208,0.4456,2427825.53,2427825.53
2021-11-01,ARKX,NVDA US Equity,NVDA,67066G104,0.0221,4720,120676.24
2021-11-01,ARKX,USD Curncy,USD,,0,-312378.25,0
2021-11-02,ARKX,TRMB US Equity,TRMB,896239100,9.3522,587680,51275080
2021-11-02,ARKX,PRNT US Equity,PRNT,00214Q500,8.0456,1138368,44111760
2021-11-02,ARKX,KTOS US Equity,KTOS,50077B207,6.0794,1476142,33331286.36
2021-11-02,ARKX,IRDM US Equity,IRDM,46269C102,5.0931,667400,27924016
2021-11-02,ARKX,U US Equity,U,91332U101,5.0347,185633,27603627.1
2021-11-02,ARKX,LHX US Equity,LHX,502431109,4.9837,123444,27324329.4
2021-11-02,ARKX,6301 JP Equity,6301,,4.8831,993888,26772773.55
2021-11-02,ARKX,2618 HK Equity,2618,,3.7583,5240913,20605414.08
2021-11-02,ARKX,AVAV US Equity,AVAV,008073108,3.391,203637,18592058.1
2021-11-02,ARKX,PATH US Equity,PATH,90364P105,3.3774,350842,18517440.76
2021-11-02,ARKX,SRTA US Equity,SRTA,092667104,3.2573,1791235,17858612.95
2021-11-02,ARKX,DSY FP Equity,DSY,,3.1147,290652,17077133.35
2021-11-02,ARKX,NFLX US Equity,NFLX,64110L106,3.0498,24548,16721361.16
2021-11-02,ARKX,LMT US Equity,LMT,539830109,2.8165,46662,15441855.66
2021-11-02,ARKX,AMZN US Equity,AMZN,023135106,2.7476,90800,15064219.4
2021-11-02,ARKX,ACHR US Equity,ACHR,03945R102,2.4176,2067889,13255168.49
2021-11-02,ARKX,HO FP Equity,HO,,2.3245,137389,12744621.76
2021-11-02,ARKX,MKFG US Equity,MKFG,57064N201,2.2829,174567.4,12516482.58
2021-11-02,ARKX,DE US Equity,DE,244199105,2.0757,31722,11380267.5
2021-11-02,ARKX,TER US Equity,TER,880770102,1.9855,77975,10886089.75
2021-11-02,ARKX,VELO US Equity,VELO,92259N302,1.9129,1997.6476,10487650
2021-11-02,ARKX,JOBY US Equity,JOBY,,1.8437,1065186,10108615.14
2021-11-02,ARKX,GRMN US Equity,GRMN,,1.7652,68477,9677854.41
2021-11-02,ARKX,GOOG US Equity,GOOG,02079K107,1.725,65780,9457453.72
2021-11-02,ARKX,SPR US Equity,SPR,848574109,1.7176,217741,9417298.25
2021-11-02,ARKX,ESLT IT Equity,ESLT,,1.6372,57097,8976219.37
2021-11-02,ARKX,PLTR US Equity,PLTR,69608A108,1.3278,274093,7279910.08
2021-11-02,ARKX,HON US Equity,HON,438516106,1.1146,27807,6110866.32
2021-11-02,ARKX,ANSS US Equity,ANSS,03662Q105,1.098,15992,6020028.48
2021-11-02,ARKX,HEI US Equity,HEI,422806109,1.0314,41037,5654898.6
2021-11-02,ARKX,DDD US Equity,DDD,88554D205,1.0216,177186,5600849.46
2021-11-02,ARKX,SNPS US Equity,SNPS,871607107,1.0125,16830,5551207.2
2021-11-02,ARKX,AIR FP Equity,AIR,,0.9767,42071,5354890.44
2021-11-02,ARKX,TDY US Equity,TDY,879360105,0.8994,10937,4930946.45
2021-11-02,ARKX,BA US Equity,BA,097023105,0.4556,11641,2497925.78
2021-11-02,ARKX,DGCXX US Equity,DGCXX,262006208,0.3858,2115385.37,2115385.37
2021-11-02,ARKX,NVDA US Equity,NVDA,67066G104,0.0044,930,24019.11
2021-11-02,ARKX,USD Curncy,USD,,0,-7208.21,0
2021-11-03,ARKX,TRMB US Equity,TRMB,896239100,9.4592,587680,51968542.4
2021-11-03,ARKX,PRNT US Equity,PRNT,00214Q500,7.9545,1138368,43701947.52
2021-11-03,ARKX,KTOS US Equity,KTOS,50077B207,6.0964,1476142,33493661.98
2021-11-03,ARKX,IRDM US Equity,IRDM,46269C102,5.0292,667400,27630360
2021-11-03,ARKX,LHX US Equity,LHX,502431109,4.9077,123444,26962638.48
2021-11-03,ARKX,6301 JP Equity,6301,,4.8102,993888,26426928.52
2021-11-03,ARKX,U US Equity,U,91332U101,4.3793,167223,24060045.24
2021-11-03,ARKX,2618 HK Equity,2618,,4.3492,5940413,23894637.49
2021-11-03,ARKX,AVAV US Equity,AVAV,008073108,3.436,203637,18877149.9
2021-11-03,ARKX,PATH US Equity,PATH,90364P105,3.366,350842,18492881.82
2021-11-03,ARKX,SRTA US Equity,SRTA,092667104,3.2734,1791235,17983999.4
2021-11-03,ARKX,DSY FP Equity,DSY,,3.1804,290652,17473184.46
2021-11-03,ARKX,NFLX US Equity,NFLX,64110L106,3.0282,24548,16636670.56
2021-11-03,ARKX,LMT US Equity,LMT,539830109,2.7714,46662,15226277.22
2021-11-03,ARKX,AMZN US Equity,AMZN,023135106,2.7375,90800,15039885
2021-11-03,ARKX,ACHR US Equity,ACHR,03945R102,2.4465,2067889,13441278.5
2021-11-03,ARKX,HO FP Equity,HO,,2.3366,137389,12837059.94
2021-11-03,ARKX,MKFG US Equity,MKFG,57064N201,2.2846,174567.4,12551396.06
2021-11-03,ARKX,VELO US Equity,VELO,92259N302,2.0979,1997.6476,11525927.35
2021-11-03,ARKX,DE US Equity,DE,244199105,2.0515,31722,11270826.6
2021-11-03,ARKX,TER US Equity,TER,880770102,1.9778,77975,10865816.25
2021-11-03,ARKX,JOBY US Equity,JOBY,,1.902,1065186,10449474.66
2021-11-03,ARKX,GRMN US Equity,GRMN,,1.7979,68477,9877807.25
2021-11-03,ARKX,GOOG US Equity,GOOG,02079K107,1.7464,65780,9594868.14
2021-11-03,ARKX,SPR US Equity,SPR,848574109,1.6828,217741,9245282.86
2021-11-03,ARKX,ESLT IT Equity,ESLT,,1.59,57097,8735270.03
2021-11-03,ARKX,PLTR US Equity,PLTR,69608A108,1.2931,274093,7104490.56
2021-11-03,ARKX,HON US Equity,HON,438516106,1.1195,27807,6150630.33
2021-11-03,ARKX,ANSS US Equity,ANSS,03662Q105,1.1182,15992,6143646.64
2021-11-03,ARKX,HEI US Equity,HEI,422806109,1.0344,41037,5683214.13
2021-11-03,ARKX,SNPS US Equity,SNPS,871607107,1.0207,16830,5607587.7
2021-11-03,ARKX,DDD US Equity,DDD,88554D205,1.0104,177186,5551237.38
2021-11-03,ARKX,AIR FP Equity,AIR,,0.9782,42071,5374103.97
2021-11-03,ARKX,TDY US Equity,TDY,879360105,0.8938,10937,4910275.52
2021-11-03,ARKX,BA US Equity,BA,097023105,0.4508,11641,2476855.57
2021-11-03,ARKX,DGCXX US Equity,DGCXX,262006208,0.3837,2108177.16,2108177.16
2021-11-03,ARKX,NVDA US Equity,NVDA,67066G104,0.0045,930,24552.93
2021-11-03,ARKX,USD Curncy,USD,,0,-1229053.73,0
2021-11-04,ARKX,TRMB US Equity,TRMB,896239100,9.3696,587680,51792238.4
2021-11-04,ARKX,PRNT US Equity,PRNT,00214Q500,7.9925,1138368,44180062.08
2021-11-04,ARKX,KTOS US Equity,KTOS,50077B207,6.2168,1476142,34364585.76
2021-11-04,ARKX,IRDM US Equity,IRDM,46269C102,5.0625,667400,27984082
2021-11-04,ARKX,LHX US Equity,LHX,502431109,4.9376,123444,27293468.4
2021-11-04,ARKX,6301 JP Equity,6301,,4.7791,993888,26417655.51
2021-11-04,ARKX,U US Equity,U,91332U101,4.4652,167223,24682114.8
2021-11-04,ARKX,2618 HK Equity,2618,,4.2177,5940413,23314142.57
2021-11-04,ARKX,AVAV US Equity,AVAV,008073108,3.4636,203637,19145950.74
2021-11-04,ARKX,PATH US Equity,PATH,90364P105,3.4502,350842,19071771.12
2021-11-04,ARKX,SRTA US Equity,SRTA,092667104,3.2469,1791235,17948174.7
2021-11-04,ARKX,DSY FP Equity,DSY,,3.2405,290652,17912698.13
2021-11-04,ARKX,NFLX US Equity,NFLX,64110L106,3.0566,24548,16896142.92
2021-11-04,ARKX,LMT US Equity,LMT,539830109,2.7971,46662,15461453.7
2021-11-04,ARKX,AMZN US Equity,AMZN,023135106,2.7793,90800,15363360
2021-11-04,ARKX,ACHR US Equity,ACHR,03945R102,2.4466,2067889,13523994.06
2021-11-04,ARKX,HO FP Equity,HO,,2.3434,137389,12953583.05
2021-11-04,ARKX,MKFG US Equity,MKFG,57064N201,2.3054,174567.4,12743420.2
2021-11-04,ARKX,VELO US Equity,VELO,92259N302,2.2767,1997.6476,12585180
2021-11-04,ARKX,TER US Equity,TER,880770102,1.9794,77975,10941452
2021-11-04,ARKX,DE US Equity,DE,244199105,1.9687,31722,10882232.1
2021-11-04,ARKX,JOBY US Equity,JOBY,,1.848,1065186,10215133.74
2021-11-04,ARKX,GRMN US Equity,GRMN,,1.7732,68477,9801797.78
2021-11-04,ARKX,GOOG US Equity,GOOG,02079K107,1.7468,65780,9655846.2
2021-11-04,ARKX,ESLT IT Equity,ESLT,,1.6211,57097,8960803.18
2021-11-04,ARKX,SPR US Equity,SPR,848574109,1.5835,217741,8753188.2
2021-11-04,ARKX,PLTR US Equity,PLTR,69608A108,1.2952,274093,7159309.16
2021-11-04,ARKX,HON US Equity,HON,438516106,1.1208,27807,6195399.6
2021-11-04,ARKX,ANSS US Equity,ANSS,03662Q105,1.1134,15992,6154681.12
2021-11-04,ARKX,HEI US Equity,HEI,422806109,1.033,41037,5710298.55
2021-11-04,ARKX,SNPS US Equity,SNPS,871607107,1.0151,16830,5611290.3
2021-11-04,ARKX,DDD US Equity,DDD,88554D205,1.0059,177186,5560096.68
2021-11-04,ARKX,AIR FP Equity,AIR,,0.9542,42071,5274503.16
2021-11-04,ARKX,TDY US Equity,TDY,879360105,0.8809,10937,4869261.77
2021-11-04,ARKX,BA US Equity,BA,097023105,0.4494,11641,2483956.58
2021-11-04,ARKX,DGCXX US Equity,DGCXX,262006208,0.1597,882554.56,882554.56
2021-11-04,ARKX,NVDA US Equity,NVDA,67066G104,0.0045,930,24736.14
2021-11-04,ARKX,USD Curncy,USD,,0,-130024.87,0
2021-11-05,ARKX,TRMB US Equity,TRMB,896239100,9.1525,587680,50898964.8
2021-11-05,ARKX,PRNT US Equity,PRNT,00214Q500,8.018,1138368,44589874.56
2021-11-05,ARKX,KTOS US Equity,KTOS,50077B207,6.1754,1601811,34342827.84
2021-11-05,ARKX,IRDM US Equity,IRDM,46269C102,5.0788,667400,28244368
2021-11-05,ARKX,LHX US Equity,LHX,502431109,4.9309,123444,27421850.16
2021-11-05,ARKX,6301 JP Equity,6301,,4.8694,993888,27079416.24
2021-11-05,ARKX,U US Equity,U,91332U101,4.5604,167223,25361040.18
2021-11-05,ARKX,2618 HK Equity,2618,,4.4677,5940413,24846022.49
2021-11-05,ARKX,PATH US Equity,PATH,90364P105,3.6282,350842,20176923.42
2021-11-05,ARKX,AVAV US Equity,AVAV,008073108,3.4519,203637,19196859.99
2021-11-05,ARKX,DSY FP Equity,DSY,,3.2836,290652,18260647.59
2021-11-05,ARKX,SRTA US Equity,SRTA,092667104,3.1887,1791235,17733226.5
2021-11-05,ARKX,NFLX US Equity,NFLX,64110L106,2.9504,24548,16407883.2
2021-11-05,ARKX,AMZN US Equity,AMZN,023135106,2.8385,90800,15785580
2021-11-05,ARKX,ACHR US Equity,ACHR,03945R102,2.4244,2067889,13482636.28
2021-11-05,ARKX,VELO US Equity,VELO,92259N302,2.3649,1997.6476,13151513.1
2021-11-05,ARKX,HO FP Equity,HO,,2.3567,137389,13106291.97
2021-11-05,ARKX,LMT US Equity,LMT,539830109,2.31,38290,12846295
2021-11-05,ARKX,MKFG US Equity,MKFG,57064N201,2.2852,174567.4,12708506.72
2021-11-05,ARKX,TER US Equity,TER,880770102,2.0273,77975,11274405.25
2021-11-05,ARKX,DE US Equity,DE,244199105,2.0013,31722,11129663.7
2021-11-05,ARKX,JOBY US Equity,JOBY,,1.8522,1065186,10300348.62
2021-11-05,ARKX,GOOG US Equity,GOOG,02079K107,1.7587,65780,9780367.74
2021-11-05,ARKX,GRMN US Equity,GRMN,,1.7571,68477,9771667.9
2021-11-05,ARKX,ESLT IT Equity,ESLT,,1.6001,57097,8898567.45
2021-11-05,ARKX,SPR US Equity,SPR,848574109,1.574,217741,8753188.2
2021-11-05,ARKX,PLTR US Equity,PLTR,69608A108,1.3046,274093,7255241.71
2021-11-05,ARKX,ANSS US Equity,ANSS,03662Q105,1.1789,15992,6556240.24
2021-11-05,ARKX,HON US Equity,HON,438516106,1.1125,27807,6186779.43
2021-11-05,ARKX,SNPS US Equity,SNPS,871607107,1.0342,16830,5751147.6
2021-11-05,ARKX,HEI US Equity,HEI,422806109,1.0303,41037,5729585.94
2021-11-05,ARKX,DDD US Equity,DDD,88554D205,1.0135,177186,5636286.66
2021-11-05,ARKX,AIR FP Equity,AIR,,0.953,42071,5299961.86
2021-11-05,ARKX,TDY US Equity,TDY,879360105,0.8803,10937,4895401.2
2021-11-05,ARKX,BA US Equity,BA,097023105,0.4459,11641,2479882.23
2021-11-05,ARKX,DGCXX US Equity,DGCXX,262006208,0.1353,752529.69,752529.69
2021-11-05,ARKX,NVDA US Equity,NVDA,67066G104,0.005,930,27714.93
2021-11-05,ARKX,USD Curncy,USD,,0,0,0
2021-11-08,ARKX,TRMB US Equity,TRMB,896239100,9.0882,587680,50763798.4
2021-11-08,ARKX,PRNT US Equity,PRNT,00214Q500,7.9401,1138368,44350817.28
2021-11-08,ARKX,KTOS US Equity,KTOS,50077B207,6.4151,1601811,35832512.07
2021-11-08,ARKX,IRDM US Equity,IRDM,46269C102,5.1139,667400,28564720
2021-11-08,ARKX,LHX US Equity,LHX,502431109,4.9497,123444,27647752.68
2021-11-08,ARKX,6301 JP Equity,6301,,4.7963,993888,26790734.02
2021-11-08,ARKX,U US Equity,U,91332U101,4.5493,167223,25411207.08
2021-11-08,ARKX,2618 HK Equity,2618,,4.3726,5940413,24424157.27
2021-11-08,ARKX,PATH US Equity,PATH,90364P105,3.5262,350842,19696269.88
2021-11-08,ARKX,AVAV US Equity,AVAV,008073108,3.4685,203637,19374024.18
2021-11-08,ARKX,DSY FP Equity,DSY,,3.275,290652,18293300.47
2021-11-08,ARKX,SRTA US Equity,SRTA,092667104,3.2389,1791235,18091473.5
2021-11-08,ARKX,AMZN US Equity,AMZN,023135106,2.8602,90800,15976214.6
2021-11-08,ARKX,NFLX US Equity,NFLX,64110L106,2.8378,24548,15851134.56
2021-11-08,ARKX,HO FP Equity,HO,,2.3934,137389,13368763.87
2021-11-08,ARKX,LMT US Equity,LMT,539830109,2.33,38290,13014388.1
2021-11-08,ARKX,ACHR US Equity,ACHR,03945R102,2.3286,2067889,13007021.81
2021-11-08,ARKX,VELO US Equity,VELO,92259N302,2.2963,1997.6476,12826395.95
2021-11-08,ARKX,MKFG US Equity,MKFG,57064N201,2.2533,174567.4,12586309.54
2021-11-08,ARKX,DE US Equity,DE,244199105,2.0172,31722,11267654.4
2021-11-08,ARKX,TER US Equity,TER,880770102,2.0133,77975,11245554.5
2021-11-08,ARKX,JOBY US Equity,JOBY,,1.8994,1065186,10609252.56
2021-11-08,ARKX,SPR US Equity,SPR,848574109,1.7745,217741,9911570.32
2021-11-08,ARKX,GOOG US Equity,GOOG,02079K107,1.7575,65780,9817072.98
2021-11-08,ARKX,GRMN US Equity,GRMN,,1.743,68477,9736059.86
2021-11-08,ARKX,ESLT IT Equity,ESLT,,1.6063,57097,8972222.58
2021-11-08,ARKX,PLTR US Equity,PLTR,69608A108,1.2758,274093,7126418
2021-11-08,ARKX,ANSS US Equity,ANSS,03662Q105,1.1644,15992,6503786.48
2021-11-08,ARKX,HON US Equity,HON,438516106,1.1254,27807,6286050.42
2021-11-08,ARKX,HEI US Equity,HEI,422806109,1.0683,41037,5967190.17
2021-11-08,ARKX,SNPS US Equity,SNPS,871607107,1.0267,16830,5734822.5
2021-11-08,ARKX,DDD US Equity,DDD,88554D205,1.0259,177186,5730195.24
2021-11-08,ARKX,AIR FP Equity,AIR,,0.9924,42071,5543021.78
2021-11-08,ARKX,TDY US Equity,TDY,879360105,0.874,10937,4881729.95
2021-11-08,ARKX,BA US Equity,BA,097023105,0.4678,11641,2612938.86
2021-11-08,ARKX,DGCXX US Equity,DGCXX,262006208,0.1347,752529.69,752529.69
2021-11-08,ARKX,NVDA US Equity,NVDA,67066G104,0,0,0
2021-11-08,ARKX,USD Curncy,USD,,0,82471.67,0
2021-11-09,ARKX,TRMB US Equity,TRMB,896239100,9.2639,587680,52403425.6
2021-11-09,ARKX,PRNT US Equity,PRNT,00214Q500,7.9772,1138368,45124907.52
2021-11-09,ARKX,KTOS US Equity,KTOS,50077B207,6.3571,1601811,35960656.95
2021-11-09,ARKX,IRDM US Equity,IRDM,46269C102,5.0945,667400,28818332
2021-11-09,ARKX,LHX US Equity,LHX,502431109,4.8847,123444,27631704.96
2021-11-09,ARKX,U US Equity,U,91332U101,4.8215,167223,27274071.3
2021-11-09,ARKX,6301 JP Equity,6301,,4.8149,993888,27236902.45
2021-11-09,ARKX,2618 HK Equity,2618,,4.2875,5940413,24253432.29
2021-11-09,ARKX,SRTA US Equity,SRTA,092667104,3.5149,1791235,19882708.5
2021-11-09,ARKX,PATH US Equity,PATH,90364P105,3.5042,350842,19822573
2021-11-09,ARKX,AVAV US Equity,AVAV,008073108,3.3947,203637,19202969.1
2021-11-09,ARKX,DSY FP Equity,DSY,,3.2621,290652,18452705.06
2021-11-09,ARKX,NFLX US Equity,NFLX,64110L106,2.827,24548,15991794.6
2021-11-09,ARKX,AMZN US Equity,AMZN,023135106,2.8002,90800,15839969.2
2021-11-09,ARKX,HO FP Equity,HO,,2.3363,137389,13215839.37
2021-11-09,ARKX,LMT US Equity,LMT,539830109,2.3135,38290,13086756.2
2021-11-09,ARKX,VELO US Equity,VELO,92259N302,2.2767,1997.6476,12878834.2
2021-11-09,ARKX,ACHR US Equity,ACHR,03945R102,2.2445,2067889,12696838.46
2021-11-09,ARKX,MKFG US Equity,MKFG,57064N201,2.2065,174567.4,12481569.1
2021-11-09,ARKX,DE US Equity,DE,244199105,2.0236,31722,11447200.92
2021-11-09,ARKX,TER US Equity,TER,880770102,1.9834,77975,11219822.75
2021-11-09,ARKX,SPR US Equity,SPR,848574109,1.7849,217741,10096650.17
2021-11-09,ARKX,JOBY US Equity,JOBY,,1.7795,1065186,10066007.7
2021-11-09,ARKX,GRMN US Equity,GRMN,,1.773,68477,10029141.42
2021-11-09,ARKX,GOOG US Equity,GOOG,02079K107,1.7367,65780,9824341.67
2021-11-09,ARKX,ESLT IT Equity,ESLT,,1.5754,57097,8911699.76
2021-11-09,ARKX,PLTR US Equity,PLTR,69608A108,1.2962,274093,7331987.75
2021-11-09,ARKX,ANSS US Equity,ANSS,03662Q105,1.1485,15992,6496750
2021-11-09,ARKX,HON US Equity,HON,438516106,1.1096,27807,6276874.11
2021-11-09,ARKX,HEI US Equity,HEI,422806109,1.0691,41037,6047622.69
2021-11-09,ARKX,DDD US Equity,DDD,88554D205,1.0612,177186,6003061.68
2021-11-09,ARKX,SNPS US Equity,SNPS,871607107,1.0202,16830,5771175.3
2021-11-09,ARKX,AIR FP Equity,AIR,,0.9968,42071,5638396.52
2021-11-09,ARKX,TDY US Equity,TDY,879360105,0.8539,10937,4830326.05
2021-11-09,ARKX,BA US Equity,BA,097023105,0.4583,11641,2592217.88
2021-11-09,ARKX,DGCXX US Equity,DGCXX,262006208,0.1476,835001.36,835001.36
2021-11-09,ARKX,USD Curncy,USD,,0,27934.27,0
2021-11-10,ARKX,TRMB US Equity,TRMB,896239100,9.2217,587680,51950912
2021-11-10,ARKX,PRNT US Equity,PRNT,00214Q500,7.8625,1138368,44293898.88
2021-11-10,ARKX,KTOS US Equity,KTOS,50077B207,6.3037,1601811,35512149.87
2021-11-10,ARKX,IRDM US Equity,IRDM,46269C102,5.074,667400,28584742
2021-11-10,ARKX,U US Equity,U,91332U101,4.9318,161880,27783464.4
2021-11-10,ARKX,LHX US Equity,LHX,502431109,4.9241,123444,27740335.68
2021-11-10,ARKX,6301 JP Equity,6301,,4.7642,993888,26839466.86
2021-11-10,ARKX,2618 HK Equity,2618,,4.453,5940413,25086106.95
2021-11-10,ARKX,PATH US Equity,PATH,90364P105,3.5797,350842,20166398.16
2021-11-10,ARKX,SRTA US Equity,SRTA,092667104,3.4816,1791235,19614023.25
2021-11-10,ARKX,AVAV US Equity,AVAV,008073108,3.3808,203637,19046168.61
2021-11-10,ARKX,DSY FP Equity,DSY,,3.2797,290652,18476457.48
2021-11-10,ARKX,AMZN US Equity,AMZN,023135106,2.882,90800,16236084.2
2021-11-10,ARKX,NFLX US Equity,NFLX,64110L106,2.8584,24548,16103242.52
2021-11-10,ARKX,HO FP Equity,HO,,2.3642,137389,13318784.74
2021-11-10,ARKX,LMT US Equity,LMT,539830109,2.2985,38290,12948529.3
2021-11-10,ARKX,ACHR US Equity,ACHR,03945R102,2.2244,2067889,12531407.34
2021-11-10,ARKX,MKFG US Equity,MKFG,57064N201,2.197,174567.4,12376828.66
2021-11-10,ARKX,VELO US Equity,VELO,92259N302,2.1297,1997.6476,11997871.6
2021-11-10,ARKX,TER US Equity,TER,880770102,2.0128,77975,11339124.5
2021-11-10,ARKX,DE US Equity,DE,244199105,2.0035,31722,11287004.82
2021-11-10,ARKX,SPR US Equity,SPR,848574109,1.7903,217741,10085763.12
2021-11-10,ARKX,JOBY US Equity,JOBY,,1.7887,1065186,10076659.56
2021-11-10,ARKX,GRMN US Equity,GRMN,,1.7618,68477,9925056.38
2021-11-10,ARKX,GOOG US Equity,GOOG,02079K107,1.7427,65780,9817566.33
2021-11-10,ARKX,ESLT IT Equity,ESLT,,1.5722,57097,8856886.64
2021-11-10,ARKX,PLTR US Equity,PLTR,69608A108,1.1798,274093,6646755.25
2021-11-10,ARKX,ANSS US Equity,ANSS,03662Q105,1.1524,15992,6492272.24
2021-11-10,ARKX,HON US Equity,HON,438516106,1.1242,27807,6333044.25
2021-11-10,ARKX,HEI US Equity,HEI,422806109,1.0912,41037,6147342.6
2021-11-10,ARKX,DDD US Equity,DDD,88554D205,1.0602,205883,5972665.83
2021-11-10,ARKX,SNPS US Equity,SNPS,871607107,1.0404,16830,5861215.8
2021-11-10,ARKX,AIR FP Equity,AIR,,1.0073,42071,5674708.91
2021-11-10,ARKX,TDY US Equity,TDY,879360105,0.8523,10937,4801233.63
2021-11-10,ARKX,BA US Equity,BA,097023105,0.4562,11641,2570216.39
2021-11-10,ARKX,DGCXX US Equity,DGCXX,262006208,0.1532,862935.63,862935.63
2021-11-10,ARKX,USD Curncy,USD,,0,0,0
2021-11-11,ARKX,TRMB US Equity,TRMB,896239100,9.0962,587680,50223132.8
2021-11-11,ARKX,PRNT US Equity,PRNT,00214Q500,7.7089,1138368,42563579.52
2021-11-11,ARKX,KTOS US Equity,KTOS,50077B207,6.2751,1601811,34647171.93
2021-11-11,ARKX,U US Equity,U,91332U101,5.1733,161880,28563726
2021-11-11,ARKX,IRDM US Equity,IRDM,46269C102,4.997,667400,27590316
2021-11-11,ARKX,LHX US Equity,LHX,502431109,4.996,123444,27584796.24
2021-11-11,ARKX,6301 JP Equity,6301,,4.7823,993888,26404785.67
2021-11-11,ARKX,2618 HK Equity,2618,,4.5224,5940413,24969649.32
2021-11-11,ARKX,PATH US Equity,PATH,90364P105,3.559,350842,19650660.42
2021-11-11,ARKX,SRTA US Equity,SRTA,092667104,3.3967,1791235,18754230.45
2021-11-11,ARKX,AVAV US Equity,AVAV,008073108,3.3868,203637,18699985.71
2021-11-11,ARKX,DSY FP Equity,DSY,,3.2598,290652,17998318.93
2021-11-11,ARKX,NFLX US Equity,NFLX,64110L106,2.8762,24548,15880346.68
2021-11-11,ARKX,AMZN US Equity,AMZN,023135106,2.8632,90800,15808507
2021-11-11,ARKX,HO FP Equity,HO,,2.3814,137389,13148645.96
2021-11-11,ARKX,LMT US Equity,LMT,539830109,2.3414,38290,12927852.7
2021-11-11,ARKX,ACHR US Equity,ACHR,03945R102,2.2284,2067889,12303939.55
2021-11-11,ARKX,MKFG US Equity,MKFG,57064N201,2.2227,174567.4,12272088.22
2021-11-11,ARKX,VELO US Equity,VELO,92259N302,2.1996,1997.6476,12144698.7
2021-11-11,ARKX,DE US Equity,DE,244199105,2.0259,31722,11185494.42
2021-11-11,ARKX,TER US Equity,TER,880770102,2.0055,77975,11073229.75
2021-11-11,ARKX,JOBY US Equity,JOBY,,1.7826,1065186,9842318.64
2021-11-11,ARKX,GRMN US Equity,GRMN,,1.7739,68477,9794265.31
2021-11-11,ARKX,GOOG US Equity,GOOG,02079K107,1.7469,65780,9645058.28
2021-11-11,ARKX,SPR US Equity,SPR,848574109,1.7454,217741,9637216.66
2021-11-11,ARKX,ESLT IT Equity,ESLT,,1.5732,57097,8686166.61
2021-11-11,ARKX,ANSS US Equity,ANSS,03662Q105,1.1373,15992,6279418.72
2021-11-11,ARKX,HON US Equity,HON,438516106,1.1352,27807,6267975.87
2021-11-11,ARKX,PLTR US Equity,PLTR,69608A108,1.1179,274093,6172574.36
2021-11-11,ARKX,HEI US Equity,HEI,422806109,1.1043,41037,6097277.46
2021-11-11,ARKX,DDD US Equity,DDD,88554D205,1.0456,205883,5772959.32
2021-11-11,ARKX,SNPS US Equity,SNPS,871607107,1.0292,16830,5682817.8
2021-11-11,ARKX,AIR FP Equity,AIR,,1.0163,42071,5611205.08
2021-11-11,ARKX,TDY US Equity,TDY,879360105,0.8775,10937,4844872.26
2021-11-11,ARKX,BA US Equity,BA,097023105,0.4607,11641,2543558.5
2021-11-11,ARKX,DGCXX US Equity,DGCXX,262006208,0.1563,862935.63,862935.63
2021-11-11,ARKX,USD Curncy,USD,,0,0,0
2022-06-24,ARKX,TRMB US Equity,TRMB,896239100,9.4606,477573,28382163.39
2022-06-24,ARKX,KTOS US Equity,KTOS,50077B207,7.8291,1680103,23487839.94
2022-06-24,ARKX,AVAV US Equity,AVAV,008073108,6.7783,246908,20335342.88
2022-06-24,ARKX,IRDM US Equity,IRDM,46269C102,6.7715,548755,20314910.1
2022-06-24,ARKX,LHX US Equity,LHX,502431109,5.9461,78106,17838629.34
2022-06-24,ARKX,6301 JP Equity,6301,,5.9249,807288,17774874.18
2022-06-24,ARKX,PRNT US Equity,PRNT,00214Q500,5.6036,774525,16811065.13
2022-06-24,ARKX,SRTA US Equity,SRTA,092667104,3.5441,1826894,10632523.08
2022-06-24,ARKX,PATH US Equity,PATH,90364P105,3.4457,491777,10337152.54
2022-06-24,ARKX,2618 HK Equity,2618,,2.9817,4214826,8945380.57
2022-06-24,ARKX,DSY FP Equity,DSY,,2.9099,236166,8729987.71
2022-06-24,ARKX,ACHR US Equity,ACHR,03945R102,2.9034,1975133,8710336.53
2022-06-24,ARKX,GRMN US Equity,GRMN,,2.6214,79533,7864223.04
2022-06-24,ARKX,AMZN US Equity,AMZN,023135106,2.5625,68370,7687522.8
2022-06-24,ARKX,DE US Equity,DE,244199105,2.5516,25730,7654932.3
2022-06-24,ARKX,JOBY US Equity,JOBY,,2.3423,1311038,7027163.68
2022-06-24,ARKX,GOOG US Equity,GOOG,02079K107,2.2394,59620,6718249.89
2022-06-24,ARKX,TER US Equity,TER,880770102,2.1709,70836,6512661.84
2022-06-24,ARKX,ESLT IT Equity,ESLT,,1.9908,29974,5972619.24
2022-06-24,ARKX,DDD US Equity,DDD,88554D205,1.8844,539961,5653391.67
2022-06-24,ARKX,HO FP Equity,HO,,1.8831,48075,5649509.83
2022-06-24,ARKX,SPR US Equity,SPR,848574109,1.6673,176939,5002065.53
2022-06-24,ARKX,MKFG US Equity,MKFG,57064N201,1.6579,220076.6,4973731.16
2022-06-24,ARKX,U US Equity,U,91332U101,1.5985,107840,4795644.8
2022-06-24,ARKX,HON US Equity,HON,438516106,1.4086,24208,4225990.56
2022-06-24,ARKX,MYNAY US Equity,MYNAY,62857X101,1.2368,561347,3710503.67
2022-06-24,ARKX,SNPS US Equity,SNPS,871607107,1.2315,11947,3694609.75
2022-06-24,ARKX,LMT US Equity,LMT,539830109,1.12,8183,3360103.46
2022-06-24,ARKX,VELO US Equity,VELO,92259N302,1.1095,3622.8095,3328456.25
2022-06-24,ARKX,AIR FP Equity,AIR,,1.0905,34171,3271480.96
2022-06-24,ARKX,TDY US Equity,TDY,879360105,1.0758,8837,3227537.51
2022-06-24,ARKX,HEI US Equity,HEI,422806109,0.9604,22581,2881109.79
2022-06-24,ARKX,ANSS US Equity,ANSS,03662Q105,0.9316,11336,2794777.44
2022-06-24,ARKX,PRLB US Equity,PRLB,743713109,0.4641,29139,1392261.42
2022-06-24,ARKX,DGCXX US Equity,DGCXX,262006208,0.1021,306311.13,306311.13
2022-06-24,ARKX,USD Curncy,USD,,0,282376.19,0
2022-06-27,ARKX,TRMB US Equity,TRMB,896239100,9.5455,477573,29136728.73
2022-06-27,ARKX,KTOS US Equity,KTOS,50077B207,7.8215,1680103,23874263.63
2022-06-27,ARKX,IRDM US Equity,IRDM,46269C102,6.7075,548755,20474049.05
2022-06-27,ARKX,AVAV US Equity,AVAV,008073108,6.6977,246908,20443982.4
2022-06-27,ARKX,LHX US Equity,LHX,502431109,5.9762,78106,18241656.3
2022-06-27,ARKX,6301 JP Equity,6301,,5.7367,807288,17510543.59
2022-06-27,ARKX,PRNT US Equity,PRNT,00214Q500,5.6382,774525,17209945.5
2022-06-27,ARKX,PATH US Equity,PATH,90364P105,3.5316,491777,10779751.84
2022-06-27,ARKX,SRTA US Equity,SRTA,092667104,3.2739,1826894,9993110.18
2022-06-27,ARKX,DSY FP Equity,DSY,,2.9922,236166,9133457.28
2022-06-27,ARKX,2618 HK Equity,2618,,2.9907,4214826,9128811.57
2022-06-27,ARKX,ACHR US Equity,ACHR,03945R102,2.6336,1975133,8038791.31
2022-06-27,ARKX,DE US Equity,DE,244199105,2.6205,25730,7998685.1
2022-06-27,ARKX,GRMN US Equity,GRMN,,2.609,79533,7963639.29
2022-06-27,ARKX,AMZN US Equity,AMZN,023135106,2.6086,68370,7962370.2
2022-06-27,ARKX,GOOG US Equity,GOOG,02079K107,2.3153,59620,7067235.56
2022-06-27,ARKX,TER US Equity,TER,880770102,2.2538,70836,6879592.32
2022-06-27,ARKX,JOBY US Equity,JOBY,,2.2335,1311038,6817397.6
2022-06-27,ARKX,ESLT IT Equity,ESLT,,2.0176,29974,6158458.04
2022-06-27,ARKX,HO FP Equity,HO,,1.8879,48075,5762727.23
2022-06-27,ARKX,DDD US Equity,DDD,88554D205,1.861,539961,5680389.72
2022-06-27,ARKX,SPR US Equity,SPR,848574109,1.7408,176939,5313478.17
2022-06-27,ARKX,MKFG US Equity,MKFG,57064N201,1.716,220076.6,5237823.08
2022-06-27,ARKX,U US Equity,U,91332U101,1.6538,107840,5047990.4
2022-06-27,ARKX,HON US Equity,HON,438516106,1.4277,24208,4357924.16
2022-06-27,ARKX,MYNAY US Equity,MYNAY,62857X101,1.2487,561347,3811546.13
2022-06-27,ARKX,SNPS US Equity,SNPS,871607107,1.2426,11947,3792814.09
2022-06-27,ARKX,LMT US Equity,LMT,539830109,1.1234,8183,3429004.32
2022-06-27,ARKX,TDY US Equity,TDY,879360105,1.0944,8837,3340562.74
2022-06-27,ARKX,AIR FP Equity,AIR,,1.0932,34171,3336729.9
2022-06-27,ARKX,VELO US Equity,VELO,92259N302,1.0468,3622.8095,3195318
2022-06-27,ARKX,HEI US Equity,HEI,422806109,0.9765,22581,2980692
2022-06-27,ARKX,ANSS US Equity,ANSS,03662Q105,0.9543,11336,2912785.2
2022-06-27,ARKX,PRLB US Equity,PRLB,743713109,0.4618,29139,1409744.82
2022-06-27,ARKX,DGCXX US Equity,DGCXX,262006208,0.2679,817761.09,817761.09
2022-06-27,ARKX,USD Curncy,USD,,0,-212749.73,0
2022-12-12,ARKX,TRMB US Equity,TRMB,896239100,10.1574,463266,26637795
2022-12-12,ARKX,IRDM US Equity,IRDM,46269C102,7.4826,388497,19622983.47
2022-12-12,ARKX,AVAV US Equity,AVAV,008073108,6.852,218791,17969304.83
2022-12-12,ARKX,LHX US Equity,LHX,502431109,6.0641,73786,15903096.58
2022-12-12,ARKX,KTOS US Equity,KTOS,50077B207,6.0246,1743861,15799380.66
2022-12-12,ARKX,PRNT US Equity,PRNT,00214Q500,5.9581,731691,15625114.97
2022-12-12,ARKX,6301 JP Equity,6301,,4.85,559988,12719086.65
2022-12-12,ARKX,DE US Equity,DE,244199105,4.0303,24308,10569361.48
2022-12-12,ARKX,SRTA US Equity,SRTA,092667104,3.4178,1836692,8963056.96
2022-12-12,ARKX,TER US Equity,TER,880770102,3.2641,92631,8560030.71
2022-12-12,ARKX,2618 HK Equity,2618,,3.1718,3981826,8318065
2022-12-12,ARKX,DSY FP Equity,DSY,,3.1163,223106,8172471.31
2022-12-12,ARKX,PATH US Equity,PATH,90364P105,2.9067,588637,7622849.15
2022-12-12,ARKX,HO FP Equity,HO,,2.1349,44305,5598660.52
2022-12-12,ARKX,AMZN US Equity,AMZN,023135106,2.0013,58910,5248291.9
2022-12-12,ARKX,GOOG US Equity,GOOG,02079K107,1.9988,56322,5241888.54
2022-12-12,ARKX,GRMN US Equity,GRMN,,1.9704,54375,5167256.25
2022-12-12,ARKX,HON US Equity,HON,438516106,1.8451,22864,4838708.32
2022-12-12,ARKX,ESLT IT Equity,ESLT,,1.8116,27735,4751005.5
2022-12-12,ARKX,DDD US Equity,DDD,88554D205,1.8011,510098,4723507.48
2022-12-12,ARKX,SPR US Equity,SPR,848574109,1.7238,163081,4520605.32
2022-12-12,ARKX,JOBY US Equity,JOBY,,1.6577,1238536,4347261.36
2022-12-12,ARKX,VELO US Equity,VELO,92259N302,1.564,4133.6,4101564.6
2022-12-12,ARKX,U US Equity,U,91332U101,1.5234,117748,3995189.64
2022-12-12,ARKX,ACHR US Equity,ACHR,03945R102,1.5226,1865903,3993032.42
2022-12-12,ARKX,AIR FP Equity,AIR,,1.4468,32275,3794339.84
2022-12-12,ARKX,LMT US Equity,LMT,539830109,1.3653,7404,3580426.32
2022-12-12,ARKX,TDY US Equity,TDY,879360105,1.2919,8351,3387917.19
2022-12-12,ARKX,HEI US Equity,HEI,422806109,1.2774,21333,3349920.99
2022-12-12,ARKX,SNPS US Equity,SNPS,871607107,1.1951,9621,3134040.75
2022-12-12,ARKX,RKLB US Equity,RKLB,773121108,1.0752,704897,2819588
2022-12-12,ARKX,MKFG US Equity,MKFG,57064N201,1.0106,275054.1,2650421.31
2022-12-12,ARKX,ANSS US Equity,ANSS,03662Q105,0.9893,10712,2594553.52
2022-12-12,ARKX,MYNAY US Equity,MYNAY,62857X101,0.9029,648762,2367981.3
2022-12-12,ARKX,PRLB US Equity,PRLB,743713109,0.2619,27527,686798.65
2022-12-12,ARKX,SSYS US Equity,SSYS,,0.1941,40525,508994
2022-12-12,ARKX,DGCXX US Equity,DGCXX,262006208,0.1392,364985.43,364985.43
2022-12-12,ARKX,USD Curncy,USD,,0,0,0
2022-12-12,ARKX,EUR Curncy,EUR,,0,0,0
